Transaction,Type,Credit Line,Input Currency,Input Amount,Output Currency,Output Amount,USD Equivalent,Fee,Fee Currency,Details,Date / Time (UTC)
NXTBDOAxcrs06VkYVlL6uSpG5lK6gW,Transfer In,,ETH,0.67507257,ETH,0.67507257,$2025.22,-,-,"approved / Transfer from Credit Line Wallet to Savings Wallet",2026-09-07 00:00:00
NXTypn1OgtBlXIiiELdIP7MS3xPGj,Interest,,BTC,0.00023747,BTC,0.00023747,$17.95,-,-,"approved / BTC Interest Earned",2026-08-29 06:00:00
NXTKnH3ltRzUcu5lNNYI11t7c,Interest,,ETH,0.00378714,ETH,0.00378714,$13.14,-,-,"approved / ETH Interest Earned",2026-08-29 06:00:00
NXTqE7KIDMDrV4Nw3fRIw4B51Vxls,Interest,,NEXO,1.98545746,NEXO,1.98545746,$1.85,-,-,"approved / NEXO Interest Earned",2026-08-29 06:00:00
NXThQofCpO4bfGC9B08WCeb,Interest,,XRP,0.34137667,XRP,0.34137667,$0.77,-,-,"approved / XRP Interest Earned",2026-08-29 06:00:00
NXToMVsYt89KmRm5fvwjfTBkuMt5bJ,Interest,,LINK,0.20464501,LINK,0.20464501,$4.97,-,-,"approved / LINK Interest Earned",2026-08-29 06:00:00
NXTk6x6GUNoO0hUr9KlLvBhPu,Interest,,DOGE,4.65099311,DOGE,4.65099311,$1.75,-,-,"approved / DOGE Interest Earned",2026-08-29 06:00:00
NXTVO7YjTwMWOqdZAhsXWUXZ6xJvdq3,Interest,,SOL,0.03765908,SOL,0.03765908,$5.02,-,-,"approved / SOL Interest Earned",2026-08-29 06:00:00
NXTFyahUQKB6ND8i6xDPlmYgb,Interest,,ADA,0.62270213,ADA,0.62270213,$0.55,-,-,"approved / ADA Interest Earned",2026-08-29 06:00:00
NXTT6mmXupCVreLwSg7QzUNWxh,Transfer In,,ETH,0.72347426,ETH,0.72347426,$2170.42,-,-,"approved / Transfer from Credit Line Wallet to Savings Wallet",2026-08-29 00:00:00
NXTdb8pAyMptX3FHY0XcScMk1xXpqz6w,Interest,,BTC,0.00040606,BTC,0.00040606,$26.95,-,-,"approved / BTC Interest Earned",2026-08-28 06:00:00
NXTgKytEfqV3drVNhaMaAhRInwAy,Interest,,ETH,0.00131848,ETH,0.00131848,$3.47,-,-,"approved / ETH Interest Earned",2026-08-28 06:00:00
NXTJfqG3drV7z70wd52jRz70ht7Qpxg,Interest,,NEXO,1.49261106,NEXO,1.49261106,$1.76,-,-,"approved / NEXO Interest Earned",2026-08-28 06:00:00
NXTcVwxlnWG02zniGjQxdhtDOxLT,Interest,,XRP,0.26811757,XRP,0.26811757,$0.22,-,-,"approved / XRP Interest Earned",2026-08-28 06:00:00
NXTW3QOXKCtsqxBWDoew9EndTXA1DB7C,Interest,,LINK,0.18358038,LINK,0.18358038,$2.24,-,-,"approved / LINK Interest Earned",2026-08-28 06:00:00
NXTyXZETkEAdT2hpbp68aFPBckg5nK2Aj,Interest,,DOGE,0.78570225,DOGE,0.78570225,$0.12,-,-,"approved / DOGE Interest Earned",2026-08-28 06:00:00
NXTdUuPoRw4GwmOiqRHWE9AZmS,Interest,,SOL,0.02568684,SOL,0.02568684,$2.63,-,-,"approved / SOL Interest Earned",2026-08-28 06:00:00
NXTU8U94RuZttPM0sxNncwAiu6ywdmq9,Interest,,ADA,0.82923742,ADA,0.82923742,$0.46,-,-,"approved / ADA Interest Earned",2026-08-28 06:00:00
NXTaXuBEbxPTBhn5X4AT5eLfir,Interest,,BTC,0.00021306,BTC,0.00021306,$18.89,-,-,"approved / BTC Interest Earned",2026-08-27 06:00:00
NXThqnPL2zzJoSWKXQta3VI8mPeqn,Interest,,ETH,0.00220559,ETH,0.00220559,$5.53,-,-,"approved / ETH Interest Earned",2026-08-27 06:00:00
NXTagbxxbtX5TnzsTXBjQlNhc,Interest,,NEXO,1.31337199,NEXO,1.31337199,$1.14,-,-,"approved / NEXO Interest Earned",2026-08-27 06:00:00
NXTj7ldcQYqEf5mrXB7LtGuE2fI,Interest,,XRP,0.13267597,XRP,0.13267597,$0.16,-,-,"approved / XRP Interest Earned",2026-08-27 06:00:00
NXTCcDlLSmlXmhrjoRtWsQlaQpGgHj,Interest,,LINK,0.28508439,LINK,0.28508439,$2.15,-,-,"approved / LINK Interest Earned",2026-08-27 06:00:00
NXTDaXzPO5TeSAF6c2YeRqQXq,Interest,,DOGE,3.54754591,DOGE,3.54754591,$0.97,-,-,"approved / DOGE Interest Earned",2026-08-27 06:00:00
NXTIhUIIOFSkzTSsh8Y1yDgb3GGqJLxL,Interest,,SOL,0.02697819,SOL,0.02697819,$6.70,-,-,"approved / SOL Interest Earned",2026-08-27 06:00:00
NXTxVYtuleJUx5Q5N4icxcN4kt24oNDPi,Interest,,ADA,0.71973138,ADA,0.71973138,$0.42,-,-,"approved / ADA Interest Earned",2026-08-27 06:00:00
NXTIzLUxzLmJNlAvv5mOUtK,Interest,,BTC,0.00049362,BTC,0.00049362,$38.41,-,-,"approved / BTC Interest Earned",2026-08-26 06:00:00
NXTP9o2yR2W4MI03i9WpCWLmAnmPV3,Interest,,ETH,0.00378538,ETH,0.00378538,$12.43,-,-,"approved / ETH Interest Earned",2026-08-26 06:00:00
NXTCjJxPpihqv8vhE4b92YIgFNZ,Interest,,NEXO,1.62627124,NEXO,1.62627124,$1.72,-,-,"approved / NEXO Interest Earned",2026-08-26 06:00:00
NXTfUef5pC7iq52mGa2EbXw,Interest,,XRP,0.39208377,XRP,0.39208377,$0.28,-,-,"approved / XRP Interest Earned",2026-08-26 06:00:00
NXTEpmU4Zg1KyKrVWl1m46rHhE,Interest,,LINK,0.44476514,LINK,0.44476514,$9.50,-,-,"approved / LINK Interest Earned",2026-08-26 06:00:00
NXTBpZQdVpXwWTbDVYoporyPGry5ty,Interest,,DOGE,1.24573326,DOGE,1.24573326,$0.31,-,-,"approved / DOGE Interest Earned",2026-08-26 06:00:00
NXTmFKQs0E15Dpk7dZHsGIJ2JHPEmXOAY,Interest,,SOL,0.04497550,SOL,0.04497550,$2.48,-,-,"approved / SOL Interest Earned",2026-08-26 06:00:00
NXTFTDP3tQUul5TehYjQNkpDO,Interest,,ADA,0.46185861,ADA,0.46185861,$0.36,-,-,"approved / ADA Interest Earned",2026-08-26 06:00:00
NXTeer4ATfH58I41FeJugXy,Interest,,BTC,0.00009621,BTC,0.00009621,$6.46,-,-,"approved / BTC Interest Earned",2026-08-25 06:00:00
NXTmZWvTMCdybCjoGmKDzMf,Interest,,ETH,0.00323726,ETH,0.00323726,$6.04,-,-,"approved / ETH Interest Earned",2026-08-25 06:00:00
NXTGHovI44V1Fo8A3wDApISf,Interest,,NEXO,0.31008659,NEXO,0.31008659,$0.44,-,-,"approved / NEXO Interest Earned",2026-08-25 06:00:00
NXTwHezEsiSwfKYCzuSjzBgqq,Interest,,XRP,0.15739706,XRP,0.15739706,$0.16,-,-,"approved / XRP Interest Earned",2026-08-25 06:00:00
NXT1jSUIP3YEpQlIJQjOFeilzKSH,Interest,,LINK,0.15545496,LINK,0.15545496,$2.44,-,-,"approved / LINK Interest Earned",2026-08-25 06:00:00
NXTCETYm8tavDp5R2bY6lKGFzaqbrKF,Interest,,DOGE,4.50844268,DOGE,4.50844268,$0.54,-,-,"approved / DOGE Interest Earned",2026-08-25 06:00:00
NXTo1GysPpXdsKyVci1OxazcImmZl,Interest,,SOL,0.02668912,SOL,0.02668912,$6.60,-,-,"approved / SOL Interest Earned",2026-08-25 06:00:00
NXTWt6xSx4daIj6IGnina0X,Interest,,ADA,1.51866796,ADA,1.51866796,$1.01,-,-,"approved / ADA Interest Earned",2026-08-25 06:00:00
NXTnJSNUt1P6CFI2pp3khFhrOQ8gMR,Interest,,BTC,0.00019212,BTC,0.00019212,$18.09,-,-,"approved / BTC Interest Earned",2026-08-24 06:00:00
NXTv7zGkYDqv5KIBA1G0uCSXimdbG6,Interest,,ETH,0.00352499,ETH,0.00352499,$12.51,-,-,"approved / ETH Interest Earned",2026-08-24 06:00:00
NXTEwAAdYmBP8Xpfk2d2aI9CRmrG53C,Interest,,NEXO,0.52497390,NEXO,0.52497390,$0.75,-,-,"approved / NEXO Interest Earned",2026-08-24 06:00:00
NXTZvy6tzTRPQHJvt2UzXxzba8,Interest,,XRP,0.26317165,XRP,0.26317165,$0.53,-,-,"approved / XRP Interest Earned",2026-08-24 06:00:00
NXTD2UTbT2NniL3IqogNGDXCk7,Interest,,LINK,0.44546186,LINK,0.44546186,$4.45,-,-,"approved / LINK Interest Earned",2026-08-24 06:00:00
NXTfM2AyuGpKhfuqX1oFdkuV2fcN,Interest,,DOGE,1.70466188,DOGE,1.70466188,$0.63,-,-,"approved / DOGE Interest Earned",2026-08-24 06:00:00
NXTEfvpT8NzpAWu5QDi91Siy35aW0aJgU,Interest,,SOL,0.02926547,SOL,0.02926547,$1.65,-,-,"approved / SOL Interest Earned",2026-08-24 06:00:00
NXTznlYmmTPoBERDffFj1aUavYLW0,Interest,,ADA,1.00314352,ADA,1.00314352,$0.85,-,-,"approved / ADA Interest Earned",2026-08-24 06:00:00
NXTGvPOj5P97QLt1ql4HrEhMVkVbgEUYX,Interest,,BTC,0.00015797,BTC,0.00015797,$12.62,-,-,"approved / BTC Interest Earned",2026-08-23 06:00:00
NXT5eU78LISVCoUnHLtGQ9pt5sERT5C,Interest,,ETH,0.00436008,ETH,0.00436008,$9.26,-,-,"approved / ETH Interest Earned",2026-08-23 06:00:00
NXTJZpxyxuHDU19yxyYFySq,Interest,,NEXO,0.27351236,NEXO,0.27351236,$0.28,-,-,"approved / NEXO Interest Earned",2026-08-23 06:00:00
NXT5LX0DTsAGlCQwUEtwuo8PgJIyzS6B,Interest,,XRP,0.20866715,XRP,0.20866715,$0.32,-,-,"approved / XRP Interest Earned",2026-08-23 06:00:00
NXT7ClbVUqmFv3blJF9Luuc,Interest,,LINK,0.32321831,LINK,0.32321831,$6.06,-,-,"approved / LINK Interest Earned",2026-08-23 06:00:00
NXTZFfXmEjGCMOFpesPLnLXiyh14L,Interest,,DOGE,1.29495980,DOGE,1.29495980,$0.11,-,-,"approved / DOGE Interest Earned",2026-08-23 06:00:00
NXTrRBXWT0UHdUDw6Df5rkyZT,Interest,,SOL,0.01763406,SOL,0.01763406,$3.38,-,-,"approved / SOL Interest Earned",2026-08-23 06:00:00
NXTro49CXGwpVhxWECBbi5cgwFB,Interest,,ADA,0.93014219,ADA,0.93014219,$0.58,-,-,"approved / ADA Interest Earned",2026-08-23 06:00:00
NXTxm6P2xI1f0pLz4NcW70yHPbe4mlWa,Interest,,BTC,0.00020650,BTC,0.00020650,$12.57,-,-,"approved / BTC Interest Earned",2026-08-22 06:00:00
NXTdISKO8L5dhvVt7yzPKgEm,Interest,,ETH,0.00210884,ETH,0.00210884,$5.50,-,-,"approved / ETH Interest Earned",2026-08-22 06:00:00
NXT84zNaquxnJZdvVKzPqVoJ2iUq,Interest,,NEXO,1.85348103,NEXO,1.85348103,$2.72,-,-,"approved / NEXO Interest Earned",2026-08-22 06:00:00
NXTD2zeRhsj8XTORhbPkDzAo4hVbQp1,Interest,,XRP,0.13367601,XRP,0.13367601,$0.33,-,-,"approved / XRP Interest Earned",2026-08-22 06:00:00
NXTFRELmDSSf2gB0Gh2HZXAis,Interest,,LINK,0.06513144,LINK,0.06513144,$0.88,-,-,"approved / LINK Interest Earned",2026-08-22 06:00:00
NXTqvghefgsFMR4Jugxpb0VX7E4hI8Kl,Interest,,DOGE,1.39189215,DOGE,1.39189215,$0.45,-,-,"approved / DOGE Interest Earned",2026-08-22 06:00:00
NXT4SFpBVStfqlApp4JkNy6TMcJC,Interest,,SOL,0.04274508,SOL,0.04274508,$4.93,-,-,"approved / SOL Interest Earned",2026-08-22 06:00:00
NXThq2Vou4pGcNLPyfiduyxgZ7,Interest,,ADA,1.50230305,ADA,1.50230305,$1.19,-,-,"approved / ADA Interest Earned",2026-08-22 06:00:00
NXTc68C3UefBkWWngSTDabQD5wUPSK0qD,Interest,,BTC,0.00030458,BTC,0.00030458,$18.95,-,-,"approved / BTC Interest Earned",2026-08-21 06:00:00
NXTSvUgCyrwIdfU10drCd4rjKPSx2weZJ,Interest,,ETH,0.00418535,ETH,0.00418535,$16.82,-,-,"approved / ETH Interest Earned",2026-08-21 06:00:00
NXTT6BDx4A5veQR2VboDYDAwBoyrL5lA,Interest,,NEXO,0.96647411,NEXO,0.96647411,$0.99,-,-,"approved / NEXO Interest Earned",2026-08-21 06:00:00
NXTHfse6UvLR9lXeXZ2U2Y0xlgID3pg7,Interest,,XRP,0.41459433,XRP,0.41459433,$0.69,-,-,"approved / XRP Interest Earned",2026-08-21 06:00:00
NXTbAQNrwFtmc6TkYFQgdKrxlI9H0,Interest,,LINK,0.34271313,LINK,0.34271313,$6.44,-,-,"approved / LINK Interest Earned",2026-08-21 06:00:00
NXT576gNBEgwrKXUTC48AySCeE,Interest,,DOGE,2.64385927,DOGE,2.64385927,$0.96,-,-,"approved / DOGE Interest Earned",2026-08-21 06:00:00
NXTQq9dKGXegkXQWTI5hPvT4fMNpcaSd,Interest,,SOL,0.04499968,SOL,0.04499968,$10.03,-,-,"approved / SOL Interest Earned",2026-08-21 06:00:00
NXTwtG9XkD6QeiJrpkepNOAdTX0t,Interest,,ADA,1.19936217,ADA,1.19936217,$0.97,-,-,"approved / ADA Interest Earned",2026-08-21 06:00:00
NXT2gDl4578KOdZ8vkL1B2reg52,Interest,,BTC,0.00007028,BTC,0.00007028,$4.82,-,-,"approved / BTC Interest Earned",2026-08-20 06:00:00
NXTN3TSexFZpvigB4FUqZMM2Pcxve0LAE,Interest,,ETH,0.00348239,ETH,0.00348239,$12.75,-,-,"approved / ETH Interest Earned",2026-08-20 06:00:00
NXTUbg5bSP3p6RFwbPxBAzITUY9,Interest,,NEXO,1.03960262,NEXO,1.03960262,$1.21,-,-,"approved / NEXO Interest Earned",2026-08-20 06:00:00
NXTlMzhzu4dUii3daIqDc0fXofdZqTcm,Interest,,XRP,0.47306819,XRP,0.47306819,$0.46,-,-,"approved / XRP Interest Earned",2026-08-20 06:00:00
NXTF8LbswoMhfYgQrOc7UD29jATE,Interest,,LINK,0.25196409,LINK,0.25196409,$2.57,-,-,"approved / LINK Interest Earned",2026-08-20 06:00:00
NXTV3lHotQH94484qb2HOL6FPaz,Interest,,DOGE,2.48274344,DOGE,2.48274344,$0.41,-,-,"approved / DOGE Interest Earned",2026-08-20 06:00:00
NXTVJvD1enBffhbNTnkC2QXN5sW,Interest,,SOL,0.03136123,SOL,0.03136123,$2.31,-,-,"approved / SOL Interest Earned",2026-08-20 06:00:00
NXTGfsF50tj0PaqGC1vQ1URFQA7,Interest,,ADA,0.53530096,ADA,0.53530096,$0.53,-,-,"approved / ADA Interest Earned",2026-08-20 06:00:00
NXT34f9ZVvc50tZxPfLzeDyVW1,Interest,,BTC,0.00006584,BTC,0.00006584,$4.22,-,-,"approved / BTC Interest Earned",2026-08-19 06:00:00
NXTbog9GcfT9RNt3A0ZF85Fytmi,Interest,,ETH,0.00446330,ETH,0.00446330,$12.90,-,-,"approved / ETH Interest Earned",2026-08-19 06:00:00
NXTElXfAHMQgrBGrz6HoH5O1Qe5suQ,Interest,,NEXO,1.60434322,NEXO,1.60434322,$1.31,-,-,"approved / NEXO Interest Earned",2026-08-19 06:00:00
NXTwjqgWJqhYT6xV6tkZJa19l,Interest,,XRP,0.49186293,XRP,0.49186293,$1.11,-,-,"approved / XRP Interest Earned",2026-08-19 06:00:00
NXTkr0p2mPVOmCDrhBSJ12dV4LPN,Interest,,LINK,0.48969446,LINK,0.48969446,$4.41,-,-,"approved / LINK Interest Earned",2026-08-19 06:00:00
NXTbJDL7GrTwsRSaGzoNXFeGo,Interest,,DOGE,2.14131994,DOGE,2.14131994,$0.82,-,-,"approved / DOGE Interest Earned",2026-08-19 06:00:00
NXTulBA9GWJYycLSNJEiIpZ3mIPRLidI,Interest,,SOL,0.04491542,SOL,0.04491542,$2.17,-,-,"approved / SOL Interest Earned",2026-08-19 06:00:00
NXTyaEiYNkF7HWGfvgyYPIzLV31mpb,Interest,,ADA,1.91551056,ADA,1.91551056,$1.18,-,-,"approved / ADA Interest Earned",2026-08-19 06:00:00
NXTf5NcBi6OPM0AKg7cg1h0mtY,Interest,,BTC,0.00021791,BTC,0.00021791,$14.04,-,-,"approved / BTC Interest Earned",2026-08-18 06:00:00
NXTx3bQpfGY8RcPbIJIkiUi4,Interest,,ETH,0.00063868,ETH,0.00063868,$2.08,-,-,"approved / ETH Interest Earned",2026-08-18 06:00:00
NXTzvsqV2eC1IgjkWOkgBpV,Interest,,NEXO,1.30343100,NEXO,1.30343100,$1.65,-,-,"approved / NEXO Interest Earned",2026-08-18 06:00:00
NXTrt8sON1S0nmfp7CvLs7OwXHgtMUgt,Interest,,XRP,0.06966496,XRP,0.06966496,$0.06,-,-,"approved / XRP Interest Earned",2026-08-18 06:00:00
NXTxwfoyvPo0ziaNZJgZ2iwuVX,Interest,,LINK,0.18991353,LINK,0.18991353,$4.07,-,-,"approved / LINK Interest Earned",2026-08-18 06:00:00
NXTgQsIo81CF4P9nXOzRgTM,Interest,,DOGE,0.64014941,DOGE,0.64014941,$0.05,-,-,"approved / DOGE Interest Earned",2026-08-18 06:00:00
NXTmVWeYBrlNp7iedKSXRjq1gRLWW,Interest,,SOL,0.00427737,SOL,0.00427737,$0.94,-,-,"approved / SOL Interest Earned",2026-08-18 06:00:00
NXTVWTzktQISmPbdlFK2blquH,Interest,,ADA,0.64001229,ADA,0.64001229,$0.26,-,-,"approved / ADA Interest Earned",2026-08-18 06:00:00
NXTSV1Jcc0sCws0dyzrWj5z9,Interest,,BTC,0.00007130,BTC,0.00007130,$4.96,-,-,"approved / BTC Interest Earned",2026-08-17 06:00:00
NXTkk1xl0HjIMAV73XuD9MZKZAFL7rG,Interest,,ETH,0.00483372,ETH,0.00483372,$10.26,-,-,"approved / ETH Interest Earned",2026-08-17 06:00:00
NXTPAJmjpwS2hjjEa7JOnvoOTno,Interest,,NEXO,1.55713023,NEXO,1.55713023,$1.71,-,-,"approved / NEXO Interest Earned",2026-08-17 06:00:00
NXTeZkD65AU0O4naWShG8Gb,Interest,,XRP,0.13404305,XRP,0.13404305,$0.27,-,-,"approved / XRP Interest Earned",2026-08-17 06:00:00
NXTO633ueGZTpnwMeAQT0TNPle,Interest,,LINK,0.19138746,LINK,0.19138746,$4.31,-,-,"approved / LINK Interest Earned",2026-08-17 06:00:00
NXTbvDkuwQl5LXILyyUIaAobD7,Interest,,DOGE,2.82549837,DOGE,2.82549837,$0.74,-,-,"approved / DOGE Interest Earned",2026-08-17 06:00:00
NXTVQpZ0oj4gH9zZ8MqXkZCJ8,Interest,,SOL,0.04827965,SOL,0.04827965,$2.09,-,-,"approved / SOL Interest Earned",2026-08-17 06:00:00
NXTaEx9TVPYQOGDybBdKUwRC,Interest,,ADA,0.72176589,ADA,0.72176589,$0.57,-,-,"approved / ADA Interest Earned",2026-08-17 06:00:00
NXT1TXPJJb3jqIfHoVDMfSYb,Fixed Term Interest,,NEXO,50.87323073,NEXO,50.87323073,$55.57,-,-,"approved / Term Deposit Interest",2026-08-17 05:00:00
NXTZREP5GmB29vk0ISAQqpOpIJzo,Interest,,BTC,0.00014800,BTC,0.00014800,$12.25,-,-,"approved / BTC Interest Earned",2026-08-16 06:00:00
NXTg3Gtf737a3iPWbbURPi6w,Interest,,ETH,0.00268027,ETH,0.00268027,$6.66,-,-,"approved / ETH Interest Earned",2026-08-16 06:00:00
NXT1EwiqDqi9cPAyABy4DVb,Interest,,NEXO,1.75850008,NEXO,1.75850008,$1.83,-,-,"approved / NEXO Interest Earned",2026-08-16 06:00:00
NXTQj2l1WG7M8rxr2JODphd,Interest,,XRP,0.36594166,XRP,0.36594166,$0.37,-,-,"approved / XRP Interest Earned",2026-08-16 06:00:00
NXTbU73auQq1MN6T2k5h3OCWBY,Interest,,LINK,0.23393347,LINK,0.23393347,$5.58,-,-,"approved / LINK Interest Earned",2026-08-16 06:00:00
NXTq4gXcYiSpTJpWFy0eOtdYqm,Interest,,DOGE,1.43827705,DOGE,1.43827705,$0.21,-,-,"approved / DOGE Interest Earned",2026-08-16 06:00:00
NXTPPvLKl5nTCwlS61vw3vT5hiNWr,Interest,,SOL,0.02985714,SOL,0.02985714,$1.61,-,-,"approved / SOL Interest Earned",2026-08-16 06:00:00
NXTFGUVrjuGsK1eVFIlFkKqwqpsA,Interest,,ADA,1.64973537,ADA,1.64973537,$1.07,-,-,"approved / ADA Interest Earned",2026-08-16 06:00:00
NXTJhbCu6kCQJkW8a5mISNDQWD1YgI,Credit Card Withdrawal Credit,Card,xUSD,-75.02000000,xUSD,75.02000000,$75.02,-,-,"authorized / Nexo Card Loan Withdrawal",2026-08-16 00:00:00
NXTPEkNzeaO5KpdW4MYUg4r3CNGsZ,Exchange Credit,Card,xUSD,-75.02000000,EURX,70.44000000,$75.02,-,-,"authorized / Nexo Card Loan Withdrawal",2026-08-16 00:00:00
NXTNE8ilpt3mDsuN60lsN7jVmHIHgKQLr,Nexo Card Purchase,Card,xUSD,-75.02000000,EURX,70.44000000,$75.02,-,-,"approved / ZALANDO SE | BERLIN",2026-08-16 00:00:00
NXTShAUgecbzURAvbUtXgTA,Cashback,,NEXO,0.31283495,NEXO,0.31283495,$0.38,-,-,"approved / ZALANDO SE | BERLIN",2026-08-16 00:00:00
NXTGA1X0UFksEl54BSiOcF8VZG5,Interest,,BTC,0.00032406,BTC,0.00032406,$22.59,-,-,"approved / BTC Interest Earned",2026-08-15 06:00:00
NXT4aNiUIfJreyRJzMKrHPDPLSJtxd0O,Interest,,ETH,0.00180912,ETH,0.00180912,$5.95,-,-,"approved / ETH Interest Earned",2026-08-15 06:00:00
NXTw2u2rrKQOesKGZbabhcLkTc,Interest,,NEXO,1.75138575,NEXO,1.75138575,$1.43,-,-,"approved / NEXO Interest Earned",2026-08-15 06:00:00
NXT0Dah3X0FlEYYv044EMsXvuI,Interest,,XRP,0.35541255,XRP,0.35541255,$0.31,-,-,"approved / XRP Interest Earned",2026-08-15 06:00:00
NXTLHsYmEtP0xjQ8yUXwnHBKTurUB,Interest,,LINK,0.08589226,LINK,0.08589226,$1.73,-,-,"approved / LINK Interest Earned",2026-08-15 06:00:00
NXTXIxRKR6bhWpyrjZ6a1Fq,Interest,,DOGE,1.35855743,DOGE,1.35855743,$0.32,-,-,"approved / DOGE Interest Earned",2026-08-15 06:00:00
NXTawyEUiGHeG6yWVFSkgkKA,Interest,,SOL,0.02877146,SOL,0.02877146,$5.68,-,-,"approved / SOL Interest Earned",2026-08-15 06:00:00
NXTV27pQFBZqfLY18PLYRSUCY,Interest,,ADA,1.32419538,ADA,1.32419538,$0.95,-,-,"approved / ADA Interest Earned",2026-08-15 06:00:00
NXT0XMxIf2Saywx3bWu9nyzA,Interest,,BTC,0.00036599,BTC,0.00036599,$23.56,-,-,"approved / BTC Interest Earned",2026-08-14 06:00:00
NXTKzfYw2GNK2OQbxIjLLj8tBlG,Interest,,ETH,0.00473508,ETH,0.00473508,$14.52,-,-,"approved / ETH Interest Earned",2026-08-14 06:00:00
NXTKH0K5g0DpdeEdkznq7ks5AqfW3gIAN,Interest,,NEXO,0.61410686,NEXO,0.61410686,$0.74,-,-,"approved / NEXO Interest Earned",2026-08-14 06:00:00
NXTpFUaCpIuyrIfYjrFWnWI3,Interest,,XRP,0.09265642,XRP,0.09265642,$0.12,-,-,"approved / XRP Interest Earned",2026-08-14 06:00:00
NXTO0pJHYGLtG0iUFMPC6Cx,Interest,,LINK,0.39763495,LINK,0.39763495,$7.89,-,-,"approved / LINK Interest Earned",2026-08-14 06:00:00
NXTOGrKcmTQ7xgXPuOgPDAG,Interest,,DOGE,0.61942501,DOGE,0.61942501,$0.14,-,-,"approved / DOGE Interest Earned",2026-08-14 06:00:00
NXTh3J3I1dujc1Wklwj0wGduCdP5qwdKh,Interest,,SOL,0.03383890,SOL,0.03383890,$7.68,-,-,"approved / SOL Interest Earned",2026-08-14 06:00:00
NXTsdwa3MGfAxtVJupb3nWdZhwq6,Interest,,ADA,1.08058079,ADA,1.08058079,$0.84,-,-,"approved / ADA Interest Earned",2026-08-14 06:00:00
NXTJruaMwJyHGChovbQQ9qmy5G,Interest,,BTC,0.00023131,BTC,0.00023131,$14.13,-,-,"approved / BTC Interest Earned",2026-08-13 06:00:00
NXTk5LA3lgkQ75BHnCIa4FAcPj,Interest,,ETH,0.00337627,ETH,0.00337627,$6.66,-,-,"approved / ETH Interest Earned",2026-08-13 06:00:00
NXTFQTyeKtohbfAzOH54BG0Xi,Interest,,NEXO,1.34276780,NEXO,1.34276780,$1.38,-,-,"approved / NEXO Interest Earned",2026-08-13 06:00:00
NXTXVKXSL9ngiO0hWwpUab4AzvY5Yerv6,Interest,,XRP,0.22387675,XRP,0.22387675,$0.26,-,-,"approved / XRP Interest Earned",2026-08-13 06:00:00
NXTeYQsZylUnXsmAoe3Av2XZUgWb7rL,Interest,,LINK,0.18144593,LINK,0.18144593,$3.23,-,-,"approved / LINK Interest Earned",2026-08-13 06:00:00
NXTn8OKzrarft9YnueNqAz92bHfp,Interest,,DOGE,0.53543243,DOGE,0.53543243,$0.17,-,-,"approved / DOGE Interest Earned",2026-08-13 06:00:00
NXTTEWTkU2ujt74oqI8Nw1JF8l,Interest,,SOL,0.04647792,SOL,0.04647792,$8.23,-,-,"approved / SOL Interest Earned",2026-08-13 06:00:00
NXTHCxKLaIVtXyZ2dj6VvVBYDu8DOwX,Interest,,ADA,1.17896412,ADA,1.17896412,$0.44,-,-,"approved / ADA Interest Earned",2026-08-13 06:00:00
NXTJq508i1ZeDWfC9XvN7xW,Interest,,BTC,0.00004850,BTC,0.00004850,$3.33,-,-,"approved / BTC Interest Earned",2026-08-12 06:00:00
NXT8xMrxiTMBkNrE1fLBgd2U,Interest,,ETH,0.00157861,ETH,0.00157861,$2.90,-,-,"approved / ETH Interest Earned",2026-08-12 06:00:00
NXT20FZy9czZAmpT6VL5M5CYf1B,Interest,,NEXO,1.27191798,NEXO,1.27191798,$1.79,-,-,"approved / NEXO Interest Earned",2026-08-12 06:00:00
NXTaU5kQbim7IfcL8Tw3nty41TBlhzPxZ,Interest,,XRP,0.07046891,XRP,0.07046891,$0.10,-,-,"approved / XRP Interest Earned",2026-08-12 06:00:00
NXTJDrP9QBUTBX8uG8Nt63W517MyGO6k,Interest,,LINK,0.37657877,LINK,0.37657877,$5.30,-,-,"approved / LINK Interest Earned",2026-08-12 06:00:00
NXTHKB6FMBuK4lPDzOp0RrctEFGJ,Interest,,DOGE,2.59501046,DOGE,2.59501046,$0.35,-,-,"approved / DOGE Interest Earned",2026-08-12 06:00:00
NXTYp8yDmEe5ypGW5qcUlFMElo6,Interest,,SOL,0.03368448,SOL,0.03368448,$8.06,-,-,"approved / SOL Interest Earned",2026-08-12 06:00:00
NXTEs897jzkMVm0PEU43wHvO2kE,Interest,,ADA,1.44532648,ADA,1.44532648,$0.75,-,-,"approved / ADA Interest Earned",2026-08-12 06:00:00
NXTMDhcuuqmENDohtpfvKJihZR,Exchange Cashback,,EURX,3.47101809,EURX,3.47101809,$4.11,-,-,"approved / 1 % on top of your Exchange transaction",2026-08-12 00:00:00
NXTggA8Fqn1EuR9IZYGdjyoNmMz,Interest,,BTC,0.00005464,BTC,0.00005464,$4.56,-,-,"approved / BTC Interest Earned",2026-08-11 06:00:00
NXTacMysmLtGbH2g7DsTCVj,Interest,,ETH,0.00087246,ETH,0.00087246,$3.12,-,-,"approved / ETH Interest Earned",2026-08-11 06:00:00
NXTYKyBMeZCGvNrrfDVdAkenvhCLe5V,Interest,,NEXO,0.55816318,NEXO,0.55816318,$0.46,-,-,"approved / NEXO Interest Earned",2026-08-11 06:00:00
NXTWXzXsZIAirdc2hTiwKfmjSPg,Interest,,XRP,0.28181265,XRP,0.28181265,$0.70,-,-,"approved / XRP Interest Earned",2026-08-11 06:00:00
NXTuGRtRakbmJk6zmE20VYpGPQqLQMY9,Interest,,LINK,0.17751619,LINK,0.17751619,$2.60,-,-,"approved / LINK Interest Earned",2026-08-11 06:00:00
NXTJngNf4Y7PKJauD347Fz0L,Interest,,DOGE,2.63445535,DOGE,2.63445535,$0.58,-,-,"approved / DOGE Interest Earned",2026-08-11 06:00:00
NXTtTqOYznqdAp2omVme8HqHLFmHEOG,Interest,,SOL,0.02540863,SOL,0.02540863,$2.89,-,-,"approved / SOL Interest Earned",2026-08-11 06:00:00
NXTVETMXXQsVW1NL5CbAWT7dVr7,Interest,,ADA,0.48214987,ADA,0.48214987,$0.51,-,-,"approved / ADA Interest Earned",2026-08-11 06:00:00
NXTfe1J1ectTDZvZcWD1fAT,Exchange,,ETH,-0.14767522,NEXO,402.75060080,$443.03,0.00052249,ETH,"approved / Exchange ETH to NEXO",2026-08-11 00:00:00
NXTMlPysEpUffcql15dfVMpGvpbdim,Interest,,BTC,0.00021469,BTC,0.00021469,$16.76,-,-,"approved / BTC Interest Earned",2026-08-10 06:00:00
NXT0NNcOq8JeJTSphBsMb6qLQt0S,Interest,,ETH,0.00055664,ETH,0.00055664,$2.01,-,-,"approved / ETH Interest Earned",2026-08-10 06:00:00
NXTlw41zPaISI8vMXMyHdQAr,Interest,,NEXO,0.70198455,NEXO,0.70198455,$0.82,-,-,"approved / NEXO Interest Earned",2026-08-10 06:00:00
NXTEcD3BZ1k0IFB3ptG3TWhAgorUsle,Interest,,XRP,0.06356046,XRP,0.06356046,$0.09,-,-,"approved / XRP Interest Earned",2026-08-10 06:00:00
NXTw4PB6DNcNVNnLwLQf7ZoF,Interest,,LINK,0.32094881,LINK,0.32094881,$3.69,-,-,"approved / LINK Interest Earned",2026-08-10 06:00:00
NXTh0MLUj40YYFi1NmenX8W4Xdd2hvQ,Interest,,DOGE,2.36456620,DOGE,2.36456620,$0.65,-,-,"approved / DOGE Interest Earned",2026-08-10 06:00:00
NXTuUsNbwR81eGh32oUwWbpTHqV,Interest,,SOL,0.02139522,SOL,0.02139522,$1.51,-,-,"approved / SOL Interest Earned",2026-08-10 06:00:00
NXTE8v37WuNVNPtxstyybkR,Interest,,ADA,1.44525022,ADA,1.44525022,$0.65,-,-,"approved / ADA Interest Earned",2026-08-10 06:00:00
NXTGi3IxehBnDWqZy9GUwPG2MBfNxbHX,Exchange Cashback,,EURX,1.33180366,EURX,1.33180366,$1.72,-,-,"approved / 1 % on top of your Exchange transaction",2026-08-10 00:00:00
NXTlgn7hymZvauK7RkWkGCmazKL0mXA,Exchange,,XRP,-331.90230763,NEXO,452.59405586,$497.85,1.94104798,XRP,"approved / Exchange XRP to NEXO",2026-08-10 00:00:00
NXTdcQkMOM4nKRcmhwRy72chqcqKGHp8,Interest,,BTC,0.00020884,BTC,0.00020884,$14.03,-,-,"approved / BTC Interest Earned",2026-08-09 06:00:00
NXTZhhhmlOVf7NYlDxSwJl9pj8qtYR,Interest,,ETH,0.00181578,ETH,0.00181578,$3.82,-,-,"approved / ETH Interest Earned",2026-08-09 06:00:00
NXTysJK6MOGCkI2lhc4itwjsPe2iIS,Interest,,NEXO,0.94450989,NEXO,0.94450989,$1.13,-,-,"approved / NEXO Interest Earned",2026-08-09 06:00:00
NXT8fbz2zOterWzBZi30uOJ7xompJAhLv,Interest,,XRP,0.28222077,XRP,0.28222077,$0.42,-,-,"approved / XRP Interest Earned",2026-08-09 06:00:00
NXTvNT7IFVJBZos9xvYEA6hQ,Interest,,LINK,0.35890299,LINK,0.35890299,$7.49,-,-,"approved / LINK Interest Earned",2026-08-09 06:00:00
NXTZUMFzTaq55d39BkGr9aBT,Interest,,DOGE,0.95814919,DOGE,0.95814919,$0.24,-,-,"approved / DOGE Interest Earned",2026-08-09 06:00:00
NXTvrwc515PdBjHuy2MN0LvYoaPqu64jS,Interest,,SOL,0.02020791,SOL,0.02020791,$4.60,-,-,"approved / SOL Interest Earned",2026-08-09 06:00:00
NXTDaoIXuqNo1NVLnDNz9Fu,Interest,,ADA,1.71957974,ADA,1.71957974,$1.95,-,-,"approved / ADA Interest Earned",2026-08-09 06:00:00
NXT7tUhl91XTkjzJOJFkzaOLFzt992O5o,Credit Card Withdrawal Credit,Card,xUSD,-178.96000000,xUSD,178.96000000,$178.96,-,-,"authorized / Nexo Card Loan Withdrawal",2026-08-09 00:00:00
NXTGGDhtMdEOBZWEOdePed1bAvK,Exchange Credit,Card,xUSD,-178.96000000,EURX,162.89000000,$178.96,-,-,"authorized / Nexo Card Loan Withdrawal",2026-08-09 00:00:00
NXTFS5UxZXjkHep8uLbGkN3z9Pw30Ve,Nexo Card Purchase,Card,xUSD,-178.96000000,EURX,162.89000000,$178.96,-,-,"approved / LIDL FILIALE | MUNICH",2026-08-09 00:00:00
NXT0GidXIRKTms46QS2LQMm,Cashback,,NEXO,1.42695505,NEXO,1.42695505,$1.79,-,-,"approved / LIDL FILIALE | MUNICH",2026-08-09 00:00:00
NXTvJ4nWUkiA0c3bDZSYQz5sScuY,Interest,,BTC,0.00009604,BTC,0.00009604,$6.70,-,-,"approved / BTC Interest Earned",2026-08-08 06:00:00
NXTqnearSShFUtYu7SSVyDMq,Interest,,ETH,0.00397385,ETH,0.00397385,$9.77,-,-,"approved / ETH Interest Earned",2026-08-08 06:00:00
NXTMgC3uBMukxcFWvSA6H3veV5RkrA6,Interest,,NEXO,0.53425855,NEXO,0.53425855,$0.48,-,-,"approved / NEXO Interest Earned",2026-08-08 06:00:00
NXT20r7QMwOT1qzvvEEXOnpX,Interest,,XRP,0.26395787,XRP,0.26395787,$0.57,-,-,"approved / XRP Interest Earned",2026-08-08 06:00:00
NXTmlQ9Oq7jmDstfReBDOojlg,Interest,,LINK,0.40192775,LINK,0.40192775,$6.08,-,-,"approved / LINK Interest Earned",2026-08-08 06:00:00
NXTQdHOpramlMyJjTUhnApu,Interest,,DOGE,2.84327121,DOGE,2.84327121,$0.51,-,-,"approved / DOGE Interest Earned",2026-08-08 06:00:00
NXTiQbv04UBOegbe0r7aldAHDgXBwGK,Interest,,SOL,0.00848203,SOL,0.00848203,$1.57,-,-,"approved / SOL Interest Earned",2026-08-08 06:00:00
NXTj0XOSnMOFywlfo7GzyZb0uV39Y1xdc,Interest,,ADA,1.00338495,ADA,1.00338495,$0.93,-,-,"approved / ADA Interest Earned",2026-08-08 06:00:00
NXT8QTn2nRazoDdP16fVkjwktmRNy,Interest,,BTC,0.00020355,BTC,0.00020355,$17.13,-,-,"approved / BTC Interest Earned",2026-08-07 06:00:00
NXTbqBiDmTC7mNAtSDOtLG4uTMhB,Interest,,ETH,0.00128179,ETH,0.00128179,$2.49,-,-,"approved / ETH Interest Earned",2026-08-07 06:00:00
NXTakKWErBr2ZvM43GzWFJaew17WA,Interest,,NEXO,0.56914155,NEXO,0.56914155,$0.79,-,-,"approved / NEXO Interest Earned",2026-08-07 06:00:00
NXTH8RsxGP3UoMmfxDubmV85LGHlw,Interest,,XRP,0.29581670,XRP,0.29581670,$0.24,-,-,"approved / XRP Interest Earned",2026-08-07 06:00:00
NXToUUEJGIbf64kfi7gP34oqa2qs02,Interest,,LINK,0.13623507,LINK,0.13623507,$2.42,-,-,"approved / LINK Interest Earned",2026-08-07 06:00:00
NXT7txW5X1WvgnlvcKW4nJK6,Interest,,DOGE,3.90850545,DOGE,3.90850545,$1.52,-,-,"approved / DOGE Interest Earned",2026-08-07 06:00:00
NXTUWE2gB3zgVQjTYgdJLbqFeNz1cxAa,Interest,,SOL,0.01883125,SOL,0.01883125,$2.52,-,-,"approved / SOL Interest Earned",2026-08-07 06:00:00
NXTRqhWFGYKqCegTzaa9uDDy,Interest,,ADA,0.42143668,ADA,0.42143668,$0.12,-,-,"approved / ADA Interest Earned",2026-08-07 06:00:00
NXTFo7oQceVkqctdLGNycTfp,Exchange,,NEXO,-383.51263896,USDC,421.86390286,$421.86,3.11771010,NEXO,"approved / Exchange NEXO to USDC",2026-08-07 00:00:00
NXTMF1f3CTIJrwvNt5PjiqsVG3JwRk,Interest,,BTC,0.00033721,BTC,0.00033721,$23.29,-,-,"approved / BTC Interest Earned",2026-08-06 06:00:00
NXT8RW5ajNGSskLfS81cEjp4ryn,Interest,,ETH,0.00473080,ETH,0.00473080,$15.07,-,-,"approved / ETH Interest Earned",2026-08-06 06:00:00
NXT06WtMbaLKEGt6EkWjx6DqbZUyABb,Interest,,NEXO,0.44831985,NEXO,0.44831985,$0.50,-,-,"approved / NEXO Interest Earned",2026-08-06 06:00:00
NXTPS0Ce3su4ecv69Eu6FxOox3Q,Interest,,XRP,0.42229157,XRP,0.42229157,$0.53,-,-,"approved / XRP Interest Earned",2026-08-06 06:00:00
NXTjL3f23okyVxBAcChMW2hUVUILG,Interest,,LINK,0.47930202,LINK,0.47930202,$6.99,-,-,"approved / LINK Interest Earned",2026-08-06 06:00:00
NXToAJuy3JYZcIa2dXS2zgMvD,Interest,,DOGE,4.49832282,DOGE,4.49832282,$0.71,-,-,"approved / DOGE Interest Earned",2026-08-06 06:00:00
NXTMV6Do43n3YwgJVft2U81a,Interest,,SOL,0.01409063,SOL,0.01409063,$0.49,-,-,"approved / SOL Interest Earned",2026-08-06 06:00:00
NXTo69j0glnHNprl5g8oscZtLt9,Interest,,ADA,1.84700475,ADA,1.84700475,$2.05,-,-,"approved / ADA Interest Earned",2026-08-06 06:00:00
NXTztz7yoc7a5pDgyAFthPWty7b0,Deposit To Exchange,,EUR,1161.29000000,EURX,1161.29000000,$1212.88,1.18475544,EUR,"approved / EUR Top Up",2026-08-06 00:00:00
NXT4S8bH6VdPUvAylsHND6alV,Exchange Deposited On,,EUR,-1161.29000000,EURX,1161.29000000,$1212.88,-,-,"approved / EUR to EURX",2026-08-06 00:00:00
NXTJ64SLPzIdck6yOKkKBA6LBfA3HyX,Interest,,BTC,0.00017847,BTC,0.00017847,$11.63,-,-,"approved / BTC Interest Earned",2026-08-05 06:00:00
NXTC761w39HmqIayhLur3DZGLak7zJ,Interest,,ETH,0.00334790,ETH,0.00334790,$13.87,-,-,"approved / ETH Interest Earned",2026-08-05 06:00:00
NXTfSt1uYL55W0wQ6xRZYLOi33dGdcoHg,Interest,,NEXO,1.10505447,NEXO,1.10505447,$0.98,-,-,"approved / NEXO Interest Earned",2026-08-05 06:00:00
NXTkOcYfnicPiRLVYTUp6kk9,Interest,,XRP,0.39674678,XRP,0.39674678,$0.54,-,-,"approved / XRP Interest Earned",2026-08-05 06:00:00
NXTx4yNF1pStsDzcEdtB6KGK5JgEAf,Interest,,LINK,0.32942790,LINK,0.32942790,$3.76,-,-,"approved / LINK Interest Earned",2026-08-05 06:00:00
NXTorPOopwnwQuVjIPlEZTLoeL6TVg,Interest,,DOGE,2.00971343,DOGE,2.00971343,$0.51,-,-,"approved / DOGE Interest Earned",2026-08-05 06:00:00
NXTWYE1qRyENRWOkyZ664GZ,Interest,,SOL,0.00555261,SOL,0.00555261,$0.79,-,-,"approved / SOL Interest Earned",2026-08-05 06:00:00
NXTfXqolez4HRJQeI7DZOh5L5SBWsq6,Interest,,ADA,1.98672228,ADA,1.98672228,$1.26,-,-,"approved / ADA Interest Earned",2026-08-05 06:00:00
NXTURKcDiCRbWeMOkHHgiX8Fv9O2bwDeG,Interest,,BTC,0.00024384,BTC,0.00024384,$16.96,-,-,"approved / BTC Interest Earned",2026-08-04 06:00:00
NXTmurHJDlTcISQDCEdftpiJ8jwSLzNjl,Interest,,ETH,0.00114244,ETH,0.00114244,$3.60,-,-,"approved / ETH Interest Earned",2026-08-04 06:00:00
NXTp0Z369nIW6DH8OKNSKpKBBJEdFw,Interest,,NEXO,1.01869149,NEXO,1.01869149,$0.85,-,-,"approved / NEXO Interest Earned",2026-08-04 06:00:00
NXTd380HyT1ggBCzolr84JF50n1c,Interest,,XRP,0.38160950,XRP,0.38160950,$0.46,-,-,"approved / XRP Interest Earned",2026-08-04 06:00:00
NXTDkzktGh27SJc8fLHw1vd1wMe5,Interest,,LINK,0.37231512,LINK,0.37231512,$3.27,-,-,"approved / LINK Interest Earned",2026-08-04 06:00:00
NXTIddvyhnCPtFKSSYztuf14h0LKk,Interest,,DOGE,1.80428035,DOGE,1.80428035,$0.49,-,-,"approved / DOGE Interest Earned",2026-08-04 06:00:00
NXTDTjMxnXuwmjsb9TF2QqlUyK7oFq,Interest,,SOL,0.02349677,SOL,0.02349677,$0.69,-,-,"approved / SOL Interest Earned",2026-08-04 06:00:00
NXT0DDZl4MHoOSHfxDwBoFzT4IMhmuyz,Interest,,ADA,1.48757308,ADA,1.48757308,$1.72,-,-,"approved / ADA Interest Earned",2026-08-04 06:00:00
NXTwgQ8omn1y3Bk8GQVKJXbiY,Interest,,BTC,0.00041222,BTC,0.00041222,$28.76,-,-,"approved / BTC Interest Earned",2026-08-03 06:00:00
NXTNEV6RbivEL55DEh7AMh5XHU5Bxly,Interest,,ETH,0.00484103,ETH,0.00484103,$12.34,-,-,"approved / ETH Interest Earned",2026-08-03 06:00:00
NXTnBSCCWZNg71PM1mWpxdJYE7927,Interest,,NEXO,1.34236777,NEXO,1.34236777,$1.93,-,-,"approved / NEXO Interest Earned",2026-08-03 06:00:00
NXTus3OpyOUPMizgD1y7aX9tR,Interest,,XRP,0.12158209,XRP,0.12158209,$0.30,-,-,"approved / XRP Interest Earned",2026-08-03 06:00:00
NXTAQpPWC30EUJrFNs8p8bXFUIudxsYn,Interest,,LINK,0.30232537,LINK,0.30232537,$6.50,-,-,"approved / LINK Interest Earned",2026-08-03 06:00:00
NXTQA6rNHRJ7tsUwiNjg9Tu0ciB2K,Interest,,DOGE,3.74702164,DOGE,3.74702164,$0.74,-,-,"approved / DOGE Interest Earned",2026-08-03 06:00:00
NXTKyTQnsfqE9K2Au1Q0yut3,Interest,,SOL,0.02345105,SOL,0.02345105,$4.60,-,-,"approved / SOL Interest Earned",2026-08-03 06:00:00
NXTP0UVvxAKyITLwnjzyr5K5dWgd7Ghgg,Interest,,ADA,1.62996793,ADA,1.62996793,$0.69,-,-,"approved / ADA Interest Earned",2026-08-03 06:00:00
NXThDSl9HniJ8GVsekCCeMeuClnLxw3yR,Transfer Out,,ETH,-0.72347426,ETH,0.72347426,$2170.42,-,-,"approved / Transfer from Savings Wallet to Credit Line Wallet",2026-08-03 00:00:00
NXTFv6gbUVqqY71b9lI592Ds,Interest,,BTC,0.00022625,BTC,0.00022625,$18.13,-,-,"approved / BTC Interest Earned",2026-08-02 06:00:00
NXTEkaMTZwCKBI8Mf0BGpv0agdjT3PyB,Interest,,ETH,0.00291401,ETH,0.00291401,$8.04,-,-,"approved / ETH Interest Earned",2026-08-02 06:00:00
NXTmsXUQUSvp6xBqyUxWgdRcoTypo531H,Interest,,NEXO,0.51585596,NEXO,0.51585596,$0.57,-,-,"approved / NEXO Interest Earned",2026-08-02 06:00:00
NXTlpxUOMOcxRcLmVsnAQ8UnE3XN,Interest,,XRP,0.07286206,XRP,0.07286206,$0.17,-,-,"approved / XRP Interest Earned",2026-08-02 06:00:00
NXT5qinWrFwlZ7277765x1ewFS2H,Interest,,LINK,0.19433461,LINK,0.19433461,$3.69,-,-,"approved / LINK Interest Earned",2026-08-02 06:00:00
NXTOt7NCvWMH0a5eegubkuIKScjaJQ,Interest,,DOGE,1.73046933,DOGE,1.73046933,$0.44,-,-,"approved / DOGE Interest Earned",2026-08-02 06:00:00
NXTKIc9szrN0BTIdJUzoxMAjjWPRfI,Interest,,SOL,0.02579383,SOL,0.02579383,$3.48,-,-,"approved / SOL Interest Earned",2026-08-02 06:00:00
NXTBedwbORIovtjmQncpMm5Ak1iacR,Interest,,ADA,1.96552582,ADA,1.96552582,$0.83,-,-,"approved / ADA Interest Earned",2026-08-02 06:00:00
NXTt4NBnCrvPFc7v2Qly4BCHvLehLZXu,Deposit To Exchange,,EUR,966.57000000,EURX,966.57000000,$1049.46,-,-,"approved / EUR Top Up",2026-08-02 00:00:00
NXT8XNr10q49p38FxfSG9UPLoohXYpBIg,Exchange Deposited On,,EUR,-966.57000000,EURX,966.57000000,$1049.46,-,-,"approved / EUR to EURX",2026-08-02 00:00:00
NXTRi4b7881DHFKZ4GR4y3E,Interest,,BTC,0.00036026,BTC,0.00036026,$27.81,-,-,"approved / BTC Interest Earned",2026-08-01 06:00:00
NXTeAy60fOJIg7NHU9jNAb0EuIegDJjg,Interest,,ETH,0.00358058,ETH,0.00358058,$8.63,-,-,"approved / ETH Interest Earned",2026-08-01 06:00:00
NXTLZ7VgWBDZA4cBb7RjWY0,Interest,,NEXO,1.83414392,NEXO,1.83414392,$1.66,-,-,"approved / NEXO Interest Earned",2026-08-01 06:00:00
NXTSjtMghDvdsydVHYRbXigQ4,Interest,,XRP,0.21661364,XRP,0.21661364,$0.46,-,-,"approved / XRP Interest Earned",2026-08-01 06:00:00
NXTCLE4u64cPxNEOZsw0PZD6nmTFn,Interest,,LINK,0.08214079,LINK,0.08214079,$1.23,-,-,"approved / LINK Interest Earned",2026-08-01 06:00:00
NXTgIp1codrI2liEV4ZushoG,Interest,,DOGE,4.16171846,DOGE,4.16171846,$1.57,-,-,"approved / DOGE Interest Earned",2026-08-01 06:00:00
NXT5IasGdL4ABRFkISjtNM27XiT,Interest,,SOL,0.01425761,SOL,0.01425761,$0.68,-,-,"approved / SOL Interest Earned",2026-08-01 06:00:00
NXT7620JQMKp7adOz1SzTKS78,Interest,,ADA,1.95447285,ADA,1.95447285,$1.06,-,-,"approved / ADA Interest Earned",2026-08-01 06:00:00
NXTm0kcYakBlmIyQ5zwPAii9x3VUuc,Interest,,BTC,0.00029431,BTC,0.00029431,$26.22,-,-,"approved / BTC Interest Earned",2026-07-31 06:00:00
NXTOZz0IRdz8OhA17mUmIpUcOPyMMEQ,Interest,,ETH,0.00055399,ETH,0.00055399,$2.15,-,-,"approved / ETH Interest Earned",2026-07-31 06:00:00
NXThKkdb14AswEY5t8GnwZ1FX4sKa31p2,Interest,,NEXO,0.66982819,NEXO,0.66982819,$0.62,-,-,"approved / NEXO Interest Earned",2026-07-31 06:00:00
NXTnFoFlNQuOpgoBeHwEvxk6u7mfg,Interest,,XRP,0.11843774,XRP,0.11843774,$0.09,-,-,"approved / XRP Interest Earned",2026-07-31 06:00:00
NXT6dlAbTrloHT2TMCdWTgU6JI2FD,Interest,,LINK,0.17587414,LINK,0.17587414,$2.84,-,-,"approved / LINK Interest Earned",2026-07-31 06:00:00
NXTeL7VxFTnh89Tzazf2FfSvS7P5X7J,Interest,,DOGE,1.69713715,DOGE,1.69713715,$0.19,-,-,"approved / DOGE Interest Earned",2026-07-31 06:00:00
NXTF8fzFCwof8B7nuHVCi2yK,Interest,,SOL,0.02257625,SOL,0.02257625,$3.64,-,-,"approved / SOL Interest Earned",2026-07-31 06:00:00
NXT5I7Nnkuv7PV1ZEyBclXjruGdS,Interest,,ADA,1.71619188,ADA,1.71619188,$0.78,-,-,"approved / ADA Interest Earned",2026-07-31 06:00:00
NXTZqjMhe9CiYOyoabogg8fdzmeSBj,Interest,,BTC,0.00007884,BTC,0.00007884,$4.94,-,-,"approved / BTC Interest Earned",2026-07-30 06:00:00
NXTRUQWh0etc6Dr21MGw6obgRQ,Interest,,ETH,0.00396448,ETH,0.00396448,$12.58,-,-,"approved / ETH Interest Earned",2026-07-30 06:00:00
NXTF2eYB2jYKgUsp8ozXbR7ZMm8I,Interest,,NEXO,1.57286766,NEXO,1.57286766,$2.00,-,-,"approved / NEXO Interest Earned",2026-07-30 06:00:00
NXTKgyxvSdIziuum39QMqJF,Interest,,XRP,0.05410277,XRP,0.05410277,$0.11,-,-,"approved / XRP Interest Earned",2026-07-30 06:00:00
NXT3281EjupvZra8l9TrLK3j,Interest,,LINK,0.22874910,LINK,0.22874910,$3.76,-,-,"approved / LINK Interest Earned",2026-07-30 06:00:00
NXT0APzRH9uBzuD3hy1aLr4hF9wXVOz06,Interest,,DOGE,1.72646249,DOGE,1.72646249,$0.64,-,-,"approved / DOGE Interest Earned",2026-07-30 06:00:00
NXTAfHGNM4KG9OlvK7bJF4uPuvfPJQjw,Interest,,SOL,0.04745647,SOL,0.04745647,$4.76,-,-,"approved / SOL Interest Earned",2026-07-30 06:00:00
NXTcK9wQqdiKfdgV70LLX9KQ5tsYbsU,Interest,,ADA,0.73565544,ADA,0.73565544,$0.42,-,-,"approved / ADA Interest Earned",2026-07-30 06:00:00
NXTiW2yPHjTYwkbfbFcVyzVp,Manual Repayment,,USD,242.60937501,USD,0.00000000,$242.61,-,-,"approved / Fiat Repayment",2026-07-30 00:00:00
NXTWhcKXJI9jO4i95YBUgqKDH,Interest,,BTC,0.00031605,BTC,0.00031605,$22.85,-,-,"approved / BTC Interest Earned",2026-07-29 06:00:00
NXTFz8wTawir3ssOsrqwjorcv8WpO,Interest,,ETH,0.00332572,ETH,0.00332572,$13.28,-,-,"approved / ETH Interest Earned",2026-07-29 06:00:00
NXTWHlNNtOsv3PHZOulsvRUu1E,Interest,,NEXO,1.59982511,NEXO,1.59982511,$1.70,-,-,"approved / NEXO Interest Earned",2026-07-29 06:00:00
NXTr0e4rlcTqF63k6EI0IsUYcyT,Interest,,XRP,0.06094126,XRP,0.06094126,$0.05,-,-,"approved / XRP Interest Earned",2026-07-29 06:00:00
NXT669DHYJxVuiQoJtU6NQQfj0PVx,Interest,,LINK,0.11218024,LINK,0.11218024,$2.72,-,-,"approved / LINK Interest Earned",2026-07-29 06:00:00
NXTkJloBgQPZlgJ0hymqPLA70Oc,Interest,,DOGE,3.03366943,DOGE,3.03366943,$0.88,-,-,"approved / DOGE Interest Earned",2026-07-29 06:00:00
NXTiGL9qQuqmrhEW9bNUbXkuwMT,Interest,,SOL,0.00564949,SOL,0.00564949,$0.48,-,-,"approved / SOL Interest Earned",2026-07-29 06:00:00
NXTdvOWRkzBDcY4yXkKwWHXKdg,Interest,,ADA,1.33041656,ADA,1.33041656,$0.79,-,-,"approved / ADA Interest Earned",2026-07-29 06:00:00
NXTkJz3APA5ZaW0P670vV2d,Interest,,BTC,0.00021036,BTC,0.00021036,$18.19,-,-,"approved / BTC Interest Earned",2026-07-28 06:00:00
NXTfFMzcnNFXXXGs7HH6Ui8BOSLB,Interest,,ETH,0.00102562,ETH,0.00102562,$4.06,-,-,"approved / ETH Interest Earned",2026-07-28 06:00:00
NXTs0Gc7pDqt2CeMGvvmKqmmwaI,Interest,,NEXO,1.37897636,NEXO,1.37897636,$1.29,-,-,"approved / NEXO Interest Earned",2026-07-28 06:00:00
NXTd68KifzU7H1COlPMxy0ea1eFRqMk,Interest,,XRP,0.13392672,XRP,0.13392672,$0.30,-,-,"approved / XRP Interest Earned",2026-07-28 06:00:00
NXT6FR16H1umE7Rte19jsu5x,Interest,,LINK,0.34731410,LINK,0.34731410,$6.23,-,-,"approved / LINK Interest Earned",2026-07-28 06:00:00
NXT2BL81JdjnRshuaaVRJRKmvfFn53,Interest,,DOGE,3.64208226,DOGE,3.64208226,$1.42,-,-,"approved / DOGE Interest Earned",2026-07-28 06:00:00
NXTAuukxkS6BR0et8RHJEc0D1i,Interest,,SOL,0.02832260,SOL,0.02832260,$4.49,-,-,"approved / SOL Interest Earned",2026-07-28 06:00:00
NXTLm6e5t52RULDyOoiTld3WZ,Interest,,ADA,0.33528361,ADA,0.33528361,$0.24,-,-,"approved / ADA Interest Earned",2026-07-28 06:00:00
NXTW2VdrR6vrA6T6FRlkzcxmfjEZBCA,Interest,,BTC,0.00037046,BTC,0.00037046,$28.04,-,-,"approved / BTC Interest Earned",2026-07-27 06:00:00
NXT2uQdq2LHwvd69M1zwG6E,Interest,,ETH,0.00225481,ETH,0.00225481,$8.44,-,-,"approved / ETH Interest Earned",2026-07-27 06:00:00
NXTjzL3UX73ieF1EyH27y0FxbkAr25q,Interest,,NEXO,0.32986000,NEXO,0.32986000,$0.35,-,-,"approved / NEXO Interest Earned",2026-07-27 06:00:00
NXTyeEA4yfGwDYrh0a2Dew11w4,Interest,,XRP,0.10135912,XRP,0.10135912,$0.06,-,-,"approved / XRP Interest Earned",2026-07-27 06:00:00
NXTZDuw4xByRu6waUMMZCLUveqPm,Interest,,LINK,0.17784041,LINK,0.17784041,$3.87,-,-,"approved / LINK Interest Earned",2026-07-27 06:00:00
NXTQpcauWP1IXSnOY8ZG0vOy2fXZwAl,Interest,,DOGE,2.85123252,DOGE,2.85123252,$0.95,-,-,"approved / DOGE Interest Earned",2026-07-27 06:00:00
NXTTmO3S8N5xdL5XoChRxeSj0uBd7,Interest,,SOL,0.04288599,SOL,0.04288599,$7.65,-,-,"approved / SOL Interest Earned",2026-07-27 06:00:00
NXTvcycxJq5BadXW14CVv5yd1OGZ,Interest,,ADA,1.22542609,ADA,1.22542609,$0.77,-,-,"approved / ADA Interest Earned",2026-07-27 06:00:00
NXTdGejwu1CJ6wPeysNSHGbLdXbNRUu,Manual Repayment,,USD,335.79431438,USD,0.00000000,$335.79,-,-,"approved / Fiat Repayment",2026-07-27 00:00:00
NXTROTgLrBFRoGUMklMlfworcCLPgNAe,Interest,,BTC,0.00028475,BTC,0.00028475,$18.27,-,-,"approved / BTC Interest Earned",2026-07-26 06:00:00
NXThKvGhSqDXmLNWtBmIv2RiiCs,Interest,,ETH,0.00194427,ETH,0.00194427,$6.96,-,-,"approved / ETH Interest Earned",2026-07-26 06:00:00
NXTVufC11BC4eXVNlPaaYXJIfkL,Interest,,NEXO,0.96074809,NEXO,0.96074809,$1.43,-,-,"approved / NEXO Interest Earned",2026-07-26 06:00:00
NXTmxU2k9uEHGE3ie36XX0W5gAgxM,Interest,,XRP,0.13533609,XRP,0.13533609,$0.10,-,-,"approved / XRP Interest Earned",2026-07-26 06:00:00
NXTFUbrnKhsvRi8KqTE4Kg3VBYo,Interest,,LINK,0.34793714,LINK,0.34793714,$4.32,-,-,"approved / LINK Interest Earned",2026-07-26 06:00:00
NXT2KeAjW5SU0Ye4x4mFPASue7,Interest,,DOGE,2.25822885,DOGE,2.25822885,$0.94,-,-,"approved / DOGE Interest Earned",2026-07-26 06:00:00
NXTzA9mWnVeszDxEEWYJH9ba2sOF,Interest,,SOL,0.00908091,SOL,0.00908091,$1.19,-,-,"approved / SOL Interest Earned",2026-07-26 06:00:00
NXTQxYIg0kdrwmPKbjngr0Pv47KV,Interest,,ADA,0.62883558,ADA,0.62883558,$0.38,-,-,"approved / ADA Interest Earned",2026-07-26 06:00:00
NXTraXWUSwvQ5dqudXPOnUbiXa,Transfer Out,,ETH,-0.67507257,ETH,0.67507257,$2025.22,-,-,"approved / Transfer from Savings Wallet to Credit Line Wallet",2026-07-26 00:00:00
NXTpHd7PXp7ZqQ5svKjHvUSPP3A7,Withdrawal,,SOL,-3.40498799,SOL,3.40498799,$476.70,-,-,"approved / SOL withdrawal",2026-07-26 00:00:00
NXTgag6Lyj5XmkGhwqipjr5jMGW,Interest,,BTC,0.00019201,BTC,0.00019201,$13.81,-,-,"approved / BTC Interest Earned",2026-07-25 06:00:00
NXTmH9ksSLLNqLm5gH4lGmYmWX7v,Interest,,ETH,0.00488073,ETH,0.00488073,$13.77,-,-,"approved / ETH Interest Earned",2026-07-25 06:00:00
NXTqX7GBOEGtZEq0ax9n0xN09bjl,Interest,,NEXO,0.39993190,NEXO,0.39993190,$0.59,-,-,"approved / NEXO Interest Earned",2026-07-25 06:00:00
NXTa9V2sOFONszwX8X1EG6rYVTCD,Interest,,XRP,0.44336323,XRP,0.44336323,$0.28,-,-,"approved / XRP Interest Earned",2026-07-25 06:00:00
NXTGNEDeYYn2qCIofUJ282wdOsuCdE,Interest,,LINK,0.20478562,LINK,0.20478562,$3.41,-,-,"approved / LINK Interest Earned",2026-07-25 06:00:00
NXTEge815zjzJh4kQ4N29cPcBCdJBQ0qh,Interest,,DOGE,4.58090420,DOGE,4.58090420,$1.99,-,-,"approved / DOGE Interest Earned",2026-07-25 06:00:00
NXTPOTg9LV0eIDVeStfqWBu2,Interest,,SOL,0.01608993,SOL,0.01608993,$1.57,-,-,"approved / SOL Interest Earned",2026-07-25 06:00:00
NXTLUx1USbJR9Eq7wTS2kF8sTT,Interest,,ADA,1.18742825,ADA,1.18742825,$1.12,-,-,"approved / ADA Interest Earned",2026-07-25 06:00:00
NXT5qFp7hnNOlD8U9q8yk5mwM8Quh,Interest,,BTC,0.00010333,BTC,0.00010333,$7.68,-,-,"approved / BTC Interest Earned",2026-07-24 06:00:00
NXTRqGcAzV85VJztsSUMk2tru2CAks,Interest,,ETH,0.00424652,ETH,0.00424652,$16.01,-,-,"approved / ETH Interest Earned",2026-07-24 06:00:00
NXTIG5Xzad4MZZ655VLcIO7fMj,Interest,,NEXO,1.21819717,NEXO,1.21819717,$1.13,-,-,"approved / NEXO Interest Earned",2026-07-24 06:00:00
NXTjXGcVOyxbVi3QmGEzSvU,Interest,,XRP,0.48569466,XRP,0.48569466,$0.55,-,-,"approved / XRP Interest Earned",2026-07-24 06:00:00
NXTUWHI2OF5zuas9NmdE66PcVH,Interest,,LINK,0.05361772,LINK,0.05361772,$0.57,-,-,"approved / LINK Interest Earned",2026-07-24 06:00:00
NXTJcW4H7FPJnCB4Mb3WveSHSE,Interest,,DOGE,1.20693507,DOGE,1.20693507,$0.29,-,-,"approved / DOGE Interest Earned",2026-07-24 06:00:00
NXTAdx4ieFOLXvbDHoJZOO9UL5geLS4,Interest,,SOL,0.04291817,SOL,0.04291817,$7.04,-,-,"approved / SOL Interest Earned",2026-07-24 06:00:00
NXT0kVjGD4ctMnU4BB7gGIp,Interest,,ADA,1.79659463,ADA,1.79659463,$0.81,-,-,"approved / ADA Interest Earned",2026-07-24 06:00:00
NXTO5lv70iohHq3IcDN9dIyxG6,Exchange Cashback,,USDC,2.19506903,USDC,2.19506903,$2.56,-,-,"approved / 0.5 % on top of your Exchange transaction",2026-07-24 00:00:00
NXTLmGlRC3vTvpgvsBeVGIfJSaP,Credit Card Withdrawal Credit,Card,xUSD,-18.38000000,xUSD,18.38000000,$18.38,-,-,"authorized / Nexo Card Loan Withdrawal",2026-07-24 00:00:00
NXTpdxeL4BBIkgrD0oRyYfQKzz,Exchange Credit,Card,xUSD,-18.38000000,EURX,16.98000000,$18.38,-,-,"authorized / Nexo Card Loan Withdrawal",2026-07-24 00:00:00
NXTADgw2D87CIihHX7EHut9fPck5pR,Nexo Card Purchase,Card,xUSD,-18.38000000,EURX,16.98000000,$18.38,-,-,"approved / EDEKA CENTER | HAMBURG",2026-07-24 00:00:00
NXTGGhFf6n3knM9mgEWY8vAxmpR,Cashback,,NEXO,0.12225790,NEXO,0.12225790,$0.18,-,-,"approved / EDEKA CENTER | HAMBURG",2026-07-24 00:00:00
NXT0AAWYXp7qjG0SzFamlVDGCcCBP,Interest,,BTC,0.00033242,BTC,0.00033242,$29.92,-,-,"approved / BTC Interest Earned",2026-07-23 06:00:00
NXTPNiEwuJ9GMnIXR292hmwqru,Interest,,ETH,0.00292948,ETH,0.00292948,$12.14,-,-,"approved / ETH Interest Earned",2026-07-23 06:00:00
NXTZOu9wIWF59ERyE4jH8CnbgePvn,Interest,,NEXO,1.77642138,NEXO,1.77642138,$2.26,-,-,"approved / NEXO Interest Earned",2026-07-23 06:00:00
NXT9uudbZJlGWbGNpT5y7M8n3dcmcyQu,Interest,,XRP,0.30298062,XRP,0.30298062,$0.27,-,-,"approved / XRP Interest Earned",2026-07-23 06:00:00
NXThlsrhYMoHj9Cv9RtuN81,Interest,,LINK,0.39243533,LINK,0.39243533,$5.89,-,-,"approved / LINK Interest Earned",2026-07-23 06:00:00
NXTMBfM6z6YbhnAy4NO8SRosMWjE,Interest,,DOGE,1.77824562,DOGE,1.77824562,$0.64,-,-,"approved / DOGE Interest Earned",2026-07-23 06:00:00
NXT73rrGkrgGAtoNmLcbkLSfTLqa344yn,Interest,,SOL,0.03413148,SOL,0.03413148,$1.86,-,-,"approved / SOL Interest Earned",2026-07-23 06:00:00
NXTmdLz6eM9eIw3Gz9Cye6JvjOmA9L,Interest,,ADA,0.63337934,ADA,0.63337934,$0.65,-,-,"approved / ADA Interest Earned",2026-07-23 06:00:00
NXTqrA69QnzThvrdHnlRwlH5hPhBppo,Interest,,BTC,0.00024850,BTC,0.00024850,$15.05,-,-,"approved / BTC Interest Earned",2026-07-22 06:00:00
NXTTdyenLiGPXPVnHEjMUWW,Interest,,ETH,0.00328982,ETH,0.00328982,$12.04,-,-,"approved / ETH Interest Earned",2026-07-22 06:00:00
NXTavQqfpHUHeIoDJC9067M33p6,Interest,,NEXO,0.66693315,NEXO,0.66693315,$0.65,-,-,"approved / NEXO Interest Earned",2026-07-22 06:00:00
NXTpHhdahUUXPqcFqlP6p5tl5FtQ,Interest,,XRP,0.34886672,XRP,0.34886672,$0.44,-,-,"approved / XRP Interest Earned",2026-07-22 06:00:00
NXT3HBQKBjo0AsJC2N6rf2Bv4U2LXADw,Interest,,LINK,0.47973732,LINK,0.47973732,$8.93,-,-,"approved / LINK Interest Earned",2026-07-22 06:00:00
NXTUi4ouTdXKjEwD0W5DPcWq,Interest,,DOGE,2.35737352,DOGE,2.35737352,$1.02,-,-,"approved / DOGE Interest Earned",2026-07-22 06:00:00
NXT004OTNiXOVIhquRulB6EI9E52,Interest,,SOL,0.04548124,SOL,0.04548124,$3.74,-,-,"approved / SOL Interest Earned",2026-07-22 06:00:00
NXT3TCMUhGodkW4nM0bqdYOQad1i1p1,Interest,,ADA,1.39332115,ADA,1.39332115,$1.11,-,-,"approved / ADA Interest Earned",2026-07-22 06:00:00
NXT4KHN5iVanikOwir6SEtyS7opeOh,Exchange Cashback,,USDC,0.76047530,USDC,0.76047530,$0.97,-,-,"approved / 0.5 % on top of your Exchange transaction",2026-07-22 00:00:00
NXTPd62TNZT7eE5Zo4zJ76Bzr,Interest,,BTC,0.00019734,BTC,0.00019734,$15.64,-,-,"approved / BTC Interest Earned",2026-07-21 06:00:00
NXTrPxIbMQylh4eHgd3tEHtBSWoa,Interest,,ETH,0.00153831,ETH,0.00153831,$5.36,-,-,"approved / ETH Interest Earned",2026-07-21 06:00:00
NXTASQZPW4GpLVxeJpy8HXG,Interest,,NEXO,1.63014588,NEXO,1.63014588,$1.51,-,-,"approved / NEXO Interest Earned",2026-07-21 06:00:00
NXTNRWmejqw315cYqfhtJbwPVfA6fqK4R,Interest,,XRP,0.42047032,XRP,0.42047032,$1.01,-,-,"approved / XRP Interest Earned",2026-07-21 06:00:00
NXTlIQFomOXYOORfAVD07VizKfpirEvkv,Interest,,LINK,0.10187720,LINK,0.10187720,$1.04,-,-,"approved / LINK Interest Earned",2026-07-21 06:00:00
NXTSA0l24778P7c6CIqZNKdWqI,Interest,,DOGE,3.62308939,DOGE,3.62308939,$0.64,-,-,"approved / DOGE Interest Earned",2026-07-21 06:00:00
NXTw5iWVxCdz5xggq30ifV3,Interest,,SOL,0.02659111,SOL,0.02659111,$4.15,-,-,"approved / SOL Interest Earned",2026-07-21 06:00:00
NXTwzylbY1VMT3pUwAP20qDZ1h7VOeHC,Interest,,ADA,1.37888713,ADA,1.37888713,$0.48,-,-,"approved / ADA Interest Earned",2026-07-21 06:00:00
NXTGBEv6ZTfsXyKOJpBLzhXVaRB86,Interest,,BTC,0.00024724,BTC,0.00024724,$23.37,-,-,"approved / BTC Interest Earned",2026-07-20 06:00:00
NXTYgWNwnawlfgpnEY1r0Zx5sdLyyr7d,Interest,,ETH,0.00160549,ETH,0.00160549,$5.82,-,-,"approved / ETH Interest Earned",2026-07-20 06:00:00
NXT8tSkbPKc8fDYsxfnmtUsAv8Jm0Gf,Interest,,NEXO,0.16879360,NEXO,0.16879360,$0.16,-,-,"approved / NEXO Interest Earned",2026-07-20 06:00:00
NXTYplq9ceDWdu2HWoA35KWK0,Interest,,XRP,0.14103352,XRP,0.14103352,$0.33,-,-,"approved / XRP Interest Earned",2026-07-20 06:00:00
NXTP7i9IywXkNdRMqwJ6wTzuS,Interest,,LINK,0.05763401,LINK,0.05763401,$1.01,-,-,"approved / LINK Interest Earned",2026-07-20 06:00:00
NXTtnzoUtspZVjw5SHH4QYmhqxV6JiQV,Interest,,DOGE,4.58643618,DOGE,4.58643618,$0.45,-,-,"approved / DOGE Interest Earned",2026-07-20 06:00:00
NXTGmwOapgbFtfY9Q6lTHdA,Interest,,SOL,0.03183433,SOL,0.03183433,$4.42,-,-,"approved / SOL Interest Earned",2026-07-20 06:00:00
NXThe9qEzp4bJaH5sm7hyT04d6wY41S,Interest,,ADA,1.43425994,ADA,1.43425994,$0.48,-,-,"approved / ADA Interest Earned",2026-07-20 06:00:00
NXTZQYH23vYGoHdnK9cO5R28,Interest,,BTC,0.00044849,BTC,0.00044849,$29.53,-,-,"approved / BTC Interest Earned",2026-07-19 06:00:00
NXTY1k9RzLRHZaqY4qqT1hq5SXF,Interest,,ETH,0.00488573,ETH,0.00488573,$15.65,-,-,"approved / ETH Interest Earned",2026-07-19 06:00:00
NXTHoQ2mIK8MoC4Et6BboxNxP1H,Interest,,NEXO,1.77167453,NEXO,1.77167453,$2.39,-,-,"approved / NEXO Interest Earned",2026-07-19 06:00:00
NXTSH0DklNEjJ5F5FYI3u6wS1,Interest,,XRP,0.22402970,XRP,0.22402970,$0.39,-,-,"approved / XRP Interest Earned",2026-07-19 06:00:00
NXTcdkQL4NOvHEcT0eGvtRSjC,Interest,,LINK,0.24978243,LINK,0.24978243,$2.83,-,-,"approved / LINK Interest Earned",2026-07-19 06:00:00
NXT7wfutqTz5LPoLNff61XfbI,Interest,,DOGE,3.64604423,DOGE,3.64604423,$0.73,-,-,"approved / DOGE Interest Earned",2026-07-19 06:00:00
NXTFOwizvi5pqpRHb3BWkC1D1TiAqJglI,Interest,,SOL,0.00257241,SOL,0.00257241,$0.10,-,-,"approved / SOL Interest Earned",2026-07-19 06:00:00
NXTh6RRZX3ONVa3GLLGE9j6Xg0AJ,Interest,,ADA,1.55670882,ADA,1.55670882,$1.61,-,-,"approved / ADA Interest Earned",2026-07-19 06:00:00
NXTUDtUSuW5qspMDeOWDdCJ3Z,Interest,,BTC,0.00018764,BTC,0.00018764,$13.49,-,-,"approved / BTC Interest Earned",2026-07-18 06:00:00
NXTVzAm800sPGdbhiTL7v7l1gwUXmzXaS,Interest,,ETH,0.00067098,ETH,0.00067098,$2.79,-,-,"approved / ETH Interest Earned",2026-07-18 06:00:00
NXT9Df6J6tFo4u2FzgPxIlPm,Interest,,NEXO,1.92046305,NEXO,1.92046305,$2.82,-,-,"approved / NEXO Interest Earned",2026-07-18 06:00:00
NXTZPwCt0PNym4ltbi17CFSEOTRh,Interest,,XRP,0.41114625,XRP,0.41114625,$0.76,-,-,"approved / XRP Interest Earned",2026-07-18 06:00:00
NXTsFms0ECFjtCGWoWcD0Pg2,Interest,,LINK,0.22891373,LINK,0.22891373,$3.45,-,-,"approved / LINK Interest Earned",2026-07-18 06:00:00
NXTeoVOj3VxU1SymW1hFap0pK4XBJLS,Interest,,DOGE,1.33838230,DOGE,1.33838230,$0.11,-,-,"approved / DOGE Interest Earned",2026-07-18 06:00:00
NXTgCqmSpjfDtj9pyqbvRdI,Interest,,SOL,0.02800933,SOL,0.02800933,$5.55,-,-,"approved / SOL Interest Earned",2026-07-18 06:00:00
NXT6Nv9tpeQatzJYLZNMQRyqv,Interest,,ADA,1.07511706,ADA,1.07511706,$1.26,-,-,"approved / ADA Interest Earned",2026-07-18 06:00:00
NXTWVQWEBox9rM2VHATyBunvwVmi,Exchange,,DOGE,-1509.15163580,BTC,0.00471610,$377.29,4.59830730,DOGE,"approved / Exchange DOGE to BTC",2026-07-18 00:00:00
NXTSsWPBFHryTp5uby25AMNr,Interest,,BTC,0.00047343,BTC,0.00047343,$37.78,-,-,"approved / BTC Interest Earned",2026-07-17 06:00:00
NXToOC6uMh9okB9ko45kuIle,Interest,,ETH,0.00415320,ETH,0.00415320,$12.29,-,-,"approved / ETH Interest Earned",2026-07-17 06:00:00
NXTrXyudgmaEXmD5YZcU2gD1Ehf,Interest,,NEXO,1.89598627,NEXO,1.89598627,$2.02,-,-,"approved / NEXO Interest Earned",2026-07-17 06:00:00
NXTci8OiZPLB4vYuUwLNZEEmNkkla,Interest,,XRP,0.09418422,XRP,0.09418422,$0.09,-,-,"approved / XRP Interest Earned",2026-07-17 06:00:00
NXTUQfy8Tx2Vhsrk7i0eQlks3W98,Interest,,LINK,0.18029432,LINK,0.18029432,$2.93,-,-,"approved / LINK Interest Earned",2026-07-17 06:00:00
NXTi2fN3Rz9f75eq00hdOr4VlKeKEHe,Interest,,DOGE,2.74780729,DOGE,2.74780729,$0.36,-,-,"approved / DOGE Interest Earned",2026-07-17 06:00:00
NXTZXQO1SzLg0O63l6uuVEX2wdGUCNjm,Interest,,SOL,0.00859620,SOL,0.00859620,$0.69,-,-,"approved / SOL Interest Earned",2026-07-17 06:00:00
NXTaLsCbIcewoNkczSWo69cxhzDvZ7st,Interest,,ADA,0.46333390,ADA,0.46333390,$0.37,-,-,"approved / ADA Interest Earned",2026-07-17 06:00:00
NXTxTxnfbINK3HQLCTJjnzslSVaqpr,Interest,,BTC,0.00049263,BTC,0.00049263,$37.40,-,-,"approved / BTC Interest Earned",2026-07-16 06:00:00
NXTG1XoaTaE5mRVQh447gmWq81,Interest,,ETH,0.00421226,ETH,0.00421226,$15.93,-,-,"approved / ETH Interest Earned",2026-07-16 06:00:00
NXTa0LOjoVLtdkSOx0kQLQK7,Interest,,NEXO,1.44079434,NEXO,1.44079434,$1.43,-,-,"approved / NEXO Interest Earned",2026-07-16 06:00:00
NXTGPJKQka3Oc1VFX6BJl8tKF,Interest,,XRP,0.18854781,XRP,0.18854781,$0.23,-,-,"approved / XRP Interest Earned",2026-07-16 06:00:00
NXT4HV3I3RihIyCW2g6ub4FfA5UHHaNKA,Interest,,LINK,0.33198345,LINK,0.33198345,$6.22,-,-,"approved / LINK Interest Earned",2026-07-16 06:00:00
NXTN4kGeyqmb3fSdQmGyc1yVx,Interest,,DOGE,1.57225820,DOGE,1.57225820,$0.46,-,-,"approved / DOGE Interest Earned",2026-07-16 06:00:00
NXTvIqYmVZtby3pUiwgBVhj1SKKvdw,Interest,,SOL,0.03291624,SOL,0.03291624,$5.82,-,-,"approved / SOL Interest Earned",2026-07-16 06:00:00
NXTvRiNUJ2yCMtiwF93WDX2YoNPP7jYD,Interest,,ADA,0.58573384,ADA,0.58573384,$0.53,-,-,"approved / ADA Interest Earned",2026-07-16 06:00:00
NXT5pudNwIvvu0ikeJr89aZOpSSe,Interest,,BTC,0.00038218,BTC,0.00038218,$31.64,-,-,"approved / BTC Interest Earned",2026-07-15 06:00:00
NXTLDl5d9ip3QAUkfitnMgC3j,Interest,,ETH,0.00084205,ETH,0.00084205,$1.55,-,-,"approved / ETH Interest Earned",2026-07-15 06:00:00
NXTQ9zKrx5wCnirP9jHjzIAY,Interest,,NEXO,0.19577369,NEXO,0.19577369,$0.24,-,-,"approved / NEXO Interest Earned",2026-07-15 06:00:00
NXTRRWGq7ONtLm4UJh1d9FaFpQXKrA,Interest,,XRP,0.37279913,XRP,0.37279913,$0.82,-,-,"approved / XRP Interest Earned",2026-07-15 06:00:00
NXTHiIzt0jg91J5nw7Xl4qkyLL,Interest,,LINK,0.22244721,LINK,0.22244721,$2.02,-,-,"approved / LINK Interest Earned",2026-07-15 06:00:00
NXTH6jdTf0qW91KU8bpIYLlWfXytZ6k,Interest,,DOGE,1.48056195,DOGE,1.48056195,$0.58,-,-,"approved / DOGE Interest Earned",2026-07-15 06:00:00
NXTjfprqLFYD0hgiJeCU5beilgi7MaW,Interest,,SOL,0.03799413,SOL,0.03799413,$8.26,-,-,"approved / SOL Interest Earned",2026-07-15 06:00:00
NXTbEb12zeiPpgfym3NQSvyZetzR,Interest,,ADA,0.60127026,ADA,0.60127026,$0.58,-,-,"approved / ADA Interest Earned",2026-07-15 06:00:00
NXT6kM7zMubLmOdUjcPkm999exin,Fixed Term Interest,,XRP,22.95299875,XRP,22.95299875,$9.27,-,-,"approved / Term Deposit Interest",2026-07-15 05:00:00
NXTPRRcNjEFvCkONeEtXnc7U9ZzkB4K78,Interest,,BTC,0.00029955,BTC,0.00029955,$18.15,-,-,"approved / BTC Interest Earned",2026-07-14 06:00:00
NXTGxQzhypuzNW2GodD1AsK58,Interest,,ETH,0.00330225,ETH,0.00330225,$10.01,-,-,"approved / ETH Interest Earned",2026-07-14 06:00:00
NXTyfNvOv5tEHxFxUKy6T2bw6zH,Interest,,NEXO,0.49941021,NEXO,0.49941021,$0.65,-,-,"approved / NEXO Interest Earned",2026-07-14 06:00:00
NXTIe1c79JvZ6q3wPdtR3QbvuDIDrzj,Interest,,XRP,0.37635759,XRP,0.37635759,$0.33,-,-,"approved / XRP Interest Earned",2026-07-14 06:00:00
NXTOCCdjmw325McprNZh9s1ASEJ,Interest,,LINK,0.32475906,LINK,0.32475906,$2.67,-,-,"approved / LINK Interest Earned",2026-07-14 06:00:00
NXTwWoxW2mU9F4Y0HhGx8gIJAp2ZbRTY,Interest,,DOGE,1.73946926,DOGE,1.73946926,$0.64,-,-,"approved / DOGE Interest Earned",2026-07-14 06:00:00
NXTPXiiMEXVM4JMBJQSYZTUPH1W8UF,Interest,,SOL,0.02672679,SOL,0.02672679,$1.68,-,-,"approved / SOL Interest Earned",2026-07-14 06:00:00
NXTkECcxY455fHWNKi3DztKu4m,Interest,,ADA,1.59875062,ADA,1.59875062,$0.93,-,-,"approved / ADA Interest Earned",2026-07-14 06:00:00
NXTE3pcCW4AaFoJNXMOyrRnlbFk,Fixed Term Interest,,XRP,23.52275066,XRP,23.52275066,$41.77,-,-,"approved / Term Deposit Interest",2026-07-14 05:00:00
NXTEblXDHPhJj6TLSIOddn0dbk8PiGB98,Exchange,,ETH,-0.13219572,USDC,396.58715824,$396.59,0.00046282,ETH,"approved / Exchange ETH to USDC",2026-07-14 00:00:00
NXTeSPkFv8J3GTqWRE9AhLH,Interest,,BTC,0.00033772,BTC,0.00033772,$30.81,-,-,"approved / BTC Interest Earned",2026-07-13 06:00:00
NXT3ffkbcTUfBz45yaiua8WmTXgRivl,Interest,,ETH,0.00176683,ETH,0.00176683,$3.20,-,-,"approved / ETH Interest Earned",2026-07-13 06:00:00
NXTW6en8IpGiTtR99IAMSTjoX,Interest,,NEXO,1.78240102,NEXO,1.78240102,$2.57,-,-,"approved / NEXO Interest Earned",2026-07-13 06:00:00
NXT6adbP5m8S1fvCwRTTnmDSJzciGQzR5,Interest,,XRP,0.30975231,XRP,0.30975231,$0.72,-,-,"approved / XRP Interest Earned",2026-07-13 06:00:00
NXTfjDah55AV9ziLTsEEKYi,Interest,,LINK,0.09419770,LINK,0.09419770,$0.80,-,-,"approved / LINK Interest Earned",2026-07-13 06:00:00
NXTkToiHW0zQKiDAx8nxyjRhi,Interest,,DOGE,1.84711914,DOGE,1.84711914,$0.50,-,-,"approved / DOGE Interest Earned",2026-07-13 06:00:00
NXTjZfQGjVMmTUCCVhhrrGl670FovSYf,Interest,,SOL,0.04218207,SOL,0.04218207,$10.40,-,-,"approved / SOL Interest Earned",2026-07-13 06:00:00
NXTUjNR5kwZnrXRnfeVDe0Ej43xY9S,Interest,,ADA,1.13101101,ADA,1.13101101,$1.12,-,-,"approved / ADA Interest Earned",2026-07-13 06:00:00
NXTUMZgh4uPBY7Tr7dSz1e6h,Interest,,BTC,0.00045453,BTC,0.00045453,$35.49,-,-,"approved / BTC Interest Earned",2026-07-12 06:00:00
NXTgn4MKLGDMEkrZhQ7XACumSXz9gPQF,Interest,,ETH,0.00156025,ETH,0.00156025,$4.77,-,-,"approved / ETH Interest Earned",2026-07-12 06:00:00
NXTmvzem4ausexo8cU2CVYhCxm,Interest,,NEXO,1.17142409,NEXO,1.17142409,$1.70,-,-,"approved / NEXO Interest Earned",2026-07-12 06:00:00
NXTWYZqoJRDhwhSl4zL5SEF3BderEhd2f,Interest,,XRP,0.19094574,XRP,0.19094574,$0.40,-,-,"approved / XRP Interest Earned",2026-07-12 06:00:00
NXTZnfKBLOZvE87Pzxl5jkEyBHpnYAEim,Interest,,LINK,0.48266596,LINK,0.48266596,$7.57,-,-,"approved / LINK Interest Earned",2026-07-12 06:00:00
NXTp8nIVARZZwtZjpKqZOzfI3ZfFV84k,Interest,,DOGE,2.69649575,DOGE,2.69649575,$0.59,-,-,"approved / DOGE Interest Earned",2026-07-12 06:00:00
NXTjhOvdqj30SxiYRj1SFw7idirinhbPZ,Interest,,SOL,0.03129401,SOL,0.03129401,$4.42,-,-,"approved / SOL Interest Earned",2026-07-12 06:00:00
NXTKCfmPj99z8IKoWFo9JsM,Interest,,ADA,0.57518895,ADA,0.57518895,$0.61,-,-,"approved / ADA Interest Earned",2026-07-12 06:00:00
NXTC1nmBQInkzIyhJ3rhdyWa0,Exchange Liquidation,Card,EURX,134.07000000,xUSD,148.25000000,$148.25,-,-,"approved / Crypto repayment / Exchange EURX to xUSD",2026-07-12 00:00:00
NXT1NRhzN3NBTJvBMD4xIVXU6bBV2,Interest,,BTC,0.00029510,BTC,0.00029510,$26.10,-,-,"approved / BTC Interest Earned",2026-07-11 06:00:00
NXTU988tvMixiqNlQhL8ynYM2CJpC,Interest,,ETH,0.00157605,ETH,0.00157605,$3.36,-,-,"approved / ETH Interest Earned",2026-07-11 06:00:00
NXTkWYcvnIk1xUP3gTQSDTCWGyJ1BpIT,Interest,,NEXO,1.99343329,NEXO,1.99343329,$1.99,-,-,"approved / NEXO Interest Earned",2026-07-11 06:00:00
NXT37HSGXPDF3JNbbvk0BMK5T,Interest,,XRP,0.10744594,XRP,0.10744594,$0.09,-,-,"approved / XRP Interest Earned",2026-07-11 06:00:00
NXTeD7gQ1hbB0vkEpSiTdwOnFHtMH,Interest,,LINK,0.38228328,LINK,0.38228328,$5.62,-,-,"approved / LINK Interest Earned",2026-07-11 06:00:00
NXT1Tg9xKQQbAszvTJBUpsxOQFgEf1NdE,Interest,,DOGE,4.84511925,DOGE,4.84511925,$1.17,-,-,"approved / DOGE Interest Earned",2026-07-11 06:00:00
NXTHQCDCJGypEHUIqKBNHVe6,Interest,,SOL,0.02227151,SOL,0.02227151,$1.03,-,-,"approved / SOL Interest Earned",2026-07-11 06:00:00
NXTDeZh2Hw5rlzf6K8SRQn9RvQXuG9ma6,Interest,,ADA,0.26160724,ADA,0.26160724,$0.19,-,-,"approved / ADA Interest Earned",2026-07-11 06:00:00
NXTOjoWaXxsGI6wKP5fB0IKfTJQIM6h,Interest,,BTC,0.00045304,BTC,0.00045304,$32.69,-,-,"approved / BTC Interest Earned",2026-07-10 06:00:00
NXTaRQn8Ym9uDxKvpb5uZjB3aNr7X3Bgz,Interest,,ETH,0.00127121,ETH,0.00127121,$2.37,-,-,"approved / ETH Interest Earned",2026-07-10 06:00:00
NXT3FXV3s7e9w06K3rx0xvvBNrJFWacm,Interest,,NEXO,0.37424055,NEXO,0.37424055,$0.46,-,-,"approved / NEXO Interest Earned",2026-07-10 06:00:00
NXTTZdLetTjfIsQZjP7D2FrRvqPNhZ7O,Interest,,XRP,0.33057019,XRP,0.33057019,$0.31,-,-,"approved / XRP Interest Earned",2026-07-10 06:00:00
NXTTxERxCkYsyBzs4igtK9DlO,Interest,,LINK,0.30620110,LINK,0.30620110,$6.69,-,-,"approved / LINK Interest Earned",2026-07-10 06:00:00
NXTMTY1YFZuC3dyztqIwnpA0YBb0dOd,Interest,,DOGE,0.62578373,DOGE,0.62578373,$0.06,-,-,"approved / DOGE Interest Earned",2026-07-10 06:00:00
NXTBmlXzVEeSiFWqghoobkIAbIEtZYGE6,Interest,,SOL,0.01918312,SOL,0.01918312,$2.11,-,-,"approved / SOL Interest Earned",2026-07-10 06:00:00
NXTzoqFwoDWA683vEuLxwGFV93R,Interest,,ADA,1.22800470,ADA,1.22800470,$0.62,-,-,"approved / ADA Interest Earned",2026-07-10 06:00:00
NXTvQtN0Tz4P5olMM3lg6umEh,Exchange To Withdraw,,EURX,745.26000000,EUR,745.26000000,$813.64,-,-,"approved / EURX to EUR",2026-07-10 00:00:00
NXTj53XnlXHNb6cnWaynzK7,Withdraw Exchanged,,EUR,-745.26000000,EUR,745.26000000,$813.64,-,-,"approved / EUR withdrawal",2026-07-10 00:00:00
NXTlz1pm6705vFXAFDo8DB1,Interest,,BTC,0.00005548,BTC,0.00005548,$3.42,-,-,"approved / BTC Interest Earned",2026-07-09 06:00:00
NXTMKKJGA1uObDFoaouk2KKL6G2i,Interest,,ETH,0.00176725,ETH,0.00176725,$3.96,-,-,"approved / ETH Interest Earned",2026-07-09 06:00:00
NXTRW3iE83VXVkRpgl9X42LXidNS1m,Interest,,NEXO,1.94203431,NEXO,1.94203431,$2.48,-,-,"approved / NEXO Interest Earned",2026-07-09 06:00:00
NXTKRZHNETr2s9O8Lf0zOEqappB,Interest,,XRP,0.09734972,XRP,0.09734972,$0.22,-,-,"approved / XRP Interest Earned",2026-07-09 06:00:00
NXToSmg7rt4H4EOflxDnamp7xs,Interest,,LINK,0.33670762,LINK,0.33670762,$7.39,-,-,"approved / LINK Interest Earned",2026-07-09 06:00:00
NXTNcvcVitNTkoqWuXfUVpp,Interest,,DOGE,3.97104532,DOGE,3.97104532,$0.50,-,-,"approved / DOGE Interest Earned",2026-07-09 06:00:00
NXTMTR2CxAzJesIvqeyDnEhr7EftoTz,Interest,,SOL,0.04959095,SOL,0.04959095,$8.14,-,-,"approved / SOL Interest Earned",2026-07-09 06:00:00
NXTNmlX1IG6zxGuUeT0r3SeimKlK8,Interest,,ADA,1.90161731,ADA,1.90161731,$1.21,-,-,"approved / ADA Interest Earned",2026-07-09 06:00:00
NXTPUNnwjn0SNM7UfjYp7gLwQWSv2ij,Manual Repayment,,USD,241.78415420,USD,0.00000000,$241.78,-,-,"approved / Fiat Repayment",2026-07-09 00:00:00
NXTvnaDz9iGslOftbytnR1K4z96an72vZ,Interest,,BTC,0.00046878,BTC,0.00046878,$29.47,-,-,"approved / BTC Interest Earned",2026-07-08 06:00:00
NXTA3r2aFR4iZHkFsXln26MNtMN,Interest,,ETH,0.00301715,ETH,0.00301715,$8.57,-,-,"approved / ETH Interest Earned",2026-07-08 06:00:00
NXTRZxS2qZaQyLC5fL7jZ8egA42,Interest,,NEXO,0.25962729,NEXO,0.25962729,$0.38,-,-,"approved / NEXO Interest Earned",2026-07-08 06:00:00
NXTTxyhKKaRo9YPCT7D0V7L,Interest,,XRP,0.42301318,XRP,0.42301318,$0.34,-,-,"approved / XRP Interest Earned",2026-07-08 06:00:00
NXTzOgPIDvk1EdHnM4XrCPgi71b9,Interest,,LINK,0.12812249,LINK,0.12812249,$0.80,-,-,"approved / LINK Interest Earned",2026-07-08 06:00:00
NXTaJDgsaMHBy2qt06XYj9Ym5b7D,Interest,,DOGE,3.32452551,DOGE,3.32452551,$0.67,-,-,"approved / DOGE Interest Earned",2026-07-08 06:00:00
NXTLgAk5ZaQoYuA8C5xjKcY,Interest,,SOL,0.04234575,SOL,0.04234575,$2.69,-,-,"approved / SOL Interest Earned",2026-07-08 06:00:00
NXTA2Dcm9HIivHQcXfDtycpO,Interest,,ADA,0.35892836,ADA,0.35892836,$0.29,-,-,"approved / ADA Interest Earned",2026-07-08 06:00:00
NXTUPSqKAEUB0UZ39sbUSu9QXWASWDE,Interest,,BTC,0.00027506,BTC,0.00027506,$24.02,-,-,"approved / BTC Interest Earned",2026-07-07 06:00:00
NXT4S1XxgCdNkQ1MLjbfVrbZArs6aXMo,Interest,,ETH,0.00301952,ETH,0.00301952,$9.41,-,-,"approved / ETH Interest Earned",2026-07-07 06:00:00
NXTjjsdyK6ObOdimdyJkFyJuuxZia0,Interest,,NEXO,0.34300478,NEXO,0.34300478,$0.31,-,-,"approved / NEXO Interest Earned",2026-07-07 06:00:00
NXTY8CahOfJF048L4JNw9GGGix0R3V,Interest,,XRP,0.28957697,XRP,0.28957697,$0.68,-,-,"approved / XRP Interest Earned",2026-07-07 06:00:00
NXTlCuU4NrAJc9vBlgkvuiCMGzDN2k80R,Interest,,LINK,0.07578133,LINK,0.07578133,$1.39,-,-,"approved / LINK Interest Earned",2026-07-07 06:00:00
NXTGWH6ZCEKE4v5KTCNHoMESKYIXlg,Interest,,DOGE,3.02215614,DOGE,3.02215614,$0.83,-,-,"approved / DOGE Interest Earned",2026-07-07 06:00:00
NXTSZHUxZapyGIErgwupo9y9kVMBVyUUP,Interest,,SOL,0.01506448,SOL,0.01506448,$0.47,-,-,"approved / SOL Interest Earned",2026-07-07 06:00:00
NXTJyBWzoHfrtS0561IQU8qoWfdR1Mc8n,Interest,,ADA,1.13546386,ADA,1.13546386,$0.77,-,-,"approved / ADA Interest Earned",2026-07-07 06:00:00
NXTcmXjejmLP0cRXGY8UfxJwY8o,Interest,,BTC,0.00035409,BTC,0.00035409,$31.10,-,-,"approved / BTC Interest Earned",2026-07-06 06:00:00
NXTTRe1ldXtkJu6IUZnw1xaJR,Interest,,ETH,0.00321368,ETH,0.00321368,$12.17,-,-,"approved / ETH Interest Earned",2026-07-06 06:00:00
NXTXVUwKSnm0rpNDpDDzNjmjKLx,Interest,,NEXO,0.65856348,NEXO,0.65856348,$0.85,-,-,"approved / NEXO Interest Earned",2026-07-06 06:00:00
NXTOhfhWSqnJVb6rlCi9OBK,Interest,,XRP,0.17502386,XRP,0.17502386,$0.16,-,-,"approved / XRP Interest Earned",2026-07-06 06:00:00
NXTkzH5QgziOUE99teCYE86ihRfvFDB,Interest,,LINK,0.32605579,LINK,0.32605579,$7.77,-,-,"approved / LINK Interest Earned",2026-07-06 06:00:00
NXTqE8vnej5CDAxJKwfWdXjM2jCozz,Interest,,DOGE,0.80241292,DOGE,0.80241292,$0.17,-,-,"approved / DOGE Interest Earned",2026-07-06 06:00:00
NXTk6tgrwq11YEvWwnJ4j8B,Interest,,SOL,0.02089123,SOL,0.02089123,$3.82,-,-,"approved / SOL Interest Earned",2026-07-06 06:00:00
NXTt3Rwyl9FtOsTVsrosV1JQFD43S,Interest,,ADA,1.22546426,ADA,1.22546426,$0.73,-,-,"approved / ADA Interest Earned",2026-07-06 06:00:00
NXTkGAhG4nWJOJrxaaDOgU1u,Withdrawal,,USDC,-298.61015310,USDC,298.61015310,$298.61,-,-,"approved / USDC withdrawal",2026-07-06 00:00:00
NXTCV4Hb0k92MWzyxhM9WQBknknHBB79,Manual Repayment,,USD,186.11817195,USD,0.00000000,$186.12,-,-,"approved / Fiat Repayment",2026-07-06 00:00:00
NXTa0dUoPXM9SwwxnvSWNo66IH,Interest,,BTC,0.00024916,BTC,0.00024916,$22.71,-,-,"approved / BTC Interest Earned",2026-07-05 06:00:00
NXTamlxWAvIKbxNangCu2gtu1A7l6,Interest,,ETH,0.00252881,ETH,0.00252881,$5.33,-,-,"approved / ETH Interest Earned",2026-07-05 06:00:00
NXTggJStqf8rGjgWxHydxunzT,Interest,,NEXO,0.87507083,NEXO,0.87507083,$0.78,-,-,"approved / NEXO Interest Earned",2026-07-05 06:00:00
NXT6GFGZEDebKcK6OUa5M9wD,Interest,,XRP,0.43002120,XRP,0.43002120,$0.77,-,-,"approved / XRP Interest Earned",2026-07-05 06:00:00
NXT5jtOfzMwOWMbaXACuHNlDnCLWW,Interest,,LINK,0.08889350,LINK,0.08889350,$1.55,-,-,"approved / LINK Interest Earned",2026-07-05 06:00:00
NXTevGMlurGFGHDolD2oHD17lU,Interest,,DOGE,4.70453032,DOGE,4.70453032,$1.93,-,-,"approved / DOGE Interest Earned",2026-07-05 06:00:00
NXT8JPWeST287z2f4ELrHUcE2O,Interest,,SOL,0.03816466,SOL,0.03816466,$2.11,-,-,"approved / SOL Interest Earned",2026-07-05 06:00:00
NXTVFyQOPKbeT3nGal7I3NrUmkBZXvJ,Interest,,ADA,0.47927608,ADA,0.47927608,$0.25,-,-,"approved / ADA Interest Earned",2026-07-05 06:00:00
NXTTLTkqAGwxBzLCtPYpbgPe,Interest,,BTC,0.00022179,BTC,0.00022179,$19.23,-,-,"approved / BTC Interest Earned",2026-07-04 06:00:00
NXT5uNTTgXXWsXSiJq6Th31,Interest,,ETH,0.00152506,ETH,0.00152506,$2.89,-,-,"approved / ETH Interest Earned",2026-07-04 06:00:00
NXTbmFutzZ1efkLOSaUeD7sg710vjIPm,Interest,,NEXO,1.66667477,NEXO,1.66667477,$1.77,-,-,"approved / NEXO Interest Earned",2026-07-04 06:00:00
NXTsHRz7wDBCVmeTGx3mBx3Qmkdr,Interest,,XRP,0.29914811,XRP,0.29914811,$0.40,-,-,"approved / XRP Interest Earned",2026-07-04 06:00:00
NXTw7de6HSBnX3vlsgiMGLGnZipF,Interest,,LINK,0.07924310,LINK,0.07924310,$1.07,-,-,"approved / LINK Interest Earned",2026-07-04 06:00:00
NXTMdBkiTbWnaa98nj0Nq2r4g,Interest,,DOGE,1.38464282,DOGE,1.38464282,$0.24,-,-,"approved / DOGE Interest Earned",2026-07-04 06:00:00
NXTNHduXGcDlujJ0so6RGkmZXif,Interest,,SOL,0.03344808,SOL,0.03344808,$4.26,-,-,"approved / SOL Interest Earned",2026-07-04 06:00:00
NXT1lWpWfzg6YkNvxKcGhfdOW8E0tlX,Interest,,ADA,0.49183935,ADA,0.49183935,$0.43,-,-,"approved / ADA Interest Earned",2026-07-04 06:00:00
NXT3bonP1XoVPD2lJ5Ro6v7N4s9eb3Y,Credit Card Withdrawal Credit,Card,xUSD,-111.85000000,xUSD,111.85000000,$111.85,-,-,"authorized / Nexo Card Loan Withdrawal",2026-07-04 00:00:00
NXTPVFQ69PIZUYx44jDxrlrgUbk,Exchange Credit,Card,xUSD,-111.85000000,EURX,105.43000000,$111.85,-,-,"authorized / Nexo Card Loan Withdrawal",2026-07-04 00:00:00
NXTiQPX7OiHuLkBVX0h2OzudrZYGg52yq,Nexo Card Purchase,Card,xUSD,-111.85000000,EURX,105.43000000,$111.85,-,-,"approved / BOOKING.COM | AMSTERDAM",2026-07-04 00:00:00
NXTFdQQmjHMR8eDdmU8OsZgN3KfgXqf,Cashback,,NEXO,1.07381362,NEXO,1.07381362,$1.12,-,-,"approved / BOOKING.COM | AMSTERDAM",2026-07-04 00:00:00
NXTjKfEMWpxlVjHycggjs9zrqO,Interest,,BTC,0.00011605,BTC,0.00011605,$10.82,-,-,"approved / BTC Interest Earned",2026-07-03 06:00:00
NXTHpLiNBMZRQDqxYWfsxtGUbx96spo,Interest,,ETH,0.00328345,ETH,0.00328345,$9.13,-,-,"approved / ETH Interest Earned",2026-07-03 06:00:00
NXTEFmrMGxsjw9TtS1wy09UlGJi,Interest,,NEXO,0.85006354,NEXO,0.85006354,$0.93,-,-,"approved / NEXO Interest Earned",2026-07-03 06:00:00
NXThoN5z8nSNK4voYlucU1Cwt1XRVTl1,Interest,,XRP,0.09835560,XRP,0.09835560,$0.23,-,-,"approved / XRP Interest Earned",2026-07-03 06:00:00
NXTF5FmkKe0ZW2lNCHsw7io,Interest,,LINK,0.46076647,LINK,0.46076647,$11.00,-,-,"approved / LINK Interest Earned",2026-07-03 06:00:00
NXTxRI8U0K2PHGlVtuX4MAoc6ZmKKu5,Interest,,DOGE,3.92457173,DOGE,3.92457173,$1.16,-,-,"approved / DOGE Interest Earned",2026-07-03 06:00:00
NXTSvmzKFG3IP10R1bBZc8Mzn,Interest,,SOL,0.04232271,SOL,0.04232271,$1.58,-,-,"approved / SOL Interest Earned",2026-07-03 06:00:00
NXTWvM7Nrmk1XlPEt3jLfRtVIdIqzmCeP,Interest,,ADA,0.28741789,ADA,0.28741789,$0.27,-,-,"approved / ADA Interest Earned",2026-07-03 06:00:00
NXTPS6MWlTKUWHZcv4AhZOnHuG,Interest,,BTC,0.00006811,BTC,0.00006811,$4.76,-,-,"approved / BTC Interest Earned",2026-07-02 06:00:00
NXTJ0L5EmHlcrawnTNmwjwK,Interest,,ETH,0.00348958,ETH,0.00348958,$12.93,-,-,"approved / ETH Interest Earned",2026-07-02 06:00:00
NXTDJfqjOF8Z3fQAry39cgm3Ek,Interest,,NEXO,0.38085174,NEXO,0.38085174,$0.53,-,-,"approved / NEXO Interest Earned",2026-07-02 06:00:00
NXTFv5wXR9j3GZsHYS5iuzKIF,Interest,,XRP,0.22581523,XRP,0.22581523,$0.16,-,-,"approved / XRP Interest Earned",2026-07-02 06:00:00
NXTvVHAsCH8uwfHIOoZrmvm2T,Interest,,LINK,0.13654321,LINK,0.13654321,$3.33,-,-,"approved / LINK Interest Earned",2026-07-02 06:00:00
NXTeSdSvSTUrk6prpsz4FTLn,Interest,,DOGE,1.26158248,DOGE,1.26158248,$0.22,-,-,"approved / DOGE Interest Earned",2026-07-02 06:00:00
NXTurQzavxMlTx7d6UOTv8D7KKkdi,Interest,,SOL,0.01655885,SOL,0.01655885,$2.78,-,-,"approved / SOL Interest Earned",2026-07-02 06:00:00
NXTmbeVSDI9j3ARg6nimLf2b5j8ev,Interest,,ADA,1.78837600,ADA,1.78837600,$1.56,-,-,"approved / ADA Interest Earned",2026-07-02 06:00:00
NXTsbDyaHhRiza0IRuRKTwGBBy28JunU,Exchange Liquidation,Card,EURX,87.41000000,xUSD,95.85000000,$95.85,-,-,"approved / Crypto repayment / Exchange EURX to xUSD",2026-07-02 00:00:00
NXTSEPuQg7JhU2PZBwQDnUbjODtEi,Interest,,BTC,0.00037659,BTC,0.00037659,$33.98,-,-,"approved / BTC Interest Earned",2026-07-01 06:00:00
NXTIlxSEC1Ihep8BoSm3OU9ccgu2s,Interest,,ETH,0.00170106,ETH,0.00170106,$6.97,-,-,"approved / ETH Interest Earned",2026-07-01 06:00:00
NXTpvnpBw3mPgr6lLA6UM9ZRyVIjFX,Interest,,NEXO,0.10808587,NEXO,0.10808587,$0.13,-,-,"approved / NEXO Interest Earned",2026-07-01 06:00:00
NXTlDhgFNOIQ3Rto8MD6QqRzZHH,Interest,,XRP,0.30336381,XRP,0.30336381,$0.46,-,-,"approved / XRP Interest Earned",2026-07-01 06:00:00
NXThVTicz3I0l5YRRwOAZNNA,Interest,,LINK,0.07405271,LINK,0.07405271,$0.84,-,-,"approved / LINK Interest Earned",2026-07-01 06:00:00
NXT09aU7YwzzumifgQQ7ZpGOc91LddC,Interest,,DOGE,1.46971153,DOGE,1.46971153,$0.27,-,-,"approved / DOGE Interest Earned",2026-07-01 06:00:00
NXTM5lGh7ah95mQG2CRgo2kBfC,Interest,,SOL,0.01250404,SOL,0.01250404,$1.98,-,-,"approved / SOL Interest Earned",2026-07-01 06:00:00
NXTsKCEinaD3ZJ7CZCZGqrDS9zC7P,Interest,,ADA,0.27635867,ADA,0.27635867,$0.16,-,-,"approved / ADA Interest Earned",2026-07-01 06:00:00
NXT8j6B6knlceQmYjKtTYfII1G4aRKWgj,Top up Crypto,,BTC,0.01149393,BTC,0.01149393,$919.51,-,-,"approved / a9605f68e8a41687001da713af71c7e4a6562074d92b1ac6c3068fae9346d098",2026-07-01 00:00:00
NXTFYNE2tAXYvOzp5Q5WKTisg,Interest,,BTC,0.00040104,BTC,0.00040104,$32.27,-,-,"approved / BTC Interest Earned",2026-06-30 06:00:00
NXTZ2zqLRJ50x5WQs8Y6cR1wW8YqLrNR,Interest,,ETH,0.00257179,ETH,0.00257179,$9.35,-,-,"approved / ETH Interest Earned",2026-06-30 06:00:00
NXT3eIT5YkJb3WBmlhxQAKVQ,Interest,,NEXO,1.54842737,NEXO,1.54842737,$2.01,-,-,"approved / NEXO Interest Earned",2026-06-30 06:00:00
NXTGVSlqTRWlWur9cvsMEEd6HETzbCVK1,Interest,,XRP,0.37376044,XRP,0.37376044,$0.55,-,-,"approved / XRP Interest Earned",2026-06-30 06:00:00
NXTGiuxAlH5Vs0jXC6iNr7xEYHBpsf,Interest,,LINK,0.21191707,LINK,0.21191707,$4.64,-,-,"approved / LINK Interest Earned",2026-06-30 06:00:00
NXT6YD4NEpl9UwbcVXqnuAa2uW,Interest,,DOGE,2.33183911,DOGE,2.33183911,$0.16,-,-,"approved / DOGE Interest Earned",2026-06-30 06:00:00
NXTln1a9RpWBKAQn51iRw1eXM6GYHSIiq,Interest,,SOL,0.03908335,SOL,0.03908335,$3.25,-,-,"approved / SOL Interest Earned",2026-06-30 06:00:00
NXT5Kfl3DsmcmvQraO5lF5p,Interest,,ADA,1.61970039,ADA,1.61970039,$1.53,-,-,"approved / ADA Interest Earned",2026-06-30 06:00:00
NXT1T08EDqMXrP240etUlzQE9YgSzpg1,Interest,,BTC,0.00003760,BTC,0.00003760,$3.37,-,-,"approved / BTC Interest Earned",2026-06-29 06:00:00
NXTCv0C8PtlgXsRfZOp3ux0Lg,Interest,,ETH,0.00115605,ETH,0.00115605,$4.12,-,-,"approved / ETH Interest Earned",2026-06-29 06:00:00
NXT9xMhqj6oiHdBF99puorlh3jI,Interest,,NEXO,0.98970048,NEXO,0.98970048,$1.27,-,-,"approved / NEXO Interest Earned",2026-06-29 06:00:00
NXTOEkJIKyLW91LEHM7pqjFV1KPMwBKR,Interest,,XRP,0.46526586,XRP,0.46526586,$0.67,-,-,"approved / XRP Interest Earned",2026-06-29 06:00:00
NXTYKJTdp5x5AaYI1orRx01Jpwi,Interest,,LINK,0.27018539,LINK,0.27018539,$3.40,-,-,"approved / LINK Interest Earned",2026-06-29 06:00:00
NXT2rLxy7An44JDLaBaayzS0VQQi5T,Interest,,DOGE,4.98506774,DOGE,4.98506774,$0.94,-,-,"approved / DOGE Interest Earned",2026-06-29 06:00:00
NXTEm2uaqbSIdOSZT3yIt9LRbkS,Interest,,SOL,0.04174251,SOL,0.04174251,$8.72,-,-,"approved / SOL Interest Earned",2026-06-29 06:00:00
NXT2ftHy3GoQ3a9MGt0oDcz,Interest,,ADA,1.71366482,ADA,1.71366482,$0.86,-,-,"approved / ADA Interest Earned",2026-06-29 06:00:00
NXTJIFaGId4nHNgUn3obylEIyekKaiS,Interest,,BTC,0.00047218,BTC,0.00047218,$29.15,-,-,"approved / BTC Interest Earned",2026-06-28 06:00:00
NXTRZXAxaJcnJoKZUP5dqza932,Interest,,ETH,0.00077142,ETH,0.00077142,$2.26,-,-,"approved / ETH Interest Earned",2026-06-28 06:00:00
NXTuQOdEnP9W0JJGcucs4ng3MA,Interest,,NEXO,1.83286541,NEXO,1.83286541,$2.22,-,-,"approved / NEXO Interest Earned",2026-06-28 06:00:00
NXTieDptvQs2UAP5DxqfNlXt,Interest,,XRP,0.06250634,XRP,0.06250634,$0.07,-,-,"approved / XRP Interest Earned",2026-06-28 06:00:00
NXTuMhMZtWuT8Y86pa7hlDLsx40et0B,Interest,,LINK,0.18739350,LINK,0.18739350,$1.41,-,-,"approved / LINK Interest Earned",2026-06-28 06:00:00
NXT7iV3gr58mc6WdwT0rZ1jBS,Interest,,DOGE,2.39000019,DOGE,2.39000019,$0.67,-,-,"approved / DOGE Interest Earned",2026-06-28 06:00:00
NXThFr5a7iGhkbLqcF4h9DQDszSS8mwZ,Interest,,SOL,0.02316787,SOL,0.02316787,$3.91,-,-,"approved / SOL Interest Earned",2026-06-28 06:00:00
NXTr3TtRwAPhLCXLzP5An1JzCtpBSF,Interest,,ADA,0.26148121,ADA,0.26148121,$0.11,-,-,"approved / ADA Interest Earned",2026-06-28 06:00:00
NXTyJeLNnHFqPOxxzGFxkohaUCDWkNtp,Fixed Term Interest,,LINK,5.21590139,LINK,5.21590139,$43.45,-,-,"approved / Term Deposit Interest",2026-06-28 05:00:00
NXTXncnrWJVEFJqH9HUVBnA,Top up Crypto,,ADA,1852.20657981,ADA,1852.20657981,$1296.54,-,-,"approved / 2a6be76034bc9c8531a7f5661572ace9a53152699678ee2242d9df7368a67b72",2026-06-28 00:00:00
NXT8hnLddvjFjs3TNYzCDzizFSUERYH,Withdrawal,,USDC,-179.79918695,USDC,179.79918695,$179.80,-,-,"approved / USDC withdrawal",2026-06-28 00:00:00
NXTQo0CFzRNxgBf9nkmIiD2I4,Credit Card Withdrawal Credit,Card,xUSD,-123.77000000,xUSD,123.77000000,$123.77,-,-,"authorized / Nexo Card Loan Withdrawal",2026-06-28 00:00:00
NXTfJPoe0EExugJcPtsPhjZr7qd,Exchange Credit,Card,xUSD,-123.77000000,EURX,116.54000000,$123.77,-,-,"authorized / Nexo Card Loan Withdrawal",2026-06-28 00:00:00
NXTRNRrH7KYxEyTTZwwgp45ST,Nexo Card Purchase,Card,xUSD,-123.77000000,EURX,116.54000000,$123.77,-,-,"approved / IKEA ONLINE | HOFHEIM",2026-06-28 00:00:00
NXTz33VCbgQwFX9nBHowk1XRRjA6vWJnW,Cashback,,NEXO,0.73109301,NEXO,0.73109301,$0.62,-,-,"approved / IKEA ONLINE | HOFHEIM",2026-06-28 00:00:00
NXToG1jdusaEs54VpjaYuKjSD0OOxYPfT,Interest,,BTC,0.00038692,BTC,0.00038692,$29.54,-,-,"approved / BTC Interest Earned",2026-06-27 06:00:00
NXTt3w2u7LtFmQ5bo4UTyuVYtj,Interest,,ETH,0.00220723,ETH,0.00220723,$6.45,-,-,"approved / ETH Interest Earned",2026-06-27 06:00:00
NXT2Ibkgd87nbpxXhEXkfJXMMXFlab,Interest,,NEXO,1.50615710,NEXO,1.50615710,$1.71,-,-,"approved / NEXO Interest Earned",2026-06-27 06:00:00
NXTahcHunNQ1qFjMp3WWq1Q4F6DDk6mXC,Interest,,XRP,0.25662093,XRP,0.25662093,$0.17,-,-,"approved / XRP Interest Earned",2026-06-27 06:00:00
NXT91hKxLvwsKe5I6I4EohRln3qOR,Interest,,LINK,0.24457595,LINK,0.24457595,$1.79,-,-,"approved / LINK Interest Earned",2026-06-27 06:00:00
NXTSw5C3gh6IbOpDJbujW6D,Interest,,DOGE,2.52869694,DOGE,2.52869694,$0.72,-,-,"approved / DOGE Interest Earned",2026-06-27 06:00:00
NXT48gZ0VCFOYTHC7VvcMekm1FUoAt,Interest,,SOL,0.00215181,SOL,0.00215181,$0.11,-,-,"approved / SOL Interest Earned",2026-06-27 06:00:00
NXT87WKmjvJln8KMogL7Q7wfTuO7JWk,Interest,,ADA,1.27361576,ADA,1.27361576,$0.91,-,-,"approved / ADA Interest Earned",2026-06-27 06:00:00
NXTUEMNTQlJFyGwYvzbb7WDK3D,Interest,,BTC,0.00007822,BTC,0.00007822,$5.83,-,-,"approved / BTC Interest Earned",2026-06-26 06:00:00
NXTYPfGMOgpvF0zwk5RH9wdHm,Interest,,ETH,0.00370074,ETH,0.00370074,$13.19,-,-,"approved / ETH Interest Earned",2026-06-26 06:00:00
NXTQat1yirhhDo2rxTqSQIZtw,Interest,,NEXO,0.94334069,NEXO,0.94334069,$1.29,-,-,"approved / NEXO Interest Earned",2026-06-26 06:00:00
NXTikutbtRbER7ZOAc2caO3piw6,Interest,,XRP,0.24923771,XRP,0.24923771,$0.13,-,-,"approved / XRP Interest Earned",2026-06-26 06:00:00
NXTsOaNtM6bgHukfiWicS6i,Interest,,LINK,0.27768342,LINK,0.27768342,$3.83,-,-,"approved / LINK Interest Earned",2026-06-26 06:00:00
NXTEzacBHQnahdPqKvvq1UnP85VTFWMr,Interest,,DOGE,3.03811394,DOGE,3.03811394,$1.09,-,-,"approved / DOGE Interest Earned",2026-06-26 06:00:00
NXTIBP4MxUTNfOQeRqxPnAnReHK,Interest,,SOL,0.01649616,SOL,0.01649616,$1.85,-,-,"approved / SOL Interest Earned",2026-06-26 06:00:00
NXTxRjwNFty36AvWsFskbvqg9mm2lP,Interest,,ADA,0.93621625,ADA,0.93621625,$0.96,-,-,"approved / ADA Interest Earned",2026-06-26 06:00:00
NXT24n3dNJxBQORounpBoChalZN,Deposit To Exchange,,EUR,1100.89000000,EURX,1100.89000000,$1124.01,-,-,"approved / EUR Top Up",2026-06-26 00:00:00
NXTT7AwH0ky1gOjjnUNJNFAPN,Exchange Deposited On,,EUR,-1100.89000000,EURX,1100.89000000,$1124.01,-,-,"approved / EUR to EURX",2026-06-26 00:00:00
NXTiaWF28nS1ueVNrOYvSwZj24AQ079l,Interest,,BTC,0.00007662,BTC,0.00007662,$4.84,-,-,"approved / BTC Interest Earned",2026-06-25 06:00:00
NXTlZZ5aPnhbsrNawsrYlk74LiejkVm,Interest,,ETH,0.00390960,ETH,0.00390960,$16.35,-,-,"approved / ETH Interest Earned",2026-06-25 06:00:00
NXTq5XqoZ94jIjQJtIIU7vy,Interest,,NEXO,0.98855969,NEXO,0.98855969,$0.91,-,-,"approved / NEXO Interest Earned",2026-06-25 06:00:00
NXTV3UVVpgobFVXBdjuLgIVFPq04Z,Interest,,XRP,0.21577970,XRP,0.21577970,$0.34,-,-,"approved / XRP Interest Earned",2026-06-25 06:00:00
NXTt12xPuRaPEOrTe3TKgUCnRZZXVtMe,Interest,,LINK,0.44430374,LINK,0.44430374,$8.35,-,-,"approved / LINK Interest Earned",2026-06-25 06:00:00
NXTBPKtBcDYqsuCqhPkjKeHx8,Interest,,DOGE,3.00542107,DOGE,3.00542107,$0.99,-,-,"approved / DOGE Interest Earned",2026-06-25 06:00:00
NXTfxta3GhK0BLhxrUbsF867cP1jYTi,Interest,,SOL,0.03028267,SOL,0.03028267,$7.42,-,-,"approved / SOL Interest Earned",2026-06-25 06:00:00
NXTWoi0qL8stkWwezZsMTiLXT50Rcmfd,Interest,,ADA,0.58442363,ADA,0.58442363,$0.15,-,-,"approved / ADA Interest Earned",2026-06-25 06:00:00
NXTYSi3LtVYYqcNXpy24y3uXg,Interest,,BTC,0.00018450,BTC,0.00018450,$14.58,-,-,"approved / BTC Interest Earned",2026-06-24 06:00:00
NXTObbtfVkLsxRDLC7vtNFrzJgj,Interest,,ETH,0.00157193,ETH,0.00157193,$2.99,-,-,"approved / ETH Interest Earned",2026-06-24 06:00:00
NXTCLLEWfZRHmonAvO5XVewii,Interest,,NEXO,0.67240777,NEXO,0.67240777,$0.93,-,-,"approved / NEXO Interest Earned",2026-06-24 06:00:00
NXT5BAOCPcYHIWYvelKHSInRf,Interest,,XRP,0.36406116,XRP,0.36406116,$0.26,-,-,"approved / XRP Interest Earned",2026-06-24 06:00:00
NXTwciuypTxNy342aFL6XeEl5a,Interest,,LINK,0.27980248,LINK,0.27980248,$3.98,-,-,"approved / LINK Interest Earned",2026-06-24 06:00:00
NXTzjHkVuvFtlitqQjdqGs8SjVqYt9E2D,Interest,,DOGE,3.97527319,DOGE,3.97527319,$1.33,-,-,"approved / DOGE Interest Earned",2026-06-24 06:00:00
NXT306ZfNc9VVN1Pn1crGv8Ckc,Interest,,SOL,0.02294884,SOL,0.02294884,$4.69,-,-,"approved / SOL Interest Earned",2026-06-24 06:00:00
NXTA2hZ2A0CTBeCiBOISEzuNLEjAwD4cb,Interest,,ADA,1.85265920,ADA,1.85265920,$2.21,-,-,"approved / ADA Interest Earned",2026-06-24 06:00:00
NXTdCkXhYahpKRAPrJ2Dnof,Interest,,BTC,0.00021934,BTC,0.00021934,$19.20,-,-,"approved / BTC Interest Earned",2026-06-23 06:00:00
NXTwENDen5OFLblpvaZM55b6,Interest,,ETH,0.00157273,ETH,0.00157273,$6.14,-,-,"approved / ETH Interest Earned",2026-06-23 06:00:00
NXTmVpvdxf1Vq4EMIigyOZ9ZR,Interest,,NEXO,1.96201140,NEXO,1.96201140,$1.78,-,-,"approved / NEXO Interest Earned",2026-06-23 06:00:00
NXTt68xPAB9zEjmTzYIquKvQ,Interest,,XRP,0.15447656,XRP,0.15447656,$0.18,-,-,"approved / XRP Interest Earned",2026-06-23 06:00:00
NXTb0oAKNzA583eZLNYfcul,Interest,,LINK,0.42645298,LINK,0.42645298,$7.39,-,-,"approved / LINK Interest Earned",2026-06-23 06:00:00
NXTluSxI3te0edZvtfF5kzMmVF,Interest,,DOGE,2.99279165,DOGE,2.99279165,$0.46,-,-,"approved / DOGE Interest Earned",2026-06-23 06:00:00
NXT5xcjc4HitxQQelFxvyrcsF42GXKfC,Interest,,SOL,0.01224250,SOL,0.01224250,$1.05,-,-,"approved / SOL Interest Earned",2026-06-23 06:00:00
NXTz5pRT96A4BbentjaAwygzOlQuH,Interest,,ADA,0.11128199,ADA,0.11128199,$0.11,-,-,"approved / ADA Interest Earned",2026-06-23 06:00:00
NXTl3fal4Oy4AdVz3sTpUPxM,Interest,,BTC,0.00029039,BTC,0.00029039,$25.58,-,-,"approved / BTC Interest Earned",2026-06-22 06:00:00
NXTaBMN6m1oz3M1f7CcbZrAV,Interest,,ETH,0.00186120,ETH,0.00186120,$6.25,-,-,"approved / ETH Interest Earned",2026-06-22 06:00:00
NXTGIjGcetpN1EcOON7nFu7qAg,Interest,,NEXO,1.95940018,NEXO,1.95940018,$2.67,-,-,"approved / NEXO Interest Earned",2026-06-22 06:00:00
NXT5caOJ97glOQaubzSS9V5MVWYMUR,Interest,,XRP,0.32099104,XRP,0.32099104,$0.24,-,-,"approved / XRP Interest Earned",2026-06-22 06:00:00
NXT522owNZFWRQ0fbKrK2eepd1,Interest,,LINK,0.07476077,LINK,0.07476077,$1.41,-,-,"approved / LINK Interest Earned",2026-06-22 06:00:00
NXTJZH57n9dEDyKDauGhiXDpWyOS2,Interest,,DOGE,0.62208599,DOGE,0.62208599,$0.07,-,-,"approved / DOGE Interest Earned",2026-06-22 06:00:00
NXTdvhKdYQXXeF9xPzxEBOa3,Interest,,SOL,0.02522231,SOL,0.02522231,$5.14,-,-,"approved / SOL Interest Earned",2026-06-22 06:00:00
NXTAUx3fwr78tVi78Vz6WJ3z,Interest,,ADA,0.67146800,ADA,0.67146800,$0.73,-,-,"approved / ADA Interest Earned",2026-06-22 06:00:00
NXTZK0ea8ysNg5K9u0HGrxJ9NnTftKT,Exchange Cashback,,USDC,3.50859459,USDC,3.50859459,$4.51,-,-,"approved / 0.25 % on top of your Exchange transaction",2026-06-22 00:00:00
NXT9vat1T4v1tUuy66XdHyZv0D,Interest,,BTC,0.00005039,BTC,0.00005039,$4.29,-,-,"approved / BTC Interest Earned",2026-06-21 06:00:00
NXTLjXso5TkHMkf5oMM5N5dzqVe1ckd14,Interest,,ETH,0.00113978,ETH,0.00113978,$3.64,-,-,"approved / ETH Interest Earned",2026-06-21 06:00:00
NXTw8WWEjGYF3F32Vz5ahucgx,Interest,,NEXO,0.42080957,NEXO,0.42080957,$0.59,-,-,"approved / NEXO Interest Earned",2026-06-21 06:00:00
NXTIfDqYgWtDJx1dqXvHJzgPZTEPPYgYJ,Interest,,XRP,0.46424036,XRP,0.46424036,$0.64,-,-,"approved / XRP Interest Earned",2026-06-21 06:00:00
NXTdoV45gL1VPCtpRktULhYwvwje,Interest,,LINK,0.16953907,LINK,0.16953907,$1.97,-,-,"approved / LINK Interest Earned",2026-06-21 06:00:00
NXTuaZIk5PryKjSsnrwLtlmG,Interest,,DOGE,0.51441934,DOGE,0.51441934,$0.13,-,-,"approved / DOGE Interest Earned",2026-06-21 06:00:00
NXTOcpWLO6KxCHjyeF2ubchJs1Xh,Interest,,SOL,0.01935707,SOL,0.01935707,$4.59,-,-,"approved / SOL Interest Earned",2026-06-21 06:00:00
NXTgPdgei6pHzszzzm9Thwo,Interest,,ADA,1.83667652,ADA,1.83667652,$1.90,-,-,"approved / ADA Interest Earned",2026-06-21 06:00:00
NXTkkkwZ1VXiY0FN1m9ljDcf,Exchange To Withdraw,,EURX,699.27000000,EUR,699.27000000,$744.71,-,-,"approved / EURX to EUR",2026-06-21 00:00:00
NXTwcdtVAgbRgBEY6hS5RayJQDgC,Withdraw Exchanged,,EUR,-699.27000000,EUR,699.27000000,$744.71,-,-,"approved / EUR withdrawal",2026-06-21 00:00:00
NXTiCeiAIC8OJxaomG76aICoZG9D,Interest,,BTC,0.00009130,BTC,0.00009130,$6.59,-,-,"approved / BTC Interest Earned",2026-06-20 06:00:00
NXTPQ9j688IHw1lKLFgRbnWW1ZqesWRd,Interest,,ETH,0.00359225,ETH,0.00359225,$11.96,-,-,"approved / ETH Interest Earned",2026-06-20 06:00:00
NXTUlLLQScCqMYhUaIzY2SHI27LghFs,Interest,,NEXO,0.49122587,NEXO,0.49122587,$0.57,-,-,"approved / NEXO Interest Earned",2026-06-20 06:00:00
NXTP8g8vNbQ95mv60d2CumM2TBfAGHm,Interest,,XRP,0.26753004,XRP,0.26753004,$0.26,-,-,"approved / XRP Interest Earned",2026-06-20 06:00:00
NXTzLpM34QwDxOMzkYQRLIVtB,Interest,,LINK,0.10005128,LINK,0.10005128,$1.54,-,-,"approved / LINK Interest Earned",2026-06-20 06:00:00
NXTTnovbnxclGtdI9QWe8FZMEW6pB65pe,Interest,,DOGE,3.33056184,DOGE,3.33056184,$0.92,-,-,"approved / DOGE Interest Earned",2026-06-20 06:00:00
NXTM5ZJwgbk0nZemrhbviCk,Interest,,SOL,0.04656245,SOL,0.04656245,$2.27,-,-,"approved / SOL Interest Earned",2026-06-20 06:00:00
NXTB27kfLGtpxR7lvwHjmGjGZ1FB7k1xo,Interest,,ADA,1.65917142,ADA,1.65917142,$1.82,-,-,"approved / ADA Interest Earned",2026-06-20 06:00:00
NXTMVG7MhNdEm3GbQfUErVbN55,Interest,,BTC,0.00035283,BTC,0.00035283,$32.14,-,-,"approved / BTC Interest Earned",2026-06-19 06:00:00
NXTbWER4dSf7lXHJPCe23plhETKsxy8,Interest,,ETH,0.00227985,ETH,0.00227985,$7.70,-,-,"approved / ETH Interest Earned",2026-06-19 06:00:00
NXTYPmFiKGopxhPTYNNbUubigSSYQzzh,Interest,,NEXO,0.59120000,NEXO,0.59120000,$0.75,-,-,"approved / NEXO Interest Earned",2026-06-19 06:00:00
NXTpmPZTcJZAEZInljbn1uMDJZwtkKVz,Interest,,XRP,0.45014443,XRP,0.45014443,$1.01,-,-,"approved / XRP Interest Earned",2026-06-19 06:00:00
NXTHVCSb6AhhdquHiTZXjQK,Interest,,LINK,0.11374428,LINK,0.11374428,$2.66,-,-,"approved / LINK Interest Earned",2026-06-19 06:00:00
NXTQrXd4hFYJkA3V2YoU8xpFzzTbkTKU,Interest,,DOGE,3.30151735,DOGE,3.30151735,$0.93,-,-,"approved / DOGE Interest Earned",2026-06-19 06:00:00
NXTs3lUnhyD3GyKpzIL5wc0tRp,Interest,,SOL,0.04559735,SOL,0.04559735,$6.28,-,-,"approved / SOL Interest Earned",2026-06-19 06:00:00
NXTg0UAmYssSLfI9JsZq9V3qduL,Interest,,ADA,0.64050832,ADA,0.64050832,$0.43,-,-,"approved / ADA Interest Earned",2026-06-19 06:00:00
NXT6vQMlkT1350fYLmusSlByHpG,Manual Repayment,,USD,140.52710539,USD,0.00000000,$140.53,-,-,"approved / Fiat Repayment",2026-06-19 00:00:00
NXTbXxXQmTSLpPtuX9xeqIo80q,Interest,,BTC,0.00006171,BTC,0.00006171,$4.89,-,-,"approved / BTC Interest Earned",2026-06-18 06:00:00
NXTfkiXvTl8rgJgAhTeGj5XN7ykoiy,Interest,,ETH,0.00419491,ETH,0.00419491,$14.54,-,-,"approved / ETH Interest Earned",2026-06-18 06:00:00
NXT0DiyPawL1rGgnqzqdB66F,Interest,,NEXO,1.11246871,NEXO,1.11246871,$1.00,-,-,"approved / NEXO Interest Earned",2026-06-18 06:00:00
NXT0D7zeiFGM83elzMv6L0ALsiw3YcT2,Interest,,XRP,0.34362601,XRP,0.34362601,$0.26,-,-,"approved / XRP Interest Earned",2026-06-18 06:00:00
NXTIvm82FOVVe9XYtIES1Vhkq,Interest,,LINK,0.45025197,LINK,0.45025197,$3.58,-,-,"approved / LINK Interest Earned",2026-06-18 06:00:00
NXTCIKbtWKkAwI1V58DjDAKN6,Interest,,DOGE,3.61638905,DOGE,3.61638905,$1.26,-,-,"approved / DOGE Interest Earned",2026-06-18 06:00:00
NXTvcqnZNLsdp2NMMd92M5d,Interest,,SOL,0.03506248,SOL,0.03506248,$3.76,-,-,"approved / SOL Interest Earned",2026-06-18 06:00:00
NXTn9WWa0mnfzFoKQJ1QM1xSyKQJch,Interest,,ADA,1.77112641,ADA,1.77112641,$0.85,-,-,"approved / ADA Interest Earned",2026-06-18 06:00:00
NXTnUXeTewisFP8eqV6Ll5zeKBQp,Interest,,BTC,0.00043788,BTC,0.00043788,$37.06,-,-,"approved / BTC Interest Earned",2026-06-17 06:00:00
NXTOsuFAyYJ55qyRhahbsujs06zN0,Interest,,ETH,0.00184343,ETH,0.00184343,$5.32,-,-,"approved / ETH Interest Earned",2026-06-17 06:00:00
NXTcGuf1UHb0aQvDdtH7dMgUfVti,Interest,,NEXO,1.50216445,NEXO,1.50216445,$2.03,-,-,"approved / NEXO Interest Earned",2026-06-17 06:00:00
NXTcmY84anIUMIVKSPA7dJ17,Interest,,XRP,0.49283674,XRP,0.49283674,$0.91,-,-,"approved / XRP Interest Earned",2026-06-17 06:00:00
NXTYuUqDtdbxNu3Q4pVVxn90atvO1cUm,Interest,,LINK,0.34234101,LINK,0.34234101,$6.72,-,-,"approved / LINK Interest Earned",2026-06-17 06:00:00
NXTF7F4T1erzQzzpZrO5gKeVx1ME8,Interest,,DOGE,0.51497641,DOGE,0.51497641,$0.20,-,-,"approved / DOGE Interest Earned",2026-06-17 06:00:00
NXTTmaU3PbMhtvtjpKIghuEa8lqrj,Interest,,SOL,0.01608949,SOL,0.01608949,$3.82,-,-,"approved / SOL Interest Earned",2026-06-17 06:00:00
NXTtE9lkhgpl2LSuusMr3SNHz,Interest,,ADA,1.79238307,ADA,1.79238307,$1.12,-,-,"approved / ADA Interest Earned",2026-06-17 06:00:00
NXTlCjAyP19Zwkv6NW7QBQ9jq,Exchange,,ETH,-0.02147114,NEXO,58.55765490,$64.41,0.00017016,ETH,"approved / Exchange ETH to NEXO",2026-06-17 00:00:00
NXTnafddJkIkV5m70GFu3gF,Interest,,BTC,0.00003873,BTC,0.00003873,$2.34,-,-,"approved / BTC Interest Earned",2026-06-16 06:00:00
NXT8X24kriwPw4FdDKts8kS1wP6,Interest,,ETH,0.00429179,ETH,0.00429179,$12.11,-,-,"approved / ETH Interest Earned",2026-06-16 06:00:00
NXTR54upLnqjs4ztlpqlbMaU,Interest,,NEXO,1.44650396,NEXO,1.44650396,$1.39,-,-,"approved / NEXO Interest Earned",2026-06-16 06:00:00
NXT7AdBbAOppjg75nvFYx0m,Interest,,XRP,0.15071689,XRP,0.15071689,$0.37,-,-,"approved / XRP Interest Earned",2026-06-16 06:00:00
NXTw7V8hoY7QNgfrToTJuC4S,Interest,,LINK,0.39853929,LINK,0.39853929,$6.18,-,-,"approved / LINK Interest Earned",2026-06-16 06:00:00
NXTOuEIDIOgUASlhR1ioshf9PmVt,Interest,,DOGE,3.10417147,DOGE,3.10417147,$0.31,-,-,"approved / DOGE Interest Earned",2026-06-16 06:00:00
NXTq5bTqNoiIBaVUW8U4AZfc5Ws,Interest,,SOL,0.01222177,SOL,0.01222177,$1.98,-,-,"approved / SOL Interest Earned",2026-06-16 06:00:00
NXTEEFKGx1GEsoZM6U3GvWjVIdJykk9tI,Interest,,ADA,0.99669765,ADA,0.99669765,$1.16,-,-,"approved / ADA Interest Earned",2026-06-16 06:00:00
NXTXuVX0F3FHR87u2Vk9y5pdOY,Exchange,,BTC,-0.00524792,NEXO,381.66661529,$419.83,0.00005030,BTC,"approved / Exchange BTC to NEXO",2026-06-16 00:00:00
NXTkhBqcNBYU3lCV5dBv9YIzBVqnrH30f,Interest,,BTC,0.00017692,BTC,0.00017692,$13.63,-,-,"approved / BTC Interest Earned",2026-06-15 06:00:00
NXT62F8Q7djgG5I1ykupqe1V7kcnizNJ,Interest,,ETH,0.00257455,ETH,0.00257455,$10.17,-,-,"approved / ETH Interest Earned",2026-06-15 06:00:00
NXT5CTLMEkzoJ4n33aYkRkiayiqDsGcy,Interest,,NEXO,0.36528695,NEXO,0.36528695,$0.53,-,-,"approved / NEXO Interest Earned",2026-06-15 06:00:00
NXTFjCAb1kaTCKLbWqtPIbNk7A2MCkQ,Interest,,XRP,0.41004583,XRP,0.41004583,$0.67,-,-,"approved / XRP Interest Earned",2026-06-15 06:00:00
NXTnGREtBdUxqM41HzmOz677ojqo,Interest,,LINK,0.27098069,LINK,0.27098069,$6.08,-,-,"approved / LINK Interest Earned",2026-06-15 06:00:00
NXT8Ly680sBqIuh0iB6elwn6V,Interest,,DOGE,3.95621633,DOGE,3.95621633,$1.61,-,-,"approved / DOGE Interest Earned",2026-06-15 06:00:00
NXTCQlRqsiawjj9vzEGVLaBxhhQVRoXYu,Interest,,SOL,0.03399086,SOL,0.03399086,$1.23,-,-,"approved / SOL Interest Earned",2026-06-15 06:00:00
NXTYajRAC9XKgD7atbjlbQo18,Interest,,ADA,1.46321611,ADA,1.46321611,$0.40,-,-,"approved / ADA Interest Earned",2026-06-15 06:00:00
NXT4ErThG4OWF2YQlFTkg2hO,Exchange,,LINK,-21.78836996,ETH,0.10894185,$326.83,0.10111720,LINK,"approved / Exchange LINK to ETH",2026-06-15 00:00:00
NXTdsZzdp9IQTwWdxULVDJvNO,Interest,,BTC,0.00043095,BTC,0.00043095,$34.81,-,-,"approved / BTC Interest Earned",2026-06-14 06:00:00
NXTZ3AGXiPS3ITJzxJJm6ejXS5eBPxn7c,Interest,,ETH,0.00433506,ETH,0.00433506,$7.90,-,-,"approved / ETH Interest Earned",2026-06-14 06:00:00
NXT0rOQnfiJbB78kgHnZvCb,Interest,,NEXO,1.11320513,NEXO,1.11320513,$0.99,-,-,"approved / NEXO Interest Earned",2026-06-14 06:00:00
NXTKgRnr5C5kFYHabgXe0P7Kzh9HAp9oH,Interest,,XRP,0.35568909,XRP,0.35568909,$0.65,-,-,"approved / XRP Interest Earned",2026-06-14 06:00:00
NXTpKVlN529Jc9Sy2wCE7UjPm,Interest,,LINK,0.16961667,LINK,0.16961667,$3.50,-,-,"approved / LINK Interest Earned",2026-06-14 06:00:00
NXTrMOON4XaobxWc9gQB7vMypCZ2F,Interest,,DOGE,3.57868941,DOGE,3.57868941,$0.76,-,-,"approved / DOGE Interest Earned",2026-06-14 06:00:00
NXTZUMzo8YkMhqSuExOp1LVepn,Interest,,SOL,0.02101601,SOL,0.02101601,$3.78,-,-,"approved / SOL Interest Earned",2026-06-14 06:00:00
NXT5B0TOdhFDHc7eCPzxKJmOd0,Interest,,ADA,0.17071637,ADA,0.17071637,$0.06,-,-,"approved / ADA Interest Earned",2026-06-14 06:00:00
NXTaz2gDvv4MhDB1A8dXY8tv7wCUi3PFL,Interest,,BTC,0.00045470,BTC,0.00045470,$30.32,-,-,"approved / BTC Interest Earned",2026-06-13 06:00:00
NXTJ8AyH6I0Pbs5Uc9EUo2SvRyTW,Interest,,ETH,0.00469909,ETH,0.00469909,$14.04,-,-,"approved / ETH Interest Earned",2026-06-13 06:00:00
NXTkQEv43sD7dtAOEHJMu4lEIqL9Sz,Interest,,NEXO,0.78410945,NEXO,0.78410945,$0.70,-,-,"approved / NEXO Interest Earned",2026-06-13 06:00:00
NXTfsv1oShqFNT9VZEhQFgWxs3HX6ClqB,Interest,,XRP,0.22986324,XRP,0.22986324,$0.25,-,-,"approved / XRP Interest Earned",2026-06-13 06:00:00
NXTkh25rKdyyaGEyhb9I6n5bJDo,Interest,,LINK,0.41265583,LINK,0.41265583,$4.05,-,-,"approved / LINK Interest Earned",2026-06-13 06:00:00
NXT00EZSyEekE0XCohDozLHxKnh12oSH,Interest,,DOGE,1.94923988,DOGE,1.94923988,$0.54,-,-,"approved / DOGE Interest Earned",2026-06-13 06:00:00
NXTlmKKBD6mdmMxptKH6EsjYC4HmQlU92,Interest,,SOL,0.00883262,SOL,0.00883262,$1.42,-,-,"approved / SOL Interest Earned",2026-06-13 06:00:00
NXTUi0uEY56a7R40xlFKD88,Interest,,ADA,1.34463953,ADA,1.34463953,$1.19,-,-,"approved / ADA Interest Earned",2026-06-13 06:00:00
NXTu57jAQa1BHA65zrPV4cEoOPL,Interest,,BTC,0.00049033,BTC,0.00049033,$41.05,-,-,"approved / BTC Interest Earned",2026-06-12 06:00:00
NXTkMFhFAQ2vh92OxiWqFK4y,Interest,,ETH,0.00374046,ETH,0.00374046,$14.89,-,-,"approved / ETH Interest Earned",2026-06-12 06:00:00
NXTvwtdqpuFNP6wUdwX4BZxUas41,Interest,,NEXO,1.44049094,NEXO,1.44049094,$1.46,-,-,"approved / NEXO Interest Earned",2026-06-12 06:00:00
NXTsjjFbojaJOR7rIYCAZNBY5Vkg,Interest,,XRP,0.14700776,XRP,0.14700776,$0.32,-,-,"approved / XRP Interest Earned",2026-06-12 06:00:00
NXTfQLZ89kG6A9Z2Op9OeZJI,Interest,,LINK,0.29778497,LINK,0.29778497,$4.36,-,-,"approved / LINK Interest Earned",2026-06-12 06:00:00
NXT3OjqyHNIXvPgW2ppAoFHaHafTVhEr,Interest,,DOGE,4.18698811,DOGE,4.18698811,$1.73,-,-,"approved / DOGE Interest Earned",2026-06-12 06:00:00
NXTfA4z6hTeT4qwCL21Q2nZg,Interest,,SOL,0.00169034,SOL,0.00169034,$0.07,-,-,"approved / SOL Interest Earned",2026-06-12 06:00:00
NXTEx8rqfught45OgPTqPgVeFBu,Interest,,ADA,0.38195317,ADA,0.38195317,$0.10,-,-,"approved / ADA Interest Earned",2026-06-12 06:00:00
NXT2Jbc3Tq1h5AIvInDNdyFQQZl2,Unlocking Term Deposit,,ETH,0.09503591,ETH,0.09503591,$285.11,-,-,"approved / Transfer from Term Wallet to Savings Wallet",2026-06-12 05:00:00
NXTQA9FLR9iYhHFl7KpY99lyLTrnsKOav,Interest,,BTC,0.00016024,BTC,0.00016024,$14.16,-,-,"approved / BTC Interest Earned",2026-06-11 06:00:00
NXTHkoTbhcFRt49snGAGIBJGCGcJVcw,Interest,,ETH,0.00193567,ETH,0.00193567,$5.16,-,-,"approved / ETH Interest Earned",2026-06-11 06:00:00
NXTKjZn8FUnwEnWOjuRrOKeYpxwSn,Interest,,NEXO,1.41650910,NEXO,1.41650910,$1.24,-,-,"approved / NEXO Interest Earned",2026-06-11 06:00:00
NXTGwQsfusY8TUYbcVadviOugNGnrs0,Interest,,XRP,0.28927820,XRP,0.28927820,$0.36,-,-,"approved / XRP Interest Earned",2026-06-11 06:00:00
NXT93AUcP3LsNwwHXeUNC7k1bIhFE9h,Interest,,LINK,0.27154938,LINK,0.27154938,$5.65,-,-,"approved / LINK Interest Earned",2026-06-11 06:00:00
NXTyAx09UqpErpCmib0rRb82ru,Interest,,DOGE,3.53521113,DOGE,3.53521113,$1.16,-,-,"approved / DOGE Interest Earned",2026-06-11 06:00:00
NXTnXh7U87p8r1dYbrYZvIn0RvmZYxL2,Interest,,SOL,0.02598903,SOL,0.02598903,$2.79,-,-,"approved / SOL Interest Earned",2026-06-11 06:00:00
NXTkRQ0kexwpGHiS5Fbi1AOnJWm5KFBS,Interest,,ADA,1.33900128,ADA,1.33900128,$1.49,-,-,"approved / ADA Interest Earned",2026-06-11 06:00:00
NXTyXJfm7y69RwTV2YYBsX6hNxcB8ke,Fixed Term Interest,,NEXO,97.70437367,NEXO,97.70437367,$78.71,-,-,"approved / Term Deposit Interest",2026-06-11 05:00:00
NXTQPuDaGP4qzuiymHqjqYXfeo,Exchange,,BTC,-0.00149982,NEXO,109.07784172,$119.99,0.00000929,BTC,"approved / Exchange BTC to NEXO",2026-06-11 00:00:00
NXTcCvx7p92IqDPKYcdsd0NaUcaEWSGox,Interest,,BTC,0.00043460,BTC,0.00043460,$27.98,-,-,"approved / BTC Interest Earned",2026-06-10 06:00:00
NXTtAH7LYsbMILTHqm9bGb1l,Interest,,ETH,0.00427983,ETH,0.00427983,$13.11,-,-,"approved / ETH Interest Earned",2026-06-10 06:00:00
NXTeF4NAcykSfM3q6yb62X3acdc,Interest,,NEXO,0.19808155,NEXO,0.19808155,$0.27,-,-,"approved / NEXO Interest Earned",2026-06-10 06:00:00
NXTOzaydhMaxHDaTcdtp6T0nryvNqcD,Interest,,XRP,0.05417182,XRP,0.05417182,$0.03,-,-,"approved / XRP Interest Earned",2026-06-10 06:00:00
NXTvLhk7MZWbY372vnw55F1mZcWCYsfA2,Interest,,LINK,0.35610652,LINK,0.35610652,$7.58,-,-,"approved / LINK Interest Earned",2026-06-10 06:00:00
NXTTFQGR8qOAUJn7gPx9PNHV2qhw,Interest,,DOGE,1.18461411,DOGE,1.18461411,$0.20,-,-,"approved / DOGE Interest Earned",2026-06-10 06:00:00
NXTs2arbf8NCKfNGAeh2FLucAgfLUSYsk,Interest,,SOL,0.03327402,SOL,0.03327402,$8.00,-,-,"approved / SOL Interest Earned",2026-06-10 06:00:00
NXT2oasbRwZKuO7a9TKIjPihu,Interest,,ADA,1.41733494,ADA,1.41733494,$0.79,-,-,"approved / ADA Interest Earned",2026-06-10 06:00:00
NXTrLNmA44cg5p9mSykcCYNmRXA,Credit Card Withdrawal Credit,Card,xUSD,-27.44000000,xUSD,27.44000000,$27.44,-,-,"authorized / Nexo Card Loan Withdrawal",2026-06-10 00:00:00
NXTU0Tj10EQPamJ6Pq2UBj2P,Exchange Credit,Card,xUSD,-27.44000000,EURX,24.54000000,$27.44,-,-,"authorized / Nexo Card Loan Withdrawal",2026-06-10 00:00:00
NXTUhGv3pq7wmkT0IKC6q1tGNEwk,Nexo Card Purchase,Card,xUSD,-27.44000000,EURX,24.54000000,$27.44,-,-,"approved / LIDL FILIALE | MUNICH",2026-06-10 00:00:00
NXToT3TXhyOklKKjauSNqifb2HU,Cashback,,NEXO,0.10469594,NEXO,0.10469594,$0.14,-,-,"approved / LIDL FILIALE | MUNICH",2026-06-10 00:00:00
NXTvUzUug86SAGNnrtC23NF4Qd6ZpisS,Interest,,BTC,0.00044728,BTC,0.00044728,$32.29,-,-,"approved / BTC Interest Earned",2026-06-09 06:00:00
NXT58fh3qFOgiUMw4bAzuJJTj9dCqxy,Interest,,ETH,0.00491094,ETH,0.00491094,$12.60,-,-,"approved / ETH Interest Earned",2026-06-09 06:00:00
NXTzcVByYM8zHnI1WbOHSc6KoANb,Interest,,NEXO,1.94675590,NEXO,1.94675590,$2.28,-,-,"approved / NEXO Interest Earned",2026-06-09 06:00:00
NXTdbtI1jG1lFNwXCsGylU3DFf,Interest,,XRP,0.38142939,XRP,0.38142939,$0.90,-,-,"approved / XRP Interest Earned",2026-06-09 06:00:00
NXT9dLjBkFxWUKDIp1GkYGfLhjWZx,Interest,,LINK,0.42410351,LINK,0.42410351,$7.87,-,-,"approved / LINK Interest Earned",2026-06-09 06:00:00
NXT4VDGYtY6R9CTy5qGEQkXG3QRhLrhw,Interest,,DOGE,2.65158544,DOGE,2.65158544,$0.69,-,-,"approved / DOGE Interest Earned",2026-06-09 06:00:00
NXTJCkHJwAVuueAwKoq9KKvjH2o29,Interest,,SOL,0.00439903,SOL,0.00439903,$0.55,-,-,"approved / SOL Interest Earned",2026-06-09 06:00:00
NXTPSxXqmoFcELEk6FOMUPx4DZWO,Interest,,ADA,1.99738424,ADA,1.99738424,$0.97,-,-,"approved / ADA Interest Earned",2026-06-09 06:00:00
NXTo3QJq5QrHOl0amiYY5sI,Top up Crypto,,LINK,28.10699004,LINK,28.10699004,$421.60,-,-,"approved / b7e8a00dfac6d3b0859a97708084f0dace11238d46569f3adadc16800276c9d1",2026-06-09 00:00:00
NXTyyDvwRVzJO3WDv0GORh0k3NfnM,Deposit To Exchange,,EUR,1249.33000000,EURX,1249.33000000,$1351.38,-,-,"approved / EUR Top Up",2026-06-09 00:00:00
NXTEkE892Ze79t2P1DlAwe2UciNlxcYg,Exchange Deposited On,,EUR,-1249.33000000,EURX,1249.33000000,$1351.38,-,-,"approved / EUR to EURX",2026-06-09 00:00:00
NXTxPPGLp0BjHyo3PiGEU0lEnf,Interest,,BTC,0.00028666,BTC,0.00028666,$18.10,-,-,"approved / BTC Interest Earned",2026-06-08 06:00:00
NXTuHXrl1hjQ1THUkfv2DNt74,Interest,,ETH,0.00197356,ETH,0.00197356,$5.99,-,-,"approved / ETH Interest Earned",2026-06-08 06:00:00
NXTKwYsiRsnLk9FOgbSbHIPSTdHT,Interest,,NEXO,0.49766242,NEXO,0.49766242,$0.43,-,-,"approved / NEXO Interest Earned",2026-06-08 06:00:00
NXTpVnKxTcnxt9rnA3KerP3sf,Interest,,XRP,0.23239837,XRP,0.23239837,$0.58,-,-,"approved / XRP Interest Earned",2026-06-08 06:00:00
NXTXIcG8SfYaysKXf256kXQWVy,Interest,,LINK,0.17459697,LINK,0.17459697,$2.11,-,-,"approved / LINK Interest Earned",2026-06-08 06:00:00
NXTKB65mGFc4RN5CvmWWZQt2goJZWU,Interest,,DOGE,2.94459171,DOGE,2.94459171,$0.30,-,-,"approved / DOGE Interest Earned",2026-06-08 06:00:00
NXTog7Q46i11UwgI3aLJ5yXLRoyfqdIg,Interest,,SOL,0.03555791,SOL,0.03555791,$7.60,-,-,"approved / SOL Interest Earned",2026-06-08 06:00:00
NXT3YyyKYDtEbDLTks5qLHB3JxcyrQuIb,Interest,,ADA,1.38322601,ADA,1.38322601,$0.52,-,-,"approved / ADA Interest Earned",2026-06-08 06:00:00
NXTAd2lgEuiBHpv8755NNstWLsGu,Interest,,BTC,0.00023844,BTC,0.00023844,$15.75,-,-,"approved / BTC Interest Earned",2026-06-07 06:00:00
NXTYANd1Df7T9yqy5dmysfVD,Interest,,ETH,0.00139691,ETH,0.00139691,$3.47,-,-,"approved / ETH Interest Earned",2026-06-07 06:00:00
NXTf9tpUYlgoq4KEKjjgSHcB1,Interest,,NEXO,0.30895238,NEXO,0.30895238,$0.30,-,-,"approved / NEXO Interest Earned",2026-06-07 06:00:00
NXTL7LQkKPh1AZKAd981q7GjrWSh,Interest,,XRP,0.45046151,XRP,0.45046151,$0.66,-,-,"approved / XRP Interest Earned",2026-06-07 06:00:00
NXTzuo822UaOHz7f7pQAbsObFyl6PXx,Interest,,LINK,0.34332827,LINK,0.34332827,$2.40,-,-,"approved / LINK Interest Earned",2026-06-07 06:00:00
NXTNqAfHJpTTUtoeFpBBKhD,Interest,,DOGE,1.11093341,DOGE,1.11093341,$0.49,-,-,"approved / DOGE Interest Earned",2026-06-07 06:00:00
NXTsQ2rHC0zmRTVhxa0BfizvcM4,Interest,,SOL,0.00685779,SOL,0.00685779,$0.89,-,-,"approved / SOL Interest Earned",2026-06-07 06:00:00
NXTaKmIdptvVlNtifwKfwTD9,Interest,,ADA,1.34996394,ADA,1.34996394,$0.85,-,-,"approved / ADA Interest Earned",2026-06-07 06:00:00
NXTGFVrzMCzMaAkwTuqnZErxE2804XN,Exchange Cashback,,USDC,0.79223368,USDC,0.79223368,$0.94,-,-,"approved / 1 % on top of your Exchange transaction",2026-06-07 00:00:00
NXTMb4QVwbORNrwDUjfihmd7o6dU1H,Interest,,BTC,0.00002637,BTC,0.00002637,$2.44,-,-,"approved / BTC Interest Earned",2026-06-06 06:00:00
NXTCs2kzbk5NTqQFeGN9ibj0HC,Interest,,ETH,0.00271180,ETH,0.00271180,$9.48,-,-,"approved / ETH Interest Earned",2026-06-06 06:00:00
NXT0Ui8WAXjblH0da7gChZW,Interest,,NEXO,0.34673755,NEXO,0.34673755,$0.44,-,-,"approved / NEXO Interest Earned",2026-06-06 06:00:00
NXTClaOrsHQBZeFmOvqpsCwrRTWus,Interest,,XRP,0.32106934,XRP,0.32106934,$0.61,-,-,"approved / XRP Interest Earned",2026-06-06 06:00:00
NXTa8ZR5W25nbQgLyhZmXs4DX,Interest,,LINK,0.36845400,LINK,0.36845400,$5.42,-,-,"approved / LINK Interest Earned",2026-06-06 06:00:00
NXTvYFbHKJaf5dx1KcP1LbSJqUp,Interest,,DOGE,1.33376676,DOGE,1.33376676,$0.27,-,-,"approved / DOGE Interest Earned",2026-06-06 06:00:00
NXTAaOZ046CYKcqdx6VFkcp,Interest,,SOL,0.00101856,SOL,0.00101856,$0.07,-,-,"approved / SOL Interest Earned",2026-06-06 06:00:00
NXTrZmN3DluE9Fa1irmjXofSc0nW3NWi,Interest,,ADA,1.82287137,ADA,1.82287137,$1.62,-,-,"approved / ADA Interest Earned",2026-06-06 06:00:00
NXTC87KRyu9WsvGRQ1MyeDRGoUhfzop,Deposit To Exchange,,EUR,641.13000000,EURX,641.13000000,$707.77,0.57354380,EUR,"approved / EUR Top Up",2026-06-06 00:00:00
NXTRV3VAQc5FUsTMO14gbj3Kmy,Exchange Deposited On,,EUR,-641.13000000,EURX,641.13000000,$707.77,-,-,"approved / EUR to EURX",2026-06-06 00:00:00
NXTwtjVdfGmd97X1SaR5ttzuuMZkn7z,Interest,,BTC,0.00026243,BTC,0.00026243,$17.31,-,-,"approved / BTC Interest Earned",2026-06-05 06:00:00
NXTsnOkXVdSfaghbcstkHA7FScUgNyou,Interest,,ETH,0.00487679,ETH,0.00487679,$12.47,-,-,"approved / ETH Interest Earned",2026-06-05 06:00:00
NXTysqtxIsziStHpKiccQxbiG,Interest,,NEXO,0.29200362,NEXO,0.29200362,$0.33,-,-,"approved / NEXO Interest Earned",2026-06-05 06:00:00
NXT2AhkiYyBvZPB1SgQlxx2fkwuiLo,Interest,,XRP,0.35355129,XRP,0.35355129,$0.47,-,-,"approved / XRP Interest Earned",2026-06-05 06:00:00
NXTOHNmONZvV9Civge1uTibemG4DCPuN,Interest,,LINK,0.39353412,LINK,0.39353412,$5.34,-,-,"approved / LINK Interest Earned",2026-06-05 06:00:00
NXTpnflnzZQOHdJCj1yVqtSwbDa3,Interest,,DOGE,0.73311060,DOGE,0.73311060,$0.21,-,-,"approved / DOGE Interest Earned",2026-06-05 06:00:00
NXTEc0FBd3oTkDoEZGAjznW1OdtD,Interest,,SOL,0.03707142,SOL,0.03707142,$0.74,-,-,"approved / SOL Interest Earned",2026-06-05 06:00:00
NXT2fGEQGMh5ugOaIp6wH1SVaz0,Interest,,ADA,1.04367556,ADA,1.04367556,$0.70,-,-,"approved / ADA Interest Earned",2026-06-05 06:00:00
NXTLkGKmGOJFgSxSldtBr4krqiI,Interest,,BTC,0.00035729,BTC,0.00035729,$29.59,-,-,"approved / BTC Interest Earned",2026-06-04 06:00:00
NXT3jwYxXTKEH0jCloMbyb9Koz0hlZs,Interest,,ETH,0.00428156,ETH,0.00428156,$8.64,-,-,"approved / ETH Interest Earned",2026-06-04 06:00:00
NXTt33zPMh4D0nxbCbZjO6AzsU,Interest,,NEXO,1.36291098,NEXO,1.36291098,$1.81,-,-,"approved / NEXO Interest Earned",2026-06-04 06:00:00
NXTQpRejysuOpmFYa7vcIkjU1S41klaW,Interest,,XRP,0.23836285,XRP,0.23836285,$0.28,-,-,"approved / XRP Interest Earned",2026-06-04 06:00:00
NXTN3EJGqeipUtUFr6bJ6njAbm7,Interest,,LINK,0.41820375,LINK,0.41820375,$6.65,-,-,"approved / LINK Interest Earned",2026-06-04 06:00:00
NXTXFcpnMxudMFzogQu8XaBKWsxZb,Interest,,DOGE,4.08066334,DOGE,4.08066334,$1.14,-,-,"approved / DOGE Interest Earned",2026-06-04 06:00:00
NXTHH3oDwnKRNJ6t44p4lkqM,Interest,,SOL,0.02421541,SOL,0.02421541,$6.05,-,-,"approved / SOL Interest Earned",2026-06-04 06:00:00
NXT2yUV1pTMj3Ef4DHZyptwNzDH4,Interest,,ADA,0.57071877,ADA,0.57071877,$0.68,-,-,"approved / ADA Interest Earned",2026-06-04 06:00:00
NXTljpi2f3ry7RG7k4MZeqmIO,Interest,,BTC,0.00041299,BTC,0.00041299,$31.32,-,-,"approved / BTC Interest Earned",2026-06-03 06:00:00
NXTeGVzRiFDbRSOKssReyoNTdjpBg,Interest,,ETH,0.00341705,ETH,0.00341705,$12.96,-,-,"approved / ETH Interest Earned",2026-06-03 06:00:00
NXTa5mhKNTXofG7U1BAP308xdfy,Interest,,NEXO,0.50351482,NEXO,0.50351482,$0.46,-,-,"approved / NEXO Interest Earned",2026-06-03 06:00:00
NXTiJhfz7FfObv5NndiwwuLwLlV8Uuz,Interest,,XRP,0.16733042,XRP,0.16733042,$0.19,-,-,"approved / XRP Interest Earned",2026-06-03 06:00:00
NXT0akiwEpYCcX1fyY6UfoYnk9j,Interest,,LINK,0.05139007,LINK,0.05139007,$0.72,-,-,"approved / LINK Interest Earned",2026-06-03 06:00:00
NXTQSqmA0yXyR20fy7kt45k74N,Interest,,DOGE,2.09664603,DOGE,2.09664603,$0.38,-,-,"approved / DOGE Interest Earned",2026-06-03 06:00:00
NXTYnATSLKRXKJevfNTe16GeUZm1JOw,Interest,,SOL,0.00801234,SOL,0.00801234,$1.49,-,-,"approved / SOL Interest Earned",2026-06-03 06:00:00
NXT6MjSkoxqONuRt7SQ7dYqGz6tOXK4Pq,Interest,,ADA,1.35506650,ADA,1.35506650,$1.33,-,-,"approved / ADA Interest Earned",2026-06-03 06:00:00
NXTPLC8rAP90IUp3OvmUIB8Mx,Exchange Liquidation,Card,EURX,130.63000000,xUSD,138.80000000,$138.80,-,-,"approved / Crypto repayment / Exchange EURX to xUSD",2026-06-03 00:00:00
NXTOWmR0p3D7VATZgKUJA3kP4BUmHRP,Interest,,BTC,0.00029658,BTC,0.00029658,$24.07,-,-,"approved / BTC Interest Earned",2026-06-02 06:00:00
NXTG3aQPw8rAq277x5A6EEERUjh,Interest,,ETH,0.00444889,ETH,0.00444889,$10.50,-,-,"approved / ETH Interest Earned",2026-06-02 06:00:00
NXTTAqqmbTwa5l6oKiPntx7wAbX1,Interest,,NEXO,0.35038109,NEXO,0.35038109,$0.44,-,-,"approved / NEXO Interest Earned",2026-06-02 06:00:00
NXTI5rLbyz6t0eCEJR8aiF6r9hHX,Interest,,XRP,0.07001114,XRP,0.07001114,$0.09,-,-,"approved / XRP Interest Earned",2026-06-02 06:00:00
NXTD0YYQiHmEJqbde2uG45D,Interest,,LINK,0.19925809,LINK,0.19925809,$4.05,-,-,"approved / LINK Interest Earned",2026-06-02 06:00:00
NXTZ4LsiPZhyzQLkFIKCYos1tA30D,Interest,,DOGE,0.72678225,DOGE,0.72678225,$0.31,-,-,"approved / DOGE Interest Earned",2026-06-02 06:00:00
NXTStVPcQCreCG9cUtCdqxoQRq,Interest,,SOL,0.00729961,SOL,0.00729961,$1.71,-,-,"approved / SOL Interest Earned",2026-06-02 06:00:00
NXTXYn1G0VBGJxeG2oj2iPLgw,Interest,,ADA,1.65683204,ADA,1.65683204,$1.52,-,-,"approved / ADA Interest Earned",2026-06-02 06:00:00
NXTVmzCKnITYm8w3vHeY3q4uu3Ax0,Withdrawal,,ETH,-0.26207286,ETH,0.26207286,$786.22,-,-,"approved / ETH withdrawal",2026-06-02 00:00:00
NXTC63iCeoIA8KRIaliqgnjfL24Ut6,Interest,,BTC,0.00048505,BTC,0.00048505,$35.92,-,-,"approved / BTC Interest Earned",2026-06-01 06:00:00
NXTpR1r9pI1eKGS0Ad6R8qxY53cvlJ,Interest,,ETH,0.00114195,ETH,0.00114195,$3.79,-,-,"approved / ETH Interest Earned",2026-06-01 06:00:00
NXThknhEzi2z64IOWt8rYOpv3jgziP9s,Interest,,NEXO,0.49149844,NEXO,0.49149844,$0.55,-,-,"approved / NEXO Interest Earned",2026-06-01 06:00:00
NXTty46DJ7fvTodRSTC0CZ84IF2gFz,Interest,,XRP,0.41395672,XRP,0.41395672,$0.90,-,-,"approved / XRP Interest Earned",2026-06-01 06:00:00
NXTM3AnsUKPYlimths7fZqzNpH,Interest,,LINK,0.45222779,LINK,0.45222779,$8.02,-,-,"approved / LINK Interest Earned",2026-06-01 06:00:00
NXTpnAQOriXRQirmUg4gyXIuR6,Interest,,DOGE,4.70172269,DOGE,4.70172269,$2.04,-,-,"approved / DOGE Interest Earned",2026-06-01 06:00:00
NXTaWYz0Tb9RUOig4bMr0FesFe3YkxYpr,Interest,,SOL,0.00615479,SOL,0.00615479,$0.13,-,-,"approved / SOL Interest Earned",2026-06-01 06:00:00
NXTPzAsPv8LwEYuGfOpenlnf,Interest,,ADA,1.10346124,ADA,1.10346124,$1.06,-,-,"approved / ADA Interest Earned",2026-06-01 06:00:00
NXTFMi8Ueab1rxpGLgDAF8uUj,Interest,,BTC,0.00023974,BTC,0.00023974,$22.26,-,-,"approved / BTC Interest Earned",2026-05-31 06:00:00
NXTy3OQ8gGGVZLpIOiT4OgXw,Interest,,ETH,0.00448678,ETH,0.00448678,$9.81,-,-,"approved / ETH Interest Earned",2026-05-31 06:00:00
NXTlIUU8PpBAKcCbxNQuomdhNx,Interest,,NEXO,1.78498948,NEXO,1.78498948,$2.41,-,-,"approved / NEXO Interest Earned",2026-05-31 06:00:00
NXTXQT43N3nplxRdtvecKyh7HZrsEYF,Interest,,XRP,0.32145463,XRP,0.32145463,$0.63,-,-,"approved / XRP Interest Earned",2026-05-31 06:00:00
NXTBurcUKRd1DYFVqZKjX8o,Interest,,LINK,0.34578597,LINK,0.34578597,$7.40,-,-,"approved / LINK Interest Earned",2026-05-31 06:00:00
NXTJtHakaLAymREPQMJiPDhnsO3jQ,Interest,,DOGE,1.64019554,DOGE,1.64019554,$0.67,-,-,"approved / DOGE Interest Earned",2026-05-31 06:00:00
NXT1bCl1YFDoLxLlqILoEyYxnFGWCVjhX,Interest,,SOL,0.01508963,SOL,0.01508963,$3.64,-,-,"approved / SOL Interest Earned",2026-05-31 06:00:00
NXTWlAdxoFMauqcyLLpX1dRHUJVu,Interest,,ADA,1.01373609,ADA,1.01373609,$0.75,-,-,"approved / ADA Interest Earned",2026-05-31 06:00:00
NXT46dwoFjFSZXmip3GWeymrjHL,Exchange Cashback,,EURX,4.69096463,EURX,4.69096463,$6.30,-,-,"approved / 1 % on top of your Exchange transaction",2026-05-31 00:00:00
NXTBraonuQEC948g1Yl2dM0V,Exchange Liquidation,Card,EURX,84.59000000,xUSD,91.34000000,$91.34,-,-,"approved / Crypto repayment / Exchange EURX to xUSD",2026-05-31 00:00:00
NXTLZdMhhif36Esr3HOXosdiSCac4JD6M,Interest,,BTC,0.00035390,BTC,0.00035390,$24.74,-,-,"approved / BTC Interest Earned",2026-05-30 06:00:00
NXTAJFed4DKOEEUpQxZzH28Y,Interest,,ETH,0.00237308,ETH,0.00237308,$5.57,-,-,"approved / ETH Interest Earned",2026-05-30 06:00:00
NXTWXqiv3TUFsvFI9sgz2Ez6B86,Interest,,NEXO,1.54824751,NEXO,1.54824751,$1.82,-,-,"approved / NEXO Interest Earned",2026-05-30 06:00:00
NXTfCHnlexHgzw0ys7GvUK4drOx,Interest,,XRP,0.20438075,XRP,0.20438075,$0.16,-,-,"approved / XRP Interest Earned",2026-05-30 06:00:00
NXTl4oksmMGGD4uvXyD7kH2hlepRq6F,Interest,,LINK,0.49355810,LINK,0.49355810,$9.98,-,-,"approved / LINK Interest Earned",2026-05-30 06:00:00
NXTNthkVxhxNoR8bf1PWAL5MPDrY,Interest,,DOGE,1.66409370,DOGE,1.66409370,$0.37,-,-,"approved / DOGE Interest Earned",2026-05-30 06:00:00
NXTo0jtGpxAXnPFyBKeUL0tugX,Interest,,SOL,0.02744128,SOL,0.02744128,$1.66,-,-,"approved / SOL Interest Earned",2026-05-30 06:00:00
NXTtO4hNrqi7qx6KmXvf5HSlZ2KXbTqC8,Interest,,ADA,0.91409048,ADA,0.91409048,$0.83,-,-,"approved / ADA Interest Earned",2026-05-30 06:00:00
NXTgqdm58pmxcXRjVQmeZVz1zko0,Interest,,BTC,0.00001570,BTC,0.00001570,$0.96,-,-,"approved / BTC Interest Earned",2026-05-29 06:00:00
NXT6WR1Fl8PGYVryPrTsExuUyG,Interest,,ETH,0.00211503,ETH,0.00211503,$4.48,-,-,"approved / ETH Interest Earned",2026-05-29 06:00:00
NXTYeY3k2a8YIfDbJQlEOWCuEuNByheB,Interest,,NEXO,1.99679200,NEXO,1.99679200,$1.82,-,-,"approved / NEXO Interest Earned",2026-05-29 06:00:00
NXTtvxBn3XD392GsHn5Wh7W7MwF,Interest,,XRP,0.37148951,XRP,0.37148951,$0.73,-,-,"approved / XRP Interest Earned",2026-05-29 06:00:00
NXTuycBR705fgq5xEdTwprnNJo,Interest,,LINK,0.35038204,LINK,0.35038204,$4.21,-,-,"approved / LINK Interest Earned",2026-05-29 06:00:00
NXTjKBJiVmcO5LhnQ14fYZjS,Interest,,DOGE,4.16148766,DOGE,4.16148766,$0.94,-,-,"approved / DOGE Interest Earned",2026-05-29 06:00:00
NXTpjRf5UDsloIF86UkDEm5bBh7HqHt,Interest,,SOL,0.04950614,SOL,0.04950614,$2.16,-,-,"approved / SOL Interest Earned",2026-05-29 06:00:00
NXT7q0TIlDIViDsYFOUIhjeQPvHZZj,Interest,,ADA,1.90351137,ADA,1.90351137,$0.74,-,-,"approved / ADA Interest Earned",2026-05-29 06:00:00
NXTuGfTU5IPDrZz6gdbovjNf3ayDi,Fixed Term Interest,,XRP,4.55108551,XRP,4.55108551,$10.89,-,-,"approved / Term Deposit Interest",2026-05-29 05:00:00
NXTeLznaqZPLGntc28MNppL21gTv,Interest,,BTC,0.00015266,BTC,0.00015266,$10.52,-,-,"approved / BTC Interest Earned",2026-05-28 06:00:00
NXTbiJtiUMFNyBv03lNPn6jYVlitW8r,Interest,,ETH,0.00191757,ETH,0.00191757,$4.75,-,-,"approved / ETH Interest Earned",2026-05-28 06:00:00
NXTpDtY5104ix8njhzatUPx1ec,Interest,,NEXO,1.60011846,NEXO,1.60011846,$1.90,-,-,"approved / NEXO Interest Earned",2026-05-28 06:00:00
NXTyksWPzNEEDnukwuEp7gJg2VwJ2hJa,Interest,,XRP,0.30372853,XRP,0.30372853,$0.52,-,-,"approved / XRP Interest Earned",2026-05-28 06:00:00
NXTAs1GZLsOFyAe2gG020BL,Interest,,LINK,0.19523812,LINK,0.19523812,$4.30,-,-,"approved / LINK Interest Earned",2026-05-28 06:00:00
NXTafc24hw3CXl9zwXjpr8w,Interest,,DOGE,3.92723477,DOGE,3.92723477,$1.17,-,-,"approved / DOGE Interest Earned",2026-05-28 06:00:00
NXTtG3JXXMMKEw73httSbUihal9D,Interest,,SOL,0.04747225,SOL,0.04747225,$6.08,-,-,"approved / SOL Interest Earned",2026-05-28 06:00:00
NXTgt5kiMVi4qgKSuFl2eFz,Interest,,ADA,0.50565146,ADA,0.50565146,$0.33,-,-,"approved / ADA Interest Earned",2026-05-28 06:00:00
NXT3HFUNBtDFCM3qGYXz0fWt4t,Unlocking Term Deposit,,ETH,0.65536498,ETH,0.65536498,$1966.09,-,-,"approved / Transfer from Term Wallet to Savings Wallet",2026-05-28 05:00:00
NXTjjyKiVnT3Nj8AHIvgcRnK,Interest,,BTC,0.00016432,BTC,0.00016432,$11.90,-,-,"approved / BTC Interest Earned",2026-05-27 06:00:00
NXTv3bVr1XFjUXb2MFI2Z3m0LqNyHwiPj,Interest,,ETH,0.00084376,ETH,0.00084376,$1.89,-,-,"approved / ETH Interest Earned",2026-05-27 06:00:00
NXTLqPVoVnJwKtLh86DpRMYFWDy3cvOD,Interest,,NEXO,1.68104628,NEXO,1.68104628,$2.28,-,-,"approved / NEXO Interest Earned",2026-05-27 06:00:00
NXTSXfGrEJbjg0rJd7vtFFuC89b,Interest,,XRP,0.26750173,XRP,0.26750173,$0.22,-,-,"approved / XRP Interest Earned",2026-05-27 06:00:00
NXTCZ5vcWNmQWa8z8ZQHwdS5MS,Interest,,LINK,0.12043662,LINK,0.12043662,$2.58,-,-,"approved / LINK Interest Earned",2026-05-27 06:00:00
NXTxFtbSR7eTyq3IVm7k4Xy7vQ1eYBL,Interest,,DOGE,1.39094882,DOGE,1.39094882,$0.12,-,-,"approved / DOGE Interest Earned",2026-05-27 06:00:00
NXTb7CRa9lt0c6YueQXNcLl0Wn2R,Interest,,SOL,0.02600008,SOL,0.02600008,$3.28,-,-,"approved / SOL Interest Earned",2026-05-27 06:00:00
NXT8UbATExtDJW1I8Tj0K1iYFLBaAj,Interest,,ADA,1.31839036,ADA,1.31839036,$0.94,-,-,"approved / ADA Interest Earned",2026-05-27 06:00:00
NXTWviomHd0VEMFc0mR4ana6NY,Interest,,BTC,0.00016484,BTC,0.00016484,$13.63,-,-,"approved / BTC Interest Earned",2026-05-26 06:00:00
NXThaqAC1Ad6o1IXdlcgrSLhxvb87,Interest,,ETH,0.00208345,ETH,0.00208345,$6.06,-,-,"approved / ETH Interest Earned",2026-05-26 06:00:00
NXTMMZnx84LMAhMc3GjVj0IRlxCuEi,Interest,,NEXO,1.07210305,NEXO,1.07210305,$1.31,-,-,"approved / NEXO Interest Earned",2026-05-26 06:00:00
NXTUtO60NHjzy1ZBz6VC4Fh0F,Interest,,XRP,0.36139818,XRP,0.36139818,$0.40,-,-,"approved / XRP Interest Earned",2026-05-26 06:00:00
NXTLi4yAiuFHxBFVV8y1NAeRU4,Interest,,LINK,0.16437686,LINK,0.16437686,$3.96,-,-,"approved / LINK Interest Earned",2026-05-26 06:00:00
NXTY2Op2Hf0e7aURnPsHOIWu,Interest,,DOGE,0.53699477,DOGE,0.53699477,$0.08,-,-,"approved / DOGE Interest Earned",2026-05-26 06:00:00
NXT9BGn7XygG8lwQFhRKRUNw,Interest,,SOL,0.02048456,SOL,0.02048456,$1.76,-,-,"approved / SOL Interest Earned",2026-05-26 06:00:00
NXTlQdVlJKqXPaMoJtYJeUTolYtWEtoO,Interest,,ADA,0.59596926,ADA,0.59596926,$0.56,-,-,"approved / ADA Interest Earned",2026-05-26 06:00:00
NXT74t8mAJaGgljmp2xjzk3QmU,Credit Card Withdrawal Credit,Card,xUSD,-117.00000000,xUSD,117.00000000,$117.00,-,-,"authorized / Nexo Card Loan Withdrawal",2026-05-26 00:00:00
NXTT7o3EHDbm2f8VeN6AA7LE8o2v4,Exchange Credit,Card,xUSD,-117.00000000,EURX,108.90000000,$117.00,-,-,"authorized / Nexo Card Loan Withdrawal",2026-05-26 00:00:00
NXTkMQKiPd3ynNQ5K2tn9JGE2cLIb,Nexo Card Purchase,Card,xUSD,-117.00000000,EURX,108.90000000,$117.00,-,-,"approved / REWE MARKT | BERLIN",2026-05-26 00:00:00
NXT9H9OUzbfYqbzCbptma4p1PnU,Cashback,,NEXO,2.08176389,NEXO,2.08176389,$2.34,-,-,"approved / REWE MARKT | BERLIN",2026-05-26 00:00:00
NXToYrQqfvj0pWTQhnn5vd5xP,Interest,,BTC,0.00046117,BTC,0.00046117,$29.42,-,-,"approved / BTC Interest Earned",2026-05-25 06:00:00
NXTvdpWws9WOi9lJjpZ88Bz,Interest,,ETH,0.00454952,ETH,0.00454952,$14.61,-,-,"approved / ETH Interest Earned",2026-05-25 06:00:00
NXTeLDso9g2No1tlr97C78jQePCcktMab,Interest,,NEXO,0.94754289,NEXO,0.94754289,$1.19,-,-,"approved / NEXO Interest Earned",2026-05-25 06:00:00
NXTD0IH4jWNJmfkfXYMEDGzl,Interest,,XRP,0.12167644,XRP,0.12167644,$0.17,-,-,"approved / XRP Interest Earned",2026-05-25 06:00:00
NXTwoI7qPNubVxyVz6Go9UOE,Interest,,LINK,0.45214949,LINK,0.45214949,$11.06,-,-,"approved / LINK Interest Earned",2026-05-25 06:00:00
NXTXG7DeVYmRoVlhphRQEdSrt2G53JOZr,Interest,,DOGE,1.89240409,DOGE,1.89240409,$0.24,-,-,"approved / DOGE Interest Earned",2026-05-25 06:00:00
NXTbcnZKheFSjCBWp0LVRtB0,Interest,,SOL,0.02935225,SOL,0.02935225,$4.86,-,-,"approved / SOL Interest Earned",2026-05-25 06:00:00
NXTxTycrIn9rYFOgts7pV50,Interest,,ADA,1.33234075,ADA,1.33234075,$0.70,-,-,"approved / ADA Interest Earned",2026-05-25 06:00:00
NXTk6ZmmB7CwtqrxalaZvtfhtj3,Fixed Term Interest,,ETH,0.03908582,ETH,0.03908582,$152.45,-,-,"approved / Term Deposit Interest",2026-05-25 05:00:00
NXTU6ZVyV7fMsqYVE3aHaQiVSgjjVItX,Unlocking Term Deposit,,ETH,0.48997273,ETH,0.48997273,$1469.92,-,-,"approved / Transfer from Term Wallet to Savings Wallet",2026-05-25 05:00:00
NXTOWbrX3cyY69lrq8oLlIa2Lsy2sc,Exchange Cashback,,EURX,4.75002584,EURX,4.75002584,$6.88,-,-,"approved / 0.5 % on top of your Exchange transaction",2026-05-25 00:00:00
NXTbFACG2FmM2GUWs4yosNOUep,Exchange Cashback,,USDC,2.45916116,USDC,2.45916116,$2.22,-,-,"approved / 0.25 % on top of your Exchange transaction",2026-05-25 00:00:00
NXT3UHrXRHW2wPFlHueVdrfqI0w,Interest,,BTC,0.00006062,BTC,0.00006062,$5.60,-,-,"approved / BTC Interest Earned",2026-05-24 06:00:00
NXTJzHDb1ihCowcPWIGko0MaTeJR,Interest,,ETH,0.00091830,ETH,0.00091830,$3.65,-,-,"approved / ETH Interest Earned",2026-05-24 06:00:00
NXTvyQ81iQAlAwhPOhYoO08irQ,Interest,,NEXO,1.82025444,NEXO,1.82025444,$2.16,-,-,"approved / NEXO Interest Earned",2026-05-24 06:00:00
NXTlcvL55xBtyzF6EQARtLdjbNCNb8Beb,Interest,,XRP,0.18344194,XRP,0.18344194,$0.43,-,-,"approved / XRP Interest Earned",2026-05-24 06:00:00
NXTWiwUyMMFaVH0gGHLy6ueer,Interest,,LINK,0.47412553,LINK,0.47412553,$7.43,-,-,"approved / LINK Interest Earned",2026-05-24 06:00:00
NXTz7AMpIWhSTMZQIAGiXOzuSzws3yBD,Interest,,DOGE,3.72417282,DOGE,3.72417282,$1.62,-,-,"approved / DOGE Interest Earned",2026-05-24 06:00:00
NXTKBgYeG4RrGhTbAnNZqBRVBnZU,Interest,,SOL,0.03243659,SOL,0.03243659,$4.77,-,-,"approved / SOL Interest Earned",2026-05-24 06:00:00
NXT7TntDyc8Z6H6SDNK3SzTrN5iv,Interest,,ADA,0.30796325,ADA,0.30796325,$0.20,-,-,"approved / ADA Interest Earned",2026-05-24 06:00:00
NXTrZQyTTGFWsiPEHB75TbVP9TyN0McSX,Exchange,,SOL,-2.43983478,USDC,341.57686983,$341.58,0.01137605,SOL,"approved / Exchange SOL to USDC",2026-05-24 00:00:00
NXTHHPRHphJKe1FAnlLJqa2gogAcn7B,Exchange To Withdraw,,EURX,292.36000000,EUR,292.36000000,$322.13,-,-,"approved / EURX to EUR",2026-05-24 00:00:00
NXT9aRtGzYZzRuOisuDvUagQQNq0IQnZ,Withdraw Exchanged,,EUR,-292.36000000,EUR,292.36000000,$322.13,-,-,"approved / EUR withdrawal",2026-05-24 00:00:00
NXTiEAJ3YPDOs31aNFhbU4SaT,Interest,,BTC,0.00020595,BTC,0.00020595,$12.88,-,-,"approved / BTC Interest Earned",2026-05-23 06:00:00
NXTDsm5rOTvWFnceeVQmTyfyD9bbd,Interest,,ETH,0.00301286,ETH,0.00301286,$8.45,-,-,"approved / ETH Interest Earned",2026-05-23 06:00:00
NXTg6XyXTVI3r1QB7z1v0aqOYWaB,Interest,,NEXO,0.56232584,NEXO,0.56232584,$0.73,-,-,"approved / NEXO Interest Earned",2026-05-23 06:00:00
NXT3L6BNCiLUbSu0eWJL0qaWJvD0J,Interest,,XRP,0.15632571,XRP,0.15632571,$0.37,-,-,"approved / XRP Interest Earned",2026-05-23 06:00:00
NXTLPGfZd2cjKWskknsmhV2ocddT,Interest,,LINK,0.21123166,LINK,0.21123166,$2.79,-,-,"approved / LINK Interest Earned",2026-05-23 06:00:00
NXTlUKQK1ElkVwdZkwKf9aR,Interest,,DOGE,1.24530859,DOGE,1.24530859,$0.24,-,-,"approved / DOGE Interest Earned",2026-05-23 06:00:00
NXTqGro0aovA6zaT9EV5NuCp,Interest,,SOL,0.01191772,SOL,0.01191772,$2.06,-,-,"approved / SOL Interest Earned",2026-05-23 06:00:00
NXTIf6fja8wy6dtesgKIRt7wSm5,Interest,,ADA,0.93580763,ADA,0.93580763,$0.58,-,-,"approved / ADA Interest Earned",2026-05-23 06:00:00
NXTRIRenrzlhV4DemkHZRTpmiHP26F,Credit Card Withdrawal Credit,Card,xUSD,-66.32000000,xUSD,66.32000000,$66.32,-,-,"authorized / Nexo Card Loan Withdrawal",2026-05-23 00:00:00
NXT4rjx1V2dsHU3alMBQRuwX,Exchange Credit,Card,xUSD,-66.32000000,EURX,60.00000000,$66.32,-,-,"authorized / Nexo Card Loan Withdrawal",2026-05-23 00:00:00
NXTX9exQWPwqK2eU25lGmb5qxkiNZPj,Nexo Card Purchase,Card,xUSD,-66.32000000,EURX,60.00000000,$66.32,-,-,"approved / ZALANDO SE | BERLIN",2026-05-23 00:00:00
NXTROnSbO8WFJjjP6pQffXj9,Cashback,,NEXO,0.91183021,NEXO,0.91183021,$1.33,-,-,"approved / ZALANDO SE | BERLIN",2026-05-23 00:00:00
NXT4s8Z4vfNPG3lEoTkSLoc,Interest,,BTC,0.00019415,BTC,0.00019415,$18.39,-,-,"approved / BTC Interest Earned",2026-05-22 06:00:00
NXTwNB9SJsHJiuF0R4EwsZL0C2d7,Interest,,ETH,0.00449443,ETH,0.00449443,$12.93,-,-,"approved / ETH Interest Earned",2026-05-22 06:00:00
NXTwtZNmD86emhC9CgtG8DmQBeurIg,Interest,,NEXO,0.38658531,NEXO,0.38658531,$0.49,-,-,"approved / NEXO Interest Earned",2026-05-22 06:00:00
NXTXRqvkNOiq1vmMMBOQicr8j3,Interest,,XRP,0.31113882,XRP,0.31113882,$0.30,-,-,"approved / XRP Interest Earned",2026-05-22 06:00:00
NXT9XwJ2LH8txb1fvG6vf8buwg0QPQUz,Interest,,LINK,0.12556356,LINK,0.12556356,$3.06,-,-,"approved / LINK Interest Earned",2026-05-22 06:00:00
NXT9DOlg7bHqSncbT8SLoGW0ARhLM3PCZ,Interest,,DOGE,3.44463162,DOGE,3.44463162,$0.68,-,-,"approved / DOGE Interest Earned",2026-05-22 06:00:00
NXTmaOMguzcqDgmDPbmF2EdldT66w,Interest,,SOL,0.00417678,SOL,0.00417678,$0.18,-,-,"approved / SOL Interest Earned",2026-05-22 06:00:00
NXTBGa9O5KViivqXOpkVkW5PmauO4pb,Interest,,ADA,1.34002448,ADA,1.34002448,$0.47,-,-,"approved / ADA Interest Earned",2026-05-22 06:00:00
NXTDnVGzDDlczutwmQZrawAyAgtMZGWQ,Interest,,BTC,0.00037421,BTC,0.00037421,$26.70,-,-,"approved / BTC Interest Earned",2026-05-21 06:00:00
NXTNJijlSrWDHqeBisbBTNRBO,Interest,,ETH,0.00093406,ETH,0.00093406,$3.26,-,-,"approved / ETH Interest Earned",2026-05-21 06:00:00
NXTNSSCPO4KYwvxBfq50IpDw,Interest,,NEXO,1.29799754,NEXO,1.29799754,$1.89,-,-,"approved / NEXO Interest Earned",2026-05-21 06:00:00
NXTvkQVhd89FZX0Nog3StGxKU2bCdQJu1,Interest,,XRP,0.11954758,XRP,0.11954758,$0.06,-,-,"approved / XRP Interest Earned",2026-05-21 06:00:00
NXTFzEZ0eJmRemPW1F7h0A4onf1fov,Interest,,LINK,0.11521200,LINK,0.11521200,$2.47,-,-,"approved / LINK Interest Earned",2026-05-21 06:00:00
NXTwkiEIOF3PS1xYPFjYEWKzICE2z,Interest,,DOGE,3.18189707,DOGE,3.18189707,$1.13,-,-,"approved / DOGE Interest Earned",2026-05-21 06:00:00
NXTqApPJfK4AmiG3PLLFWZns,Interest,,SOL,0.03850631,SOL,0.03850631,$1.44,-,-,"approved / SOL Interest Earned",2026-05-21 06:00:00
NXTA4H5yvMxByCb215DMKs6o7PYvnIMn,Interest,,ADA,0.38667000,ADA,0.38667000,$0.40,-,-,"approved / ADA Interest Earned",2026-05-21 06:00:00
NXT50IEoSMYziYTOoyqVCjHjfOUIk,Interest,,BTC,0.00043055,BTC,0.00043055,$26.60,-,-,"approved / BTC Interest Earned",2026-05-20 06:00:00
NXThTzH4x9cETH0GUe221jan0f,Interest,,ETH,0.00390490,ETH,0.00390490,$14.32,-,-,"approved / ETH Interest Earned",2026-05-20 06:00:00
NXTUUs2YkDLNqDQDqCFfbxZS,Interest,,NEXO,1.99850638,NEXO,1.99850638,$2.28,-,-,"approved / NEXO Interest Earned",2026-05-20 06:00:00
NXTNnAscLNII4uRcNMnHsxHPoi9e4f9c,Interest,,XRP,0.29570937,XRP,0.29570937,$0.63,-,-,"approved / XRP Interest Earned",2026-05-20 06:00:00
NXThqnpRC9NXpxWoF0vKPzNGmP3UQgR,Interest,,LINK,0.13405389,LINK,0.13405389,$3.19,-,-,"approved / LINK Interest Earned",2026-05-20 06:00:00
NXTWyrtG1ppxpF3V4kB952JDCoHtlW,Interest,,DOGE,0.94595311,DOGE,0.94595311,$0.21,-,-,"approved / DOGE Interest Earned",2026-05-20 06:00:00
NXTciAfdP1WypUf5YxipK1fkl9NPlP,Interest,,SOL,0.01634639,SOL,0.01634639,$0.56,-,-,"approved / SOL Interest Earned",2026-05-20 06:00:00
NXTO2Y7N5PQhu6F0aOfNOgRNa6etLdgS3,Interest,,ADA,0.59429820,ADA,0.59429820,$0.22,-,-,"approved / ADA Interest Earned",2026-05-20 06:00:00
NXTCOwl3XZtJnqTxKyxV1zCzYSud6tV,Transfer In,,ETH,0.90774493,ETH,0.90774493,$2723.23,-,-,"approved / Transfer from Credit Line Wallet to Savings Wallet",2026-05-20 00:00:00
NXTVFhRXZdCIo8wqiHVZAgcCuE,Exchange,,SOL,-2.41511944,USDC,338.11672092,$338.12,0.02013366,SOL,"approved / Exchange SOL to USDC",2026-05-20 00:00:00
NXTeCT7sT5Ce7fWs6NtNwl9p1QN4H,Interest,,BTC,0.00015078,BTC,0.00015078,$14.18,-,-,"approved / BTC Interest Earned",2026-05-19 06:00:00
NXTjZGRXYsK4yg95hd6F2e2sU5,Interest,,ETH,0.00388399,ETH,0.00388399,$7.68,-,-,"approved / ETH Interest Earned",2026-05-19 06:00:00
NXT9dI58rsgXFkD8MX3Me06,Interest,,NEXO,1.31752242,NEXO,1.31752242,$1.45,-,-,"approved / NEXO Interest Earned",2026-05-19 06:00:00
NXTDPGpjXtsIMU8mEKVnwIWmHFgKxBvI,Interest,,XRP,0.24463501,XRP,0.24463501,$0.49,-,-,"approved / XRP Interest Earned",2026-05-19 06:00:00
NXTUMlOCGDuPB0efUzAO7gQYA,Interest,,LINK,0.40111465,LINK,0.40111465,$7.50,-,-,"approved / LINK Interest Earned",2026-05-19 06:00:00
NXTrqMlEttELKVEeMG1PSy3mJ198tqh7,Interest,,DOGE,3.27215308,DOGE,3.27215308,$1.24,-,-,"approved / DOGE Interest Earned",2026-05-19 06:00:00
NXTEZJ5qM9MecM1Ct4rZixYu37iL0i,Interest,,SOL,0.03726679,SOL,0.03726679,$5.87,-,-,"approved / SOL Interest Earned",2026-05-19 06:00:00
NXTlOuChAu7QiBZMDYJnRrNkRKgXvW,Interest,,ADA,0.97885964,ADA,0.97885964,$0.79,-,-,"approved / ADA Interest Earned",2026-05-19 06:00:00
NXTN3PXvE3ZNiyczfTpIqsUF,Fixed Term Interest,,XRP,18.97621495,XRP,18.97621495,$43.15,-,-,"approved / Term Deposit Interest",2026-05-19 05:00:00
NXTVy56Je2mzTxXxyiPEtiz,Interest,,BTC,0.00013097,BTC,0.00013097,$11.76,-,-,"approved / BTC Interest Earned",2026-05-18 06:00:00
NXT8H4BjWu9mzIQR9mTOhH9,Interest,,ETH,0.00130939,ETH,0.00130939,$3.31,-,-,"approved / ETH Interest Earned",2026-05-18 06:00:00
NXT2g5Li2WSJVUpSiNbzF7nwZyty2M6UR,Interest,,NEXO,1.48182152,NEXO,1.48182152,$1.71,-,-,"approved / NEXO Interest Earned",2026-05-18 06:00:00
NXT8cmhY3M65Zuab3SvcXIDy2ig3viaJ5,Interest,,XRP,0.46909114,XRP,0.46909114,$0.56,-,-,"approved / XRP Interest Earned",2026-05-18 06:00:00
NXTZe0ToElX9juKMKt3Et9fHAZx4,Interest,,LINK,0.49928291,LINK,0.49928291,$10.94,-,-,"approved / LINK Interest Earned",2026-05-18 06:00:00
NXTlIIKpHJI7sR4hVQwGi4aQjn,Interest,,DOGE,0.99555444,DOGE,0.99555444,$0.21,-,-,"approved / DOGE Interest Earned",2026-05-18 06:00:00
NXTPjjah7U0MrPJHHH2oxOK,Interest,,SOL,0.01628862,SOL,0.01628862,$4.21,-,-,"approved / SOL Interest Earned",2026-05-18 06:00:00
NXTUOUeehjh5HSHGSfOy6LDUi2215GY,Interest,,ADA,1.91393188,ADA,1.91393188,$2.08,-,-,"approved / ADA Interest Earned",2026-05-18 06:00:00
NXTBcNqp5pTwqaN4jooPdUL5kTS3GMiF,Exchange,,ETH,-0.12887986,NEXO,351.49052045,$386.64,0.00017563,ETH,"approved / Exchange ETH to NEXO",2026-05-18 00:00:00
NXTxyrwKuYHST5wXFXRqVgQrwEO,Withdrawal,,USDC,-335.27974282,USDC,335.27974282,$335.28,-,-,"approved / USDC withdrawal",2026-05-18 00:00:00
NXTGc6tQOzvhx39NsD9xq12bd5OFXiU,Interest,,BTC,0.00042011,BTC,0.00042011,$30.54,-,-,"approved / BTC Interest Earned",2026-05-17 06:00:00
NXTjYdHtZuDIbHvxk8p54ly,Interest,,ETH,0.00218817,ETH,0.00218817,$5.54,-,-,"approved / ETH Interest Earned",2026-05-17 06:00:00
NXTcj95ePTM28f7H6LuBdxJolimE5y,Interest,,NEXO,1.67046475,NEXO,1.67046475,$1.85,-,-,"approved / NEXO Interest Earned",2026-05-17 06:00:00
NXTfITneVbT2khpesPfKnHh,Interest,,XRP,0.20304931,XRP,0.20304931,$0.19,-,-,"approved / XRP Interest Earned",2026-05-17 06:00:00
NXT4aSHpsKpiW2ijT9U88YK1Bix,Interest,,LINK,0.25260033,LINK,0.25260033,$2.59,-,-,"approved / LINK Interest Earned",2026-05-17 06:00:00
NXTMkG9aZNdWUTzM82QeePQpgonHHp9rO,Interest,,DOGE,1.41651180,DOGE,1.41651180,$0.36,-,-,"approved / DOGE Interest Earned",2026-05-17 06:00:00
NXTQQuoGvJjbX3Cei1VB5Uab,Interest,,SOL,0.02957222,SOL,0.02957222,$3.73,-,-,"approved / SOL Interest Earned",2026-05-17 06:00:00
NXTt4LRu0n3I05QYAcMh9etWLNsLY,Interest,,ADA,0.55261357,ADA,0.55261357,$0.26,-,-,"approved / ADA Interest Earned",2026-05-17 06:00:00
NXTdM4bW5Lvf665fOA8Xl1CINzq,Interest,,BTC,0.00036352,BTC,0.00036352,$34.15,-,-,"approved / BTC Interest Earned",2026-05-16 06:00:00
NXTADL3IKWdMCxPj4mPg4oUcQLG,Interest,,ETH,0.00297004,ETH,0.00297004,$10.85,-,-,"approved / ETH Interest Earned",2026-05-16 06:00:00
NXTk0eVbEE2Hko5Nt8zhvTKP,Interest,,NEXO,1.70868086,NEXO,1.70868086,$1.46,-,-,"approved / NEXO Interest Earned",2026-05-16 06:00:00
NXTaGed0fqPDSDxWMy9rmGCmcBN,Interest,,XRP,0.26496686,XRP,0.26496686,$0.21,-,-,"approved / XRP Interest Earned",2026-05-16 06:00:00
NXTfDCOpJqqtkXwYJIkUdLQu3e,Interest,,LINK,0.18573446,LINK,0.18573446,$2.53,-,-,"approved / LINK Interest Earned",2026-05-16 06:00:00
NXT9wtUESaDQCYgiUbIcr52yHefGdx,Interest,,DOGE,0.50420138,DOGE,0.50420138,$0.15,-,-,"approved / DOGE Interest Earned",2026-05-16 06:00:00
NXTiW8bYu3FzW7Xf7iHYYqBybwJpPdHJD,Interest,,SOL,0.01781317,SOL,0.01781317,$4.34,-,-,"approved / SOL Interest Earned",2026-05-16 06:00:00
NXTmLlxRgvCVygO5CxVOzD1xRRCK,Interest,,ADA,1.43815319,ADA,1.43815319,$1.57,-,-,"approved / ADA Interest Earned",2026-05-16 06:00:00
NXTgMe0sBEMO13HHS1CspXV5DBAkv,Fixed Term Interest,,NEXO,21.02972154,NEXO,21.02972154,$26.53,-,-,"approved / Term Deposit Interest",2026-05-16 05:00:00
NXTeBLFjvcC5kPV8Ht1nDqh0S,Manual Repayment,,USD,407.79867150,USD,0.00000000,$407.80,-,-,"approved / Fiat Repayment",2026-05-16 00:00:00
NXTNu3pyPEmyshHS2OjkS6YqRyf7sZTId,Interest,,BTC,0.00033263,BTC,0.00033263,$25.73,-,-,"approved / BTC Interest Earned",2026-05-15 06:00:00
NXT2Kfd2gDtRSVNEab54km0VIreyLEOp,Interest,,ETH,0.00478718,ETH,0.00478718,$14.77,-,-,"approved / ETH Interest Earned",2026-05-15 06:00:00
NXTP6O8OKXAueGLjOebcfvva,Interest,,NEXO,1.14847074,NEXO,1.14847074,$1.11,-,-,"approved / NEXO Interest Earned",2026-05-15 06:00:00
NXTF123f3gYDL4XVLpGm3pjbuBj,Interest,,XRP,0.39095485,XRP,0.39095485,$0.78,-,-,"approved / XRP Interest Earned",2026-05-15 06:00:00
NXTk4YLhHwFv6O6AwL5nqQElpTKK6m,Interest,,LINK,0.46646238,LINK,0.46646238,$8.89,-,-,"approved / LINK Interest Earned",2026-05-15 06:00:00
NXTWz2tsnp409u14LaKNE2I9tUzHbEtR,Interest,,DOGE,1.64282422,DOGE,1.64282422,$0.35,-,-,"approved / DOGE Interest Earned",2026-05-15 06:00:00
NXTbgFzv0ksimqzsjj4y9J7U,Interest,,SOL,0.03750389,SOL,0.03750389,$4.88,-,-,"approved / SOL Interest Earned",2026-05-15 06:00:00
NXTsVQC1ZxkyRxPB3Al7079EVD,Interest,,ADA,0.76320254,ADA,0.76320254,$0.25,-,-,"approved / ADA Interest Earned",2026-05-15 06:00:00
NXTuKEIn2kE7faCAvcwZaO1,Interest,,BTC,0.00048128,BTC,0.00048128,$33.88,-,-,"approved / BTC Interest Earned",2026-05-14 06:00:00
NXTXOldibrjr3aj69Ft9mDsbMidbt,Interest,,ETH,0.00061479,ETH,0.00061479,$1.90,-,-,"approved / ETH Interest Earned",2026-05-14 06:00:00
NXTueJjLrxnbKT5bEO4nwhR7DGAaTk,Interest,,NEXO,1.50887568,NEXO,1.50887568,$1.79,-,-,"approved / NEXO Interest Earned",2026-05-14 06:00:00
NXTpnJGEiFaBdCvBvnezNRUhCA,Interest,,XRP,0.31046558,XRP,0.31046558,$0.45,-,-,"approved / XRP Interest Earned",2026-05-14 06:00:00
NXTTIhbnb1OhKTPBuMs73IIuaXk4Jb1I,Interest,,LINK,0.18996885,LINK,0.18996885,$1.19,-,-,"approved / LINK Interest Earned",2026-05-14 06:00:00
NXTiVbSAdWE0sigVo8382E0ivZFvrtn,Interest,,DOGE,0.57670724,DOGE,0.57670724,$0.18,-,-,"approved / DOGE Interest Earned",2026-05-14 06:00:00
NXTwuBtWGwBv5eXY9DZ2pJJQa386hiQC,Interest,,SOL,0.00937863,SOL,0.00937863,$1.64,-,-,"approved / SOL Interest Earned",2026-05-14 06:00:00
NXTNOiFHSXQ9TbNiAVbZr2YxK,Interest,,ADA,1.34760884,ADA,1.34760884,$1.18,-,-,"approved / ADA Interest Earned",2026-05-14 06:00:00
NXTdzi0sbw1TVUP6IMo7nQEPoUdZ,Interest,,BTC,0.00010414,BTC,0.00010414,$6.62,-,-,"approved / BTC Interest Earned",2026-05-13 06:00:00
NXT5LvUe7HuMevEzi9lmcoscXDsi4cqP,Interest,,ETH,0.00297257,ETH,0.00297257,$9.72,-,-,"approved / ETH Interest Earned",2026-05-13 06:00:00
NXTisNBnNCVJobpBcpa9Aaqg3TKDWC3P,Interest,,NEXO,1.80565053,NEXO,1.80565053,$2.21,-,-,"approved / NEXO Interest Earned",2026-05-13 06:00:00
NXTTEeoAYltEr9ajihZFANU,Interest,,XRP,0.14741883,XRP,0.14741883,$0.07,-,-,"approved / XRP Interest Earned",2026-05-13 06:00:00
NXT2aXeUt9jp5IU7NvXTJFO,Interest,,LINK,0.29969746,LINK,0.29969746,$4.27,-,-,"approved / LINK Interest Earned",2026-05-13 06:00:00
NXTm2anErlZZ6cHVDM30qzenPZ7k,Interest,,DOGE,3.31649884,DOGE,3.31649884,$1.46,-,-,"approved / DOGE Interest Earned",2026-05-13 06:00:00
NXT00TMiTKe20O3Dt2CD1kiz366g9gIl9,Interest,,SOL,0.02328144,SOL,0.02328144,$2.14,-,-,"approved / SOL Interest Earned",2026-05-13 06:00:00
NXTWFbws8at6HwlU522ONDXf,Interest,,ADA,1.68504708,ADA,1.68504708,$0.96,-,-,"approved / ADA Interest Earned",2026-05-13 06:00:00
NXTCQZHrUQiSEIrd9XPubNlllp8,Exchange Cashback,,USDC,4.94227152,USDC,4.94227152,$4.52,-,-,"approved / 0.5 % on top of your Exchange transaction",2026-05-13 00:00:00
NXTAs1fzbD6wDo7vw4frktYUKNdJb,Locking Term Deposit,,ETH,-0.09503591,ETH,0.09503591,$285.11,-,-,"approved / Transfer from Savings Wallet to Term Wallet",2026-05-13 00:00:00
NXTvWwwe1UC9w6taT5cNj5eojFdn4Yil,Credit Card Withdrawal Credit,Card,xUSD,-7.62000000,xUSD,7.62000000,$7.62,-,-,"authorized / Nexo Card Loan Withdrawal",2026-05-13 00:00:00
NXTdzavEKRzB3zBroMYnisR,Exchange Credit,Card,xUSD,-7.62000000,EURX,6.94000000,$7.62,-,-,"authorized / Nexo Card Loan Withdrawal",2026-05-13 00:00:00
NXTEyufXJrJtvrGCLju0fe08XBIXJ,Nexo Card Purchase,Card,xUSD,-7.62000000,EURX,6.94000000,$7.62,-,-,"approved / NETFLIX.COM | LOS GATOS",2026-05-13 00:00:00
NXTimGgeUfh0d5mWbFITTBSA1vMt1b,Cashback,,NEXO,0.13990434,NEXO,0.13990434,$0.15,-,-,"approved / NETFLIX.COM | LOS GATOS",2026-05-13 00:00:00
NXTg5KAKm8NypdjjYFpg4jBmgeGMBTRlW,Interest,,BTC,0.00006235,BTC,0.00006235,$4.91,-,-,"approved / BTC Interest Earned",2026-05-12 06:00:00
NXTI61M4RyDZMlUJW0gHWw1pCXrf,Interest,,ETH,0.00094327,ETH,0.00094327,$3.19,-,-,"approved / ETH Interest Earned",2026-05-12 06:00:00
NXTIMRrM76FRRvIKd9ST53iPEM41xCOYc,Interest,,NEXO,0.13880065,NEXO,0.13880065,$0.20,-,-,"approved / NEXO Interest Earned",2026-05-12 06:00:00
NXTRzIGWdJqtS60kgDzRkWqOpeen,Interest,,XRP,0.43604517,XRP,0.43604517,$0.22,-,-,"approved / XRP Interest Earned",2026-05-12 06:00:00
NXTRSXlxl8zX2Eq3CaJ76DwCA,Interest,,LINK,0.05093880,LINK,0.05093880,$0.90,-,-,"approved / LINK Interest Earned",2026-05-12 06:00:00
NXTiPPwQBvB3FgZZcw0QvpUpDSm2,Interest,,DOGE,1.54795906,DOGE,1.54795906,$0.19,-,-,"approved / DOGE Interest Earned",2026-05-12 06:00:00
NXTBaOwSoMYrmsI9pjKgDcmGeXhAYYHKR,Interest,,SOL,0.01099410,SOL,0.01099410,$1.43,-,-,"approved / SOL Interest Earned",2026-05-12 06:00:00
NXTlM6EQiIdnFU1IGWpM7fmhOno,Interest,,ADA,1.86630233,ADA,1.86630233,$1.08,-,-,"approved / ADA Interest Earned",2026-05-12 06:00:00
NXTXC6vePyb9E2JIFvnKfmXfcIiF,Fixed Term Interest,,XRP,3.14137529,XRP,3.14137529,$4.53,-,-,"approved / Term Deposit Interest",2026-05-12 05:00:00
NXTameAEV8gzpwqAl7Oe6KQ,Liquidation,,LINK,-30.72792686,LINK,30.72792686,$460.92,-,-,"approved / Liquidation",2026-05-12 00:00:00
NXTMkbwD1cIKiOzXa8dFUMeNWjLW,Interest,,BTC,0.00002694,BTC,0.00002694,$1.62,-,-,"approved / BTC Interest Earned",2026-05-11 06:00:00
NXTOE2PhRlWhAbmHLlUxoP9sbkfn,Interest,,ETH,0.00231229,ETH,0.00231229,$4.98,-,-,"approved / ETH Interest Earned",2026-05-11 06:00:00
NXTYdCzCE6kQFpirxijTPfD,Interest,,NEXO,0.19477146,NEXO,0.19477146,$0.23,-,-,"approved / NEXO Interest Earned",2026-05-11 06:00:00
NXTlgrjzOuZDjQ2z1dirfbOhqec97,Interest,,XRP,0.27471202,XRP,0.27471202,$0.17,-,-,"approved / XRP Interest Earned",2026-05-11 06:00:00
NXTaQpdhqwx9tzpCMnFDYYXln,Interest,,LINK,0.19472595,LINK,0.19472595,$4.68,-,-,"approved / LINK Interest Earned",2026-05-11 06:00:00
NXT8BbIYmsjQedlRF0QhxVviIM12F,Interest,,DOGE,3.88800726,DOGE,3.88800726,$1.51,-,-,"approved / DOGE Interest Earned",2026-05-11 06:00:00
NXTz2GbVUeRl1OxdPNAhRiJ4,Interest,,SOL,0.00703735,SOL,0.00703735,$0.16,-,-,"approved / SOL Interest Earned",2026-05-11 06:00:00
NXTDFmJmBoKn0HwBJHB9EEgusJxojqyx,Interest,,ADA,0.99608440,ADA,0.99608440,$1.14,-,-,"approved / ADA Interest Earned",2026-05-11 06:00:00
NXTM2E2FFPDq9oyDRB4P23YBY6YIcz2R,Interest,,BTC,0.00034285,BTC,0.00034285,$26.72,-,-,"approved / BTC Interest Earned",2026-05-10 06:00:00
NXTQTZfluG7mM8LCcHsAxMPytq0,Interest,,ETH,0.00308766,ETH,0.00308766,$9.83,-,-,"approved / ETH Interest Earned",2026-05-10 06:00:00
NXTsJJhHxUaJG84UKlbLrSVeZ6wiuRLel,Interest,,NEXO,1.60978108,NEXO,1.60978108,$1.78,-,-,"approved / NEXO Interest Earned",2026-05-10 06:00:00
NXT4bb1dJX57DzPDGdm1iXZv5,Interest,,XRP,0.48389843,XRP,0.48389843,$0.55,-,-,"approved / XRP Interest Earned",2026-05-10 06:00:00
NXTcRMFvTA8nNbFMGoiIO5B4a6,Interest,,LINK,0.39789980,LINK,0.39789980,$7.15,-,-,"approved / LINK Interest Earned",2026-05-10 06:00:00
NXT8eXGPyMQe8fhVkz9WByYTTHxye3,Interest,,DOGE,0.67882266,DOGE,0.67882266,$0.20,-,-,"approved / DOGE Interest Earned",2026-05-10 06:00:00
NXTkCLMDu173Ii3eSDsg7h5X,Interest,,SOL,0.03753317,SOL,0.03753317,$5.69,-,-,"approved / SOL Interest Earned",2026-05-10 06:00:00
NXT3G3oylcoiYtEdPPhLwfdsw6,Interest,,ADA,0.89068142,ADA,0.89068142,$0.33,-,-,"approved / ADA Interest Earned",2026-05-10 06:00:00
NXTGnse2BPjq7VUTYYholy24FPFUvi,Withdrawal,,ETH,-0.41283431,ETH,0.41283431,$1238.50,-,-,"approved / ETH withdrawal",2026-05-10 00:00:00
NXTgPxLPEZ8N2uGUVT4AY1R31XbJKnATc,Interest,,BTC,0.00024045,BTC,0.00024045,$16.74,-,-,"approved / BTC Interest Earned",2026-05-09 06:00:00
NXTRHqX3CUqcdp8N8PhSzKljkNWN,Interest,,ETH,0.00261532,ETH,0.00261532,$5.19,-,-,"approved / ETH Interest Earned",2026-05-09 06:00:00
NXTF3sArMtSl0mDOWjzBxIovr4,Interest,,NEXO,0.78209403,NEXO,0.78209403,$0.64,-,-,"approved / NEXO Interest Earned",2026-05-09 06:00:00
NXTcvFwwHuJg3NJ4nqC5qMv1InLVg,Interest,,XRP,0.37673066,XRP,0.37673066,$0.47,-,-,"approved / XRP Interest Earned",2026-05-09 06:00:00
NXTndHmT53gZA34WOCi6VJmQ,Interest,,LINK,0.38903664,LINK,0.38903664,$8.22,-,-,"approved / LINK Interest Earned",2026-05-09 06:00:00
NXTPGYnfB5iFadBXVLIOD3wGcW2Y2d5zu,Interest,,DOGE,3.37713882,DOGE,3.37713882,$0.40,-,-,"approved / DOGE Interest Earned",2026-05-09 06:00:00
NXTM7xj2V58xVJqQAw5I1asIwC,Interest,,SOL,0.04778647,SOL,0.04778647,$1.84,-,-,"approved / SOL Interest Earned",2026-05-09 06:00:00
NXTflNQ13kLwniLOzC3iWEeVaIcw4FiD,Interest,,ADA,0.50349704,ADA,0.50349704,$0.30,-,-,"approved / ADA Interest Earned",2026-05-09 06:00:00
NXTdruFxZ1PauLI0KKVdx0Yy1zZTvgow,Interest,,BTC,0.00021386,BTC,0.00021386,$19.52,-,-,"approved / BTC Interest Earned",2026-05-08 06:00:00
NXToa6rEDPUII1TAsdd9OeD,Interest,,ETH,0.00161634,ETH,0.00161634,$4.88,-,-,"approved / ETH Interest Earned",2026-05-08 06:00:00
NXTEkVGvvNcmmrJB2PdO6Y7c2on5X,Interest,,NEXO,0.39651872,NEXO,0.39651872,$0.47,-,-,"approved / NEXO Interest Earned",2026-05-08 06:00:00
NXTMrxAyIuI1Qlym5O4o8edwwq,Interest,,XRP,0.42690434,XRP,0.42690434,$1.05,-,-,"approved / XRP Interest Earned",2026-05-08 06:00:00
NXTA0no7vdSJwri1ICvV9pM,Interest,,LINK,0.09561081,LINK,0.09561081,$1.30,-,-,"approved / LINK Interest Earned",2026-05-08 06:00:00
NXTjQrWfDwRAEgDsjevgR15jALoaKclMw,Interest,,DOGE,0.66610592,DOGE,0.66610592,$0.19,-,-,"approved / DOGE Interest Earned",2026-05-08 06:00:00
NXTNJAH6AusiaX1xBtCScy9izF,Interest,,SOL,0.00590799,SOL,0.00590799,$0.25,-,-,"approved / SOL Interest Earned",2026-05-08 06:00:00
NXTgdMfqTHeurpDqvAlwJ2E3lN,Interest,,ADA,0.79137665,ADA,0.79137665,$0.52,-,-,"approved / ADA Interest Earned",2026-05-08 06:00:00
NXTsGzKiFol2A0ye9lWN4Y6,Credit Card Withdrawal Credit,Card,xUSD,-70.65000000,xUSD,70.65000000,$70.65,-,-,"authorized / Nexo Card Loan Withdrawal",2026-05-08 00:00:00
NXTD5IPXK1i3zLDAV9sdW3T,Exchange Credit,Card,xUSD,-70.65000000,EURX,63.99000000,$70.65,-,-,"authorized / Nexo Card Loan Withdrawal",2026-05-08 00:00:00
NXTTxxGRQo2iCHn5GkXg49gALF,Nexo Card Purchase,Card,xUSD,-70.65000000,EURX,63.99000000,$70.65,-,-,"approved / REWE MARKT | BERLIN",2026-05-08 00:00:00
NXTpSAYEpR24z9E0kxwufXSjT11YwaXHg,Cashback,,NEXO,0.58505450,NEXO,0.58505450,$0.71,-,-,"approved / REWE MARKT | BERLIN",2026-05-08 00:00:00
NXT3W9esPcL6wT5xsMO74Q0n,Interest,,BTC,0.00015814,BTC,0.00015814,$14.23,-,-,"approved / BTC Interest Earned",2026-05-07 06:00:00
NXTD9kkFAaptDexsd3dcd4iTVStR,Interest,,ETH,0.00355996,ETH,0.00355996,$11.01,-,-,"approved / ETH Interest Earned",2026-05-07 06:00:00
NXTCK5KT5duOYouMSrkAylOA3,Interest,,NEXO,1.30529617,NEXO,1.30529617,$1.14,-,-,"approved / NEXO Interest Earned",2026-05-07 06:00:00
NXT0UajHXeZSNbwjxf0wXSC,Interest,,XRP,0.22641229,XRP,0.22641229,$0.46,-,-,"approved / XRP Interest Earned",2026-05-07 06:00:00
NXTOed4iGDrA6b6MRpMtxu28,Interest,,LINK,0.46719352,LINK,0.46719352,$6.76,-,-,"approved / LINK Interest Earned",2026-05-07 06:00:00
NXTTx91EYIgkeqH6zFktqHU7RUV,Interest,,DOGE,3.83537695,DOGE,3.83537695,$1.66,-,-,"approved / DOGE Interest Earned",2026-05-07 06:00:00
NXT1vXEZviRr72XMc5HRASKzM,Interest,,SOL,0.04627999,SOL,0.04627999,$5.89,-,-,"approved / SOL Interest Earned",2026-05-07 06:00:00
NXTAmfXaVmpNJjX9M55WcRE0u5wWuiQJr,Interest,,ADA,0.56769464,ADA,0.56769464,$0.53,-,-,"approved / ADA Interest Earned",2026-05-07 06:00:00
NXTTZFruH5OhzhxY2DgqP8FE4QG1L,Interest,,BTC,0.00008082,BTC,0.00008082,$6.23,-,-,"approved / BTC Interest Earned",2026-05-06 06:00:00
NXTIgTQKoSIIK3PnF4qhe4iXeaTSGj,Interest,,ETH,0.00429204,ETH,0.00429204,$15.55,-,-,"approved / ETH Interest Earned",2026-05-06 06:00:00
NXTlJInESMoXA0t8BzBnf5YviPPo,Interest,,NEXO,1.02561917,NEXO,1.02561917,$1.09,-,-,"approved / NEXO Interest Earned",2026-05-06 06:00:00
NXTR3zVEBDSRGbtp8oRyyWSM,Interest,,XRP,0.06683635,XRP,0.06683635,$0.16,-,-,"approved / XRP Interest Earned",2026-05-06 06:00:00
NXTumT1aKeqGye2M1ZwamynWA8D,Interest,,LINK,0.43732877,LINK,0.43732877,$3.82,-,-,"approved / LINK Interest Earned",2026-05-06 06:00:00
NXTsjlA8DqyRl1xQmCuUqwDRXnbNeUxcb,Interest,,DOGE,0.59748812,DOGE,0.59748812,$0.27,-,-,"approved / DOGE Interest Earned",2026-05-06 06:00:00
NXTGEtiSNEqgUOZw3CEzsxpWlsXJ,Interest,,SOL,0.02305890,SOL,0.02305890,$2.15,-,-,"approved / SOL Interest Earned",2026-05-06 06:00:00
NXT1VysuKe6AdkiA8uSEKjx,Interest,,ADA,0.69009859,ADA,0.69009859,$0.73,-,-,"approved / ADA Interest Earned",2026-05-06 06:00:00
NXTOuXz6wRS3pccPFrbjH2nt8Bt,Manual Repayment,,USD,441.18826794,USD,0.00000000,$441.19,-,-,"approved / Fiat Repayment",2026-05-06 00:00:00
NXTrMgUtccZPJhPPKdJcBDTM4J5mswga,Interest,,BTC,0.00004577,BTC,0.00004577,$3.01,-,-,"approved / BTC Interest Earned",2026-05-05 06:00:00
NXTbX3Mez1nsCICzLDUyL4RChV30kO,Interest,,ETH,0.00372080,ETH,0.00372080,$14.61,-,-,"approved / ETH Interest Earned",2026-05-05 06:00:00
NXTLbXzFp0sH6sP5l8FTlf1wTlIDtX,Interest,,NEXO,1.43140879,NEXO,1.43140879,$2.09,-,-,"approved / NEXO Interest Earned",2026-05-05 06:00:00
NXThkH2xxmFnoPjSR8aGsQP8ci,Interest,,XRP,0.46258450,XRP,0.46258450,$0.49,-,-,"approved / XRP Interest Earned",2026-05-05 06:00:00
NXTUgDMDWELbXItRjCgw4ER,Interest,,LINK,0.41596322,LINK,0.41596322,$6.67,-,-,"approved / LINK Interest Earned",2026-05-05 06:00:00
NXT8A0ZlsX00W0mkFf0TKYI6eg,Interest,,DOGE,2.59599774,DOGE,2.59599774,$0.90,-,-,"approved / DOGE Interest Earned",2026-05-05 06:00:00
NXT9yXWRCgB7A8BekxfqAHzQJc,Interest,,SOL,0.00502092,SOL,0.00502092,$0.13,-,-,"approved / SOL Interest Earned",2026-05-05 06:00:00
NXT9ieTiYhMBOb0UCgAmpJj0,Interest,,ADA,0.94585391,ADA,0.94585391,$1.07,-,-,"approved / ADA Interest Earned",2026-05-05 06:00:00
NXTQEzCXBoLJu2QRNAZHKgrSk1FJJ,Interest,,BTC,0.00002127,BTC,0.00002127,$1.87,-,-,"approved / BTC Interest Earned",2026-05-04 06:00:00
NXTPri4qXIDNzzhHCUfbJd0DB4B,Interest,,ETH,0.00158658,ETH,0.00158658,$6.42,-,-,"approved / ETH Interest Earned",2026-05-04 06:00:00
NXT3L9ukcqOHYexEQ166OoDXkZXb6v,Interest,,NEXO,0.71105864,NEXO,0.71105864,$0.90,-,-,"approved / NEXO Interest Earned",2026-05-04 06:00:00
NXTRe5bLLk1G8YG7fQgluGC1,Interest,,XRP,0.36232147,XRP,0.36232147,$0.24,-,-,"approved / XRP Interest Earned",2026-05-04 06:00:00
NXTk6pvPoDw4xGspS1HhzklY,Interest,,LINK,0.08848156,LINK,0.08848156,$2.03,-,-,"approved / LINK Interest Earned",2026-05-04 06:00:00
NXTomWQ0DUcedH8aTC2HnAldQSy3Z7,Interest,,DOGE,3.55642763,DOGE,3.55642763,$0.23,-,-,"approved / DOGE Interest Earned",2026-05-04 06:00:00
NXTdcizAIRt6DBeG7kxigzmL,Interest,,SOL,0.02296279,SOL,0.02296279,$5.38,-,-,"approved / SOL Interest Earned",2026-05-04 06:00:00
NXTpe52Iz6G15YBjp0kG0SYrYicGK6,Interest,,ADA,1.04161202,ADA,1.04161202,$0.51,-,-,"approved / ADA Interest Earned",2026-05-04 06:00:00
NXT3JbCghFZrqJx94GwGOTq7,Unlocking Term Deposit,,XRP,920.20183215,XRP,920.20183215,$1380.30,-,-,"approved / Transfer from Term Wallet to Savings Wallet",2026-05-04 05:00:00
NXTpfO28bbTH8iBdbRGkj4KReD9ELYcW,Interest,,BTC,0.00001893,BTC,0.00001893,$1.46,-,-,"approved / BTC Interest Earned",2026-05-03 06:00:00
NXTlhJBBVRsOatIPfvetzu9,Interest,,ETH,0.00058226,ETH,0.00058226,$1.99,-,-,"approved / ETH Interest Earned",2026-05-03 06:00:00
NXTeX1FNk4WYr4Y5PExEvhAGL3HN,Interest,,NEXO,0.75895899,NEXO,0.75895899,$0.68,-,-,"approved / NEXO Interest Earned",2026-05-03 06:00:00
NXTQ7YUO5BYLBqgglc8G6Fe97NSk,Interest,,XRP,0.16995959,XRP,0.16995959,$0.20,-,-,"approved / XRP Interest Earned",2026-05-03 06:00:00
NXTfnQKACeFM65gKo7kkMhe50e,Interest,,LINK,0.33357592,LINK,0.33357592,$6.87,-,-,"approved / LINK Interest Earned",2026-05-03 06:00:00
NXTYKCTZpMMJHFOoXSkxcZK2tUkFvN,Interest,,DOGE,2.13118045,DOGE,2.13118045,$0.94,-,-,"approved / DOGE Interest Earned",2026-05-03 06:00:00
NXTVmCGFmas3q9BZln2KdUH2dWNLMmUjq,Interest,,SOL,0.04653571,SOL,0.04653571,$10.24,-,-,"approved / SOL Interest Earned",2026-05-03 06:00:00
NXT5fzX6C74gJ2MNbEe5I9A4vduwwr3,Interest,,ADA,0.25128901,ADA,0.25128901,$0.15,-,-,"approved / ADA Interest Earned",2026-05-03 06:00:00
NXTD6Rz8rSlSXDpsCIkclPFw3,Interest,,BTC,0.00048508,BTC,0.00048508,$32.21,-,-,"approved / BTC Interest Earned",2026-05-02 06:00:00
NXTGoiq2crUo2jON8YZiXCI3YcSdcldXC,Interest,,ETH,0.00121655,ETH,0.00121655,$4.32,-,-,"approved / ETH Interest Earned",2026-05-02 06:00:00
NXTf402lFt1LwaXZEIdmKwrHABTq7iLQc,Interest,,NEXO,1.69592453,NEXO,1.69592453,$2.21,-,-,"approved / NEXO Interest Earned",2026-05-02 06:00:00
NXTtyf9t140DqWeswoB6UEdbJv4dN,Interest,,XRP,0.44147716,XRP,0.44147716,$0.90,-,-,"approved / XRP Interest Earned",2026-05-02 06:00:00
NXTyPFOl3Z668OA7jm8dNcEBD3zHpA,Interest,,LINK,0.14231486,LINK,0.14231486,$1.77,-,-,"approved / LINK Interest Earned",2026-05-02 06:00:00
NXTBLqxAcuVTKr88qReOfMl,Interest,,DOGE,3.24020155,DOGE,3.24020155,$0.75,-,-,"approved / DOGE Interest Earned",2026-05-02 06:00:00
NXT2zk6uu32g4S97cNLAbzqKfU2eznp,Interest,,SOL,0.02841168,SOL,0.02841168,$4.72,-,-,"approved / SOL Interest Earned",2026-05-02 06:00:00
NXTmuXHqnlVpqxFzKq4X2Nzh8LwCO,Interest,,ADA,1.80569337,ADA,1.80569337,$0.79,-,-,"approved / ADA Interest Earned",2026-05-02 06:00:00
NXT7nGOLgjRt2qFZiThcfPM,Interest,,BTC,0.00023516,BTC,0.00023516,$15.08,-,-,"approved / BTC Interest Earned",2026-05-01 06:00:00
NXTM6SkhUNc7UazcUEFIPrPjcB1CP0A,Interest,,ETH,0.00271417,ETH,0.00271417,$9.75,-,-,"approved / ETH Interest Earned",2026-05-01 06:00:00
NXTd7ueTWRrinuYke3DRNvD,Interest,,NEXO,1.66564574,NEXO,1.66564574,$1.45,-,-,"approved / NEXO Interest Earned",2026-05-01 06:00:00
NXTY8C7cP4Y5Ff5W68U2nzXefS,Interest,,XRP,0.22010872,XRP,0.22010872,$0.16,-,-,"approved / XRP Interest Earned",2026-05-01 06:00:00
NXTnbECj2txqomhZgnFIgitBGkP5o,Interest,,LINK,0.26348936,LINK,0.26348936,$5.31,-,-,"approved / LINK Interest Earned",2026-05-01 06:00:00
NXTGiq1OosVisbqrXlaxyuBATzNj,Interest,,DOGE,4.93717123,DOGE,4.93717123,$1.97,-,-,"approved / DOGE Interest Earned",2026-05-01 06:00:00
NXTshHoMZ52RJpgLqAGVjZPTDU,Interest,,SOL,0.04919168,SOL,0.04919168,$6.72,-,-,"approved / SOL Interest Earned",2026-05-01 06:00:00
NXTB2P9Rhr7XxNIWKxsAjAL3,Interest,,ADA,0.75655154,ADA,0.75655154,$0.64,-,-,"approved / ADA Interest Earned",2026-05-01 06:00:00
NXTljBxE39vnQPeCbYF2fXUSJ9,Interest,,BTC,0.00044408,BTC,0.00044408,$37.31,-,-,"approved / BTC Interest Earned",2026-04-30 06:00:00
NXTig0L8wLwiRobMKVMcbWkoBHZrvqTtq,Interest,,ETH,0.00114511,ETH,0.00114511,$4.07,-,-,"approved / ETH Interest Earned",2026-04-30 06:00:00
NXT4CnjIko8pnEv9BNYnHf8m3g4yni4p,Interest,,NEXO,0.68123997,NEXO,0.68123997,$0.92,-,-,"approved / NEXO Interest Earned",2026-04-30 06:00:00
NXTx40cDYDwOOno3oyVOxbmVsVdTTf3B,Interest,,XRP,0.47211135,XRP,0.47211135,$0.88,-,-,"approved / XRP Interest Earned",2026-04-30 06:00:00
NXTNhb8C7HkhA87yy89RNAaDM8YHHX5UF,Interest,,LINK,0.41980246,LINK,0.41980246,$3.63,-,-,"approved / LINK Interest Earned",2026-04-30 06:00:00
NXT6JMVJ7fbMGKm1tYp5whSL0UlQhRf,Interest,,DOGE,2.53852848,DOGE,2.53852848,$1.10,-,-,"approved / DOGE Interest Earned",2026-04-30 06:00:00
NXT0ZWmoQyZLZPxtQgefUsR,Interest,,SOL,0.01288290,SOL,0.01288290,$3.16,-,-,"approved / SOL Interest Earned",2026-04-30 06:00:00
NXTXLjMW5KIAbGaCmjcaGVG1O4fRq,Interest,,ADA,1.37069823,ADA,1.37069823,$0.67,-,-,"approved / ADA Interest Earned",2026-04-30 06:00:00
NXTPjYfN5l9Fnf62LCD7XXLxR,Fixed Term Interest,,LINK,14.73775767,LINK,14.73775767,$108.14,-,-,"approved / Term Deposit Interest",2026-04-30 05:00:00
NXTO7iEGd50DF5kJThyL2Fx84Vq78C,Top up Crypto,,XRP,161.49597380,XRP,161.49597380,$242.24,-,-,"approved / 73f03a637c7d717a1680199483af5037897ab1c35df48b022bb193e67cb16ed9",2026-04-30 00:00:00
NXTWFJASlbYf5e6bNozG1rLLE,Interest,,BTC,0.00043688,BTC,0.00043688,$39.77,-,-,"approved / BTC Interest Earned",2026-04-29 06:00:00
NXTsl7uh547wJ6HD9QceT3fEExK,Interest,,ETH,0.00142508,ETH,0.00142508,$4.19,-,-,"approved / ETH Interest Earned",2026-04-29 06:00:00
NXTtOIKnZqcakQ786Sq86kco7xc,Interest,,NEXO,1.94885428,NEXO,1.94885428,$2.70,-,-,"approved / NEXO Interest Earned",2026-04-29 06:00:00
NXTqpNDBQ7m6JHJIRvJwG6KOS,Interest,,XRP,0.06966812,XRP,0.06966812,$0.14,-,-,"approved / XRP Interest Earned",2026-04-29 06:00:00
NXTQ2h1G0SycbgAnXEFbQp05Bex,Interest,,LINK,0.28073041,LINK,0.28073041,$3.15,-,-,"approved / LINK Interest Earned",2026-04-29 06:00:00
NXTytvyL89MUD8Yd8ewbKoBh,Interest,,DOGE,3.02455340,DOGE,3.02455340,$0.34,-,-,"approved / DOGE Interest Earned",2026-04-29 06:00:00
NXTb0To7GLiH0khjoPTeIE3XdEnik3,Interest,,SOL,0.00558735,SOL,0.00558735,$1.40,-,-,"approved / SOL Interest Earned",2026-04-29 06:00:00
NXTOx7Nnx7KqjYki3rDFppsoNc,Interest,,ADA,1.29738548,ADA,1.29738548,$0.59,-,-,"approved / ADA Interest Earned",2026-04-29 06:00:00
NXTfW8UTR0hvxdYg7RbEInFBid,Interest,,BTC,0.00039051,BTC,0.00039051,$24.06,-,-,"approved / BTC Interest Earned",2026-04-28 06:00:00
NXT4Yz1cOQADwYtCTF2WBwYB,Interest,,ETH,0.00114386,ETH,0.00114386,$2.46,-,-,"approved / ETH Interest Earned",2026-04-28 06:00:00
NXT6FXNKKj3nNga5NeEm9uC4dQQz,Interest,,NEXO,1.23105993,NEXO,1.23105993,$1.20,-,-,"approved / NEXO Interest Earned",2026-04-28 06:00:00
NXTw8fW2YXZ8AOBiwQ3vqmhP7jZz6,Interest,,XRP,0.37363789,XRP,0.37363789,$0.53,-,-,"approved / XRP Interest Earned",2026-04-28 06:00:00
NXT5qmd2GQ0K7dCgtBTpEamTeAG,Interest,,LINK,0.40285097,LINK,0.40285097,$9.74,-,-,"approved / LINK Interest Earned",2026-04-28 06:00:00
NXTIQurBgiyKlLOiJBfLQtHDQc,Interest,,DOGE,1.22684264,DOGE,1.22684264,$0.08,-,-,"approved / DOGE Interest Earned",2026-04-28 06:00:00
NXTHAqm44Ug6VulCQyqA1B1wprNZJNnB,Interest,,SOL,0.01186963,SOL,0.01186963,$0.30,-,-,"approved / SOL Interest Earned",2026-04-28 06:00:00
NXTsz8jekLTBNstD1UPhp5e8fKx4X,Interest,,ADA,1.20788988,ADA,1.20788988,$0.82,-,-,"approved / ADA Interest Earned",2026-04-28 06:00:00
NXTzHDyz5jbdqPWZ3tGpXoh,Locking Term Deposit,,ETH,-0.65536498,ETH,0.65536498,$1966.09,-,-,"approved / Transfer from Savings Wallet to Term Wallet",2026-04-28 00:00:00
NXTneTvJ6yfry23ypkQYNNdtlJSmSaL8W,Exchange,,EURX,-142.55760529,USDC,153.96221372,$153.96,0.30532814,EURX,"approved / Exchange EURX to USDC",2026-04-28 00:00:00
NXTE3gfrghxHXhEUdJIXsSvKYC,Interest,,BTC,0.00029880,BTC,0.00029880,$20.90,-,-,"approved / BTC Interest Earned",2026-04-27 06:00:00
NXTs1MMdlolTSDaVY03IwA4x0,Interest,,ETH,0.00444151,ETH,0.00444151,$18.23,-,-,"approved / ETH Interest Earned",2026-04-27 06:00:00
NXTPGuIgxBf8BBD9Ai4e0SgckVpD5Toyi,Interest,,NEXO,1.70275063,NEXO,1.70275063,$2.54,-,-,"approved / NEXO Interest Earned",2026-04-27 06:00:00
NXTHaC10xh2LdGpSudB7gssVqzLykV,Interest,,XRP,0.27527407,XRP,0.27527407,$0.30,-,-,"approved / XRP Interest Earned",2026-04-27 06:00:00
NXT7GSo2orRMse43J0MCDQfwM7OhYbfg,Interest,,LINK,0.31859093,LINK,0.31859093,$3.99,-,-,"approved / LINK Interest Earned",2026-04-27 06:00:00
NXTMFe6DLCRNJJoJ5BDYIdXLazluKVzxy,Interest,,DOGE,1.59125509,DOGE,1.59125509,$0.70,-,-,"approved / DOGE Interest Earned",2026-04-27 06:00:00
NXTzJ63YTT1GUCCIbOqhb9Y,Interest,,SOL,0.01737966,SOL,0.01737966,$4.16,-,-,"approved / SOL Interest Earned",2026-04-27 06:00:00
NXTE9lENVb0un0VhKu0GABqx,Interest,,ADA,0.87959061,ADA,0.87959061,$0.79,-,-,"approved / ADA Interest Earned",2026-04-27 06:00:00
NXTPcm1qJZIiZ4xhyaSJLpHbPWL9u,Interest,,BTC,0.00035609,BTC,0.00035609,$27.25,-,-,"approved / BTC Interest Earned",2026-04-26 06:00:00
NXTWuqaVpuN9CaxbwdVgX8MwBIfD,Interest,,ETH,0.00408794,ETH,0.00408794,$17.06,-,-,"approved / ETH Interest Earned",2026-04-26 06:00:00
NXTItJwnWSw1t9dsUQKiHxWCaKpgYHIi,Interest,,NEXO,1.51759827,NEXO,1.51759827,$1.22,-,-,"approved / NEXO Interest Earned",2026-04-26 06:00:00
NXTTEfPHClVlQv5ZZzOx1pUmaTM5kz,Interest,,XRP,0.29849066,XRP,0.29849066,$0.68,-,-,"approved / XRP Interest Earned",2026-04-26 06:00:00
NXTAk8oWKsf1lFP5KmUQktKOj2IovMjUt,Interest,,LINK,0.23082535,LINK,0.23082535,$1.48,-,-,"approved / LINK Interest Earned",2026-04-26 06:00:00
NXTCKOlDmozgnun0idefN34pbnGZId,Interest,,DOGE,4.02425643,DOGE,4.02425643,$0.38,-,-,"approved / DOGE Interest Earned",2026-04-26 06:00:00
NXTfqmWQYvhZdbXql1SRc4eLS,Interest,,SOL,0.04141255,SOL,0.04141255,$7.09,-,-,"approved / SOL Interest Earned",2026-04-26 06:00:00
NXTXMfRZ02bRgZSv0hkFW5dGyXmdEIB,Interest,,ADA,0.32182158,ADA,0.32182158,$0.23,-,-,"approved / ADA Interest Earned",2026-04-26 06:00:00
NXT5PIFY19p2DHHegnYZ0OMPe5jf1xrF,Deposit To Exchange,,EUR,1352.36000000,EURX,1352.36000000,$1380.21,-,-,"approved / EUR Top Up",2026-04-26 00:00:00
NXTZQ9bZZyUsM3HW6YiKZdLwacneuhJm,Exchange Deposited On,,EUR,-1352.36000000,EURX,1352.36000000,$1380.21,-,-,"approved / EUR to EURX",2026-04-26 00:00:00
NXTfgOeP2I0RzgdS0HFEuXVwKhNAom,Interest,,BTC,0.00028226,BTC,0.00028226,$23.73,-,-,"approved / BTC Interest Earned",2026-04-25 06:00:00
NXTCJDvyZkg7ZqEWWUcO3FXcd3535925s,Interest,,ETH,0.00283256,ETH,0.00283256,$5.49,-,-,"approved / ETH Interest Earned",2026-04-25 06:00:00
NXTi1NkD7m9A3g1rafjQU24,Interest,,NEXO,1.70879151,NEXO,1.70879151,$2.07,-,-,"approved / NEXO Interest Earned",2026-04-25 06:00:00
NXThykoi99oigSYBbRF99gImKQHlKlvF,Interest,,XRP,0.36574856,XRP,0.36574856,$0.90,-,-,"approved / XRP Interest Earned",2026-04-25 06:00:00
NXTB41GiuMhGHSnhEmiGNnlRCsW,Interest,,LINK,0.35311273,LINK,0.35311273,$3.79,-,-,"approved / LINK Interest Earned",2026-04-25 06:00:00
NXT5rrXusulsgm9MYc0SsMhPaDgY,Interest,,DOGE,4.46800602,DOGE,4.46800602,$1.09,-,-,"approved / DOGE Interest Earned",2026-04-25 06:00:00
NXTUTQ4aZ7UsErEwCCky4JvBpq6Sh4,Interest,,SOL,0.02349704,SOL,0.02349704,$3.66,-,-,"approved / SOL Interest Earned",2026-04-25 06:00:00
NXTr33zk2dfivYx1UdL4FJo9,Interest,,ADA,0.81757097,ADA,0.81757097,$0.66,-,-,"approved / ADA Interest Earned",2026-04-25 06:00:00
NXToFrjjLYOzuhPDKOzphKiF3,Top up Crypto,,ADA,2230.68640616,ADA,2230.68640616,$1561.48,-,-,"approved / 304e8a26e9d281503ffac2299d2bf0c343a8c6ee0a1fa4b99669e14f36d5ce0e",2026-04-25 00:00:00
NXTDJF33QgQeKFQDziZ2HNF4EbK,Interest,,BTC,0.00022045,BTC,0.00022045,$15.99,-,-,"approved / BTC Interest Earned",2026-04-24 06:00:00
NXTQFrRp5WlqRU57USgiJ4MU96,Interest,,ETH,0.00055067,ETH,0.00055067,$1.21,-,-,"approved / ETH Interest Earned",2026-04-24 06:00:00
NXTP9BZxht8GKyO3FyWfUekoSV6,Interest,,NEXO,1.05670930,NEXO,1.05670930,$0.90,-,-,"approved / NEXO Interest Earned",2026-04-24 06:00:00
NXTAScF3uITUCNnOd5VXWIjaL,Interest,,XRP,0.35792118,XRP,0.35792118,$0.17,-,-,"approved / XRP Interest Earned",2026-04-24 06:00:00
NXTlE5PAtUzIe89nKitf1XUmmX7O0GLs,Interest,,LINK,0.21307944,LINK,0.21307944,$2.29,-,-,"approved / LINK Interest Earned",2026-04-24 06:00:00
NXTVjGiCwKJht9FYprGUIAX,Interest,,DOGE,1.78947415,DOGE,1.78947415,$0.51,-,-,"approved / DOGE Interest Earned",2026-04-24 06:00:00
NXTPFbhcjr9x4ePhjzpnzjLj9,Interest,,SOL,0.00161750,SOL,0.00161750,$0.41,-,-,"approved / SOL Interest Earned",2026-04-24 06:00:00
NXTq425AE5BccZJ46xSwWv427ivR,Interest,,ADA,0.17230695,ADA,0.17230695,$0.11,-,-,"approved / ADA Interest Earned",2026-04-24 06:00:00
NXT82ExHgD1OQke0st7ekxTH3fKMD,Top up Crypto,,DOGE,6528.98514116,DOGE,6528.98514116,$1632.25,-,-,"approved / 52cd02b21851ba955fb6a75b8e95ad6b420b9dc925c9a175155afdab503b5cb0",2026-04-24 00:00:00
NXTALc8saxxlp6hTBhhSlLe2UBM,Liquidation,,LINK,-12.63346371,LINK,12.63346371,$189.50,-,-,"approved / Liquidation",2026-04-24 00:00:00
NXTmbSqhyFLTUrs6u8geAST,Interest,,BTC,0.00005231,BTC,0.00005231,$4.23,-,-,"approved / BTC Interest Earned",2026-04-23 06:00:00
NXT2WNEvBmXQqx5D5yhm9Tma,Interest,,ETH,0.00313125,ETH,0.00313125,$6.18,-,-,"approved / ETH Interest Earned",2026-04-23 06:00:00
NXTsA8oPbGkPbqTuvkpNHDpgKoHvrW,Interest,,NEXO,1.81115569,NEXO,1.81115569,$2.66,-,-,"approved / NEXO Interest Earned",2026-04-23 06:00:00
NXTUKo2GZY4bSwSnJOTIwxV7W71,Interest,,XRP,0.42887898,XRP,0.42887898,$0.70,-,-,"approved / XRP Interest Earned",2026-04-23 06:00:00
NXTKo8UuT12K5NQnVOaTn3o,Interest,,LINK,0.36689498,LINK,0.36689498,$3.47,-,-,"approved / LINK Interest Earned",2026-04-23 06:00:00
NXT6QEcWW7OXIvQRpWKwlqgH,Interest,,DOGE,2.49672687,DOGE,2.49672687,$1.04,-,-,"approved / DOGE Interest Earned",2026-04-23 06:00:00
NXTkOJgSv3yGYTXe50xTdgEICt6Phuz2,Interest,,SOL,0.02836316,SOL,0.02836316,$2.33,-,-,"approved / SOL Interest Earned",2026-04-23 06:00:00
NXTA5b6vUQ6Hz0uIzCn0b51gPkt,Interest,,ADA,0.88197126,ADA,0.88197126,$0.37,-,-,"approved / ADA Interest Earned",2026-04-23 06:00:00
NXTIcyjEfja4OsRWfvMb8Wg2wsflVuBW2,Exchange,,ETH,-0.14405390,USDC,432.16168595,$432.16,0.00060487,ETH,"approved / Exchange ETH to USDC",2026-04-23 00:00:00
NXTDY7pGVEaNUvV8alp8PHuLmPdJQtM6w,Interest,,BTC,0.00030177,BTC,0.00030177,$27.83,-,-,"approved / BTC Interest Earned",2026-04-22 06:00:00
NXT0aH4BwxIObqYVgyyN9gX,Interest,,ETH,0.00383554,ETH,0.00383554,$7.70,-,-,"approved / ETH Interest Earned",2026-04-22 06:00:00
NXTvJANU0aWWF4tO39QGSwRpSdsKFen,Interest,,NEXO,0.85500733,NEXO,0.85500733,$0.88,-,-,"approved / NEXO Interest Earned",2026-04-22 06:00:00
NXTJoPUZQu442MvT4mdhUtyVRXBGZw,Interest,,XRP,0.31998339,XRP,0.31998339,$0.64,-,-,"approved / XRP Interest Earned",2026-04-22 06:00:00
NXTnwi4zZMA28pUm2ZyNyVucT3Xuc,Interest,,LINK,0.33805298,LINK,0.33805298,$4.76,-,-,"approved / LINK Interest Earned",2026-04-22 06:00:00
NXT9ALmtl0qmwBWk3utheNAx,Interest,,DOGE,3.67479262,DOGE,3.67479262,$0.61,-,-,"approved / DOGE Interest Earned",2026-04-22 06:00:00
NXTWPBipyXuV3PdyKdbVPxIBs,Interest,,SOL,0.01016066,SOL,0.01016066,$1.69,-,-,"approved / SOL Interest Earned",2026-04-22 06:00:00
NXTVr755zP6wO0myz7bRepkeloyjFB9c,Interest,,ADA,0.53286745,ADA,0.53286745,$0.59,-,-,"approved / ADA Interest Earned",2026-04-22 06:00:00
NXTWCRsSAoIujaYuKy7jOjWv,Exchange Cashback,,USDC,3.40626414,USDC,3.40626414,$2.83,-,-,"approved / 1 % on top of your Exchange transaction",2026-04-22 00:00:00
NXTaSuZVvkh4K2xpgf8xZZy3,Interest,,BTC,0.00009255,BTC,0.00009255,$7.72,-,-,"approved / BTC Interest Earned",2026-04-21 06:00:00
NXT5sQlt0cvYaPNZUSJ0qyT,Interest,,ETH,0.00241694,ETH,0.00241694,$5.64,-,-,"approved / ETH Interest Earned",2026-04-21 06:00:00
NXT7jFSZxjU1qgyY25wQU3yanxvyBfAZ,Interest,,NEXO,0.94176917,NEXO,0.94176917,$0.89,-,-,"approved / NEXO Interest Earned",2026-04-21 06:00:00
NXTM8rKzjtmLk4fzSmEVBNeTnp,Interest,,XRP,0.25681181,XRP,0.25681181,$0.31,-,-,"approved / XRP Interest Earned",2026-04-21 06:00:00
NXT766DVcnUum50WgPYP5L2,Interest,,LINK,0.38274608,LINK,0.38274608,$2.70,-,-,"approved / LINK Interest Earned",2026-04-21 06:00:00
NXTQg0xI0x7PwCyAZmx2O2iWzigMMfny6,Interest,,DOGE,3.32457393,DOGE,3.32457393,$1.03,-,-,"approved / DOGE Interest Earned",2026-04-21 06:00:00
NXT9d4WcEjQU5PzSz6CAvX9Dhp,Interest,,SOL,0.04901428,SOL,0.04901428,$5.91,-,-,"approved / SOL Interest Earned",2026-04-21 06:00:00
NXT6O7Yp4RYvBqq9CqSlfXNb,Interest,,ADA,1.80602971,ADA,1.80602971,$0.72,-,-,"approved / ADA Interest Earned",2026-04-21 06:00:00
NXT9PReEXPfzbgUK3UzLrCjRct9AhaWzY,Exchange,,BTC,-0.00487234,ETH,0.12992914,$389.79,0.00004354,BTC,"approved / Exchange BTC to ETH",2026-04-21 00:00:00
NXT1DLHfzbgYUZgvXmhABdPg567P3Iib,Interest,,BTC,0.00015929,BTC,0.00015929,$13.50,-,-,"approved / BTC Interest Earned",2026-04-20 06:00:00
NXTObbHNRlViQImCxNRd9tvQC,Interest,,ETH,0.00168065,ETH,0.00168065,$4.43,-,-,"approved / ETH Interest Earned",2026-04-20 06:00:00
NXTB03iY7MXRgb8BtmOkVKXCmyAHD,Interest,,NEXO,1.46186925,NEXO,1.46186925,$2.07,-,-,"approved / NEXO Interest Earned",2026-04-20 06:00:00
NXTJ6ZS7iRHvcazf1WGpQgXU,Interest,,XRP,0.29799368,XRP,0.29799368,$0.39,-,-,"approved / XRP Interest Earned",2026-04-20 06:00:00
NXTqhUzsZUHRIrDcPALCfDKkIfZn7wl,Interest,,LINK,0.10849986,LINK,0.10849986,$1.36,-,-,"approved / LINK Interest Earned",2026-04-20 06:00:00
NXTNzCFmh8kVdvjNyuG8qdHwwMwKDppL,Interest,,DOGE,1.83989871,DOGE,1.83989871,$0.26,-,-,"approved / DOGE Interest Earned",2026-04-20 06:00:00
NXTU9Ns18I3iQKrw6fUnZX3Jr3s,Interest,,SOL,0.01793829,SOL,0.01793829,$0.51,-,-,"approved / SOL Interest Earned",2026-04-20 06:00:00
NXToMJP39sB73L4Tar1ZvJXsBOxr2mI,Interest,,ADA,0.61277925,ADA,0.61277925,$0.23,-,-,"approved / ADA Interest Earned",2026-04-20 06:00:00
NXTyS1R3KLSJT66MYE4J96RG2g,Interest,,BTC,0.00046254,BTC,0.00046254,$38.65,-,-,"approved / BTC Interest Earned",2026-04-19 06:00:00
NXTrFlLWj7xWD25z2T0iNTbsx,Interest,,ETH,0.00390713,ETH,0.00390713,$10.82,-,-,"approved / ETH Interest Earned",2026-04-19 06:00:00
NXTr20ZU3Jqrah9TnXnC8810rPOdh4C4O,Interest,,NEXO,1.49951783,NEXO,1.49951783,$2.11,-,-,"approved / NEXO Interest Earned",2026-04-19 06:00:00
NXTZWXyVtnQuMt6kjEf1XQNcxkl,Interest,,XRP,0.32339415,XRP,0.32339415,$0.49,-,-,"approved / XRP Interest Earned",2026-04-19 06:00:00
NXTk5Qo01C2bytMz9jYI0ucMlW,Interest,,LINK,0.17108367,LINK,0.17108367,$3.15,-,-,"approved / LINK Interest Earned",2026-04-19 06:00:00
NXTih2qWKnM0axOErJzaUx8xg3FlrnS,Interest,,DOGE,4.39829582,DOGE,4.39829582,$0.28,-,-,"approved / DOGE Interest Earned",2026-04-19 06:00:00
NXTdbpmTSUhJNiSt3Fh8Etkgq6My,Interest,,SOL,0.00908823,SOL,0.00908823,$1.78,-,-,"approved / SOL Interest Earned",2026-04-19 06:00:00
NXTL0vQ7aLFsPl15HX51N0SM,Interest,,ADA,0.27688657,ADA,0.27688657,$0.25,-,-,"approved / ADA Interest Earned",2026-04-19 06:00:00
NXTKsnbTHYrOSyVHEuUBGiO,Interest,,BTC,0.00039300,BTC,0.00039300,$37.05,-,-,"approved / BTC Interest Earned",2026-04-18 06:00:00
NXTacFO67OcA7RVCrB6nsaRCtubRPmm8W,Interest,,ETH,0.00408150,ETH,0.00408150,$13.21,-,-,"approved / ETH Interest Earned",2026-04-18 06:00:00
NXT8DiQRMAnFFopVyhQhU07j,Interest,,NEXO,1.74206287,NEXO,1.74206287,$2.61,-,-,"approved / NEXO Interest Earned",2026-04-18 06:00:00
NXTcRX0MuDQrib0iUfGyFDyU,Interest,,XRP,0.14340874,XRP,0.14340874,$0.11,-,-,"approved / XRP Interest Earned",2026-04-18 06:00:00
NXTfJYBpIeF1CO7X2WUKGTIiznnKAxT,Interest,,LINK,0.07079175,LINK,0.07079175,$1.47,-,-,"approved / LINK Interest Earned",2026-04-18 06:00:00
NXTyHm9DoCugZ8BB6UKm2OLbepAFQSu,Interest,,DOGE,2.89398030,DOGE,2.89398030,$0.96,-,-,"approved / DOGE Interest Earned",2026-04-18 06:00:00
NXTZBKKCRbQpR4H4fympI28yh,Interest,,SOL,0.01424733,SOL,0.01424733,$3.01,-,-,"approved / SOL Interest Earned",2026-04-18 06:00:00
NXT6SFcajX8WLERGCSeJS48QJZJl,Interest,,ADA,1.06090717,ADA,1.06090717,$0.72,-,-,"approved / ADA Interest Earned",2026-04-18 06:00:00
NXTHX7PFuYWDCSAgkzHoeMK7X,Exchange To Withdraw,,EURX,152.86000000,EUR,152.86000000,$167.86,-,-,"approved / EURX to EUR",2026-04-18 00:00:00
NXTqCXp5mDwpzN7QuNNf4q7,Withdraw Exchanged,,EUR,-152.86000000,EUR,152.86000000,$167.86,-,-,"approved / EUR withdrawal",2026-04-18 00:00:00
NXTBUQNsgI1wbhVLqaEqse865F2p,Interest,,BTC,0.00023934,BTC,0.00023934,$22.48,-,-,"approved / BTC Interest Earned",2026-04-17 06:00:00
NXTZu7MphF95q3UTj2GAgnlOa,Interest,,ETH,0.00193703,ETH,0.00193703,$4.21,-,-,"approved / ETH Interest Earned",2026-04-17 06:00:00
NXT3ghOpim9ZDQdl66TwNTjYeGbJnTFKn,Interest,,NEXO,0.91237359,NEXO,0.91237359,$1.25,-,-,"approved / NEXO Interest Earned",2026-04-17 06:00:00
NXTZlXLNL6YYbbV4jIOPFhhoV5N9GlH2w,Interest,,XRP,0.14852476,XRP,0.14852476,$0.07,-,-,"approved / XRP Interest Earned",2026-04-17 06:00:00
NXTGVE6KFCIJlrqjmvJSNxFbSWlVbjc,Interest,,LINK,0.37302383,LINK,0.37302383,$2.30,-,-,"approved / LINK Interest Earned",2026-04-17 06:00:00
NXTX55NIIfCHI0myOLg3yVxPS,Interest,,DOGE,2.68057014,DOGE,2.68057014,$0.55,-,-,"approved / DOGE Interest Earned",2026-04-17 06:00:00
NXTZHpvroCY0OkznvBFe5wZKzf,Interest,,SOL,0.00622735,SOL,0.00622735,$0.21,-,-,"approved / SOL Interest Earned",2026-04-17 06:00:00
NXTyGqKGL5vhDxf16knN34zxvuvlV,Interest,,ADA,1.43708419,ADA,1.43708419,$0.78,-,-,"approved / ADA Interest Earned",2026-04-17 06:00:00
NXTOSO9GuFLWojMPYoT5sfL9sQWz1Urzq,Interest,,BTC,0.00015239,BTC,0.00015239,$13.54,-,-,"approved / BTC Interest Earned",2026-04-16 06:00:00
NXTs3znAOSxU0EdnBa82qhi4A2yxPFRHu,Interest,,ETH,0.00435417,ETH,0.00435417,$11.07,-,-,"approved / ETH Interest Earned",2026-04-16 06:00:00
NXTSPgEFFaYr6Do7IQ2jxLW45,Interest,,NEXO,1.22763457,NEXO,1.22763457,$0.99,-,-,"approved / NEXO Interest Earned",2026-04-16 06:00:00
NXTRW8fucGWuqesye3WK7ieL0ifhzdK,Interest,,XRP,0.15156314,XRP,0.15156314,$0.26,-,-,"approved / XRP Interest Earned",2026-04-16 06:00:00
NXTibeBH26CpiufKzp2o0s8oxix5JP,Interest,,LINK,0.27731390,LINK,0.27731390,$6.19,-,-,"approved / LINK Interest Earned",2026-04-16 06:00:00
NXT1ovWeHQkrrAf0c84RJU1XfLSJHu99,Interest,,DOGE,1.60587806,DOGE,1.60587806,$0.56,-,-,"approved / DOGE Interest Earned",2026-04-16 06:00:00
NXTPIII27YsSxevrUOS2757,Interest,,SOL,0.03890510,SOL,0.03890510,$3.57,-,-,"approved / SOL Interest Earned",2026-04-16 06:00:00
NXTuSefOMoXHmcxXOYXKL7wC,Interest,,ADA,1.38567936,ADA,1.38567936,$0.52,-,-,"approved / ADA Interest Earned",2026-04-16 06:00:00
NXT6zFub589qUF0B702MEPAJlNKppXO8p,Interest,,BTC,0.00012753,BTC,0.00012753,$8.57,-,-,"approved / BTC Interest Earned",2026-04-15 06:00:00
NXTtCZqKSTkUdYD2WOZ5b95IaeepzMe,Interest,,ETH,0.00147950,ETH,0.00147950,$4.31,-,-,"approved / ETH Interest Earned",2026-04-15 06:00:00
NXTSHRUDdgraOqRpt2W0izi84dQu7fJ,Interest,,NEXO,1.07029848,NEXO,1.07029848,$1.44,-,-,"approved / NEXO Interest Earned",2026-04-15 06:00:00
NXTy3G6evfXk2aaHFUO4NsWtC,Interest,,XRP,0.21301915,XRP,0.21301915,$0.39,-,-,"approved / XRP Interest Earned",2026-04-15 06:00:00
NXTw6AJSl0rorISSEiz5SePLcBDpgXY,Interest,,LINK,0.25038434,LINK,0.25038434,$2.26,-,-,"approved / LINK Interest Earned",2026-04-15 06:00:00
NXT8t4nuHh9PMJcbqY1DoCMZ5HfGFf,Interest,,DOGE,1.93561726,DOGE,1.93561726,$0.73,-,-,"approved / DOGE Interest Earned",2026-04-15 06:00:00
NXTxVQu8JwtOQCVpwQ4zSzSixqybYE,Interest,,SOL,0.04666176,SOL,0.04666176,$9.34,-,-,"approved / SOL Interest Earned",2026-04-15 06:00:00
NXTnUEhIwhjy083BLPxNQDqG1OqyuQ,Interest,,ADA,0.11440129,ADA,0.11440129,$0.09,-,-,"approved / ADA Interest Earned",2026-04-15 06:00:00
NXTWxIS68CgjCJ4cNC8bNXDiAA,Unlocking Term Deposit,,ETH,0.27196023,ETH,0.27196023,$815.88,-,-,"approved / Transfer from Term Wallet to Savings Wallet",2026-04-15 05:00:00
NXTt04V2Egq60pVNEdP83D4Woa,Deposit To Exchange,,EUR,564.50000000,EURX,564.50000000,$624.46,1.51372705,EUR,"approved / EUR Top Up",2026-04-15 00:00:00
NXTwv4lifCybjYqCTmCc0We2AJf3r,Exchange Deposited On,,EUR,-564.50000000,EURX,564.50000000,$624.46,-,-,"approved / EUR to EURX",2026-04-15 00:00:00
NXTKWJPFGt5jkjBWlNXrIttrjcs8,Interest,,BTC,0.00028753,BTC,0.00028753,$19.00,-,-,"approved / BTC Interest Earned",2026-04-14 06:00:00
NXT01JlFQQyoOPQC0Anmaef8T,Interest,,ETH,0.00376297,ETH,0.00376297,$10.86,-,-,"approved / ETH Interest Earned",2026-04-14 06:00:00
NXTXlKxZyzevA0DXTmrEobzp1ARhMC,Interest,,NEXO,1.93603401,NEXO,1.93603401,$2.03,-,-,"approved / NEXO Interest Earned",2026-04-14 06:00:00
NXTp7u7eMzHlFNyhjqza2fV16IXB0xD,Interest,,XRP,0.10245393,XRP,0.10245393,$0.14,-,-,"approved / XRP Interest Earned",2026-04-14 06:00:00
NXTBu09LdqOpXQOektX8gu0Ml2NX6IQl,Interest,,LINK,0.31499215,LINK,0.31499215,$3.50,-,-,"approved / LINK Interest Earned",2026-04-14 06:00:00
NXTobFOovgVNuQYvh28muVZI,Interest,,DOGE,1.01096358,DOGE,1.01096358,$0.28,-,-,"approved / DOGE Interest Earned",2026-04-14 06:00:00
NXTW41E7xYa22xadv2SrvfoIrZUOSc,Interest,,SOL,0.02170853,SOL,0.02170853,$4.02,-,-,"approved / SOL Interest Earned",2026-04-14 06:00:00
NXT93Ytgljsg3wjOepqsI5iTJ2xHn6k,Interest,,ADA,1.27856866,ADA,1.27856866,$0.65,-,-,"approved / ADA Interest Earned",2026-04-14 06:00:00
NXT6fMuEnkLim4z6PKzUT0F,Withdrawal,,XRP,-741.78171297,XRP,741.78171297,$1112.67,-,-,"approved / XRP withdrawal",2026-04-14 00:00:00
NXTaPxHuuFoAU41xi3QVEauDmRKDhpQGx,Interest,,BTC,0.00018157,BTC,0.00018157,$14.08,-,-,"approved / BTC Interest Earned",2026-04-13 06:00:00
NXTBg5UTUQymJuEhefmSLXlMJjBkZ,Interest,,ETH,0.00407772,ETH,0.00407772,$11.12,-,-,"approved / ETH Interest Earned",2026-04-13 06:00:00
NXT2hvzUVxskOrC4xHmuG5MKj1ri3Wz,Interest,,NEXO,1.56724101,NEXO,1.56724101,$2.25,-,-,"approved / NEXO Interest Earned",2026-04-13 06:00:00
NXTpXPYXyyiAHjMLKDRFOrWXAQX1PO0H,Interest,,XRP,0.28266818,XRP,0.28266818,$0.24,-,-,"approved / XRP Interest Earned",2026-04-13 06:00:00
NXTKDZ25hNLzt4G9iEJTL7hUqZos,Interest,,LINK,0.27697542,LINK,0.27697542,$6.01,-,-,"approved / LINK Interest Earned",2026-04-13 06:00:00
NXTfH91cVXBRI8fKxDiFHQGQ4kBhY0qu,Interest,,DOGE,3.55659166,DOGE,3.55659166,$0.87,-,-,"approved / DOGE Interest Earned",2026-04-13 06:00:00
NXT1LxjNPDs44Y57UUyhFWDsck1VOkb,Interest,,SOL,0.04682249,SOL,0.04682249,$11.91,-,-,"approved / SOL Interest Earned",2026-04-13 06:00:00
NXTa589FW85NB9OfX9QAlqjbw,Interest,,ADA,1.59362670,ADA,1.59362670,$0.68,-,-,"approved / ADA Interest Earned",2026-04-13 06:00:00
NXTwJSMLtzwrOEyBpJfsFyK9TrakWk,Interest,,BTC,0.00019897,BTC,0.00019897,$13.62,-,-,"approved / BTC Interest Earned",2026-04-12 06:00:00
NXTmiQSrNhyarFtMZuFV7lwVydKf,Interest,,ETH,0.00240452,ETH,0.00240452,$8.38,-,-,"approved / ETH Interest Earned",2026-04-12 06:00:00
NXTmCUcCHVfHEc3uO79q7g48cSLs,Interest,,NEXO,1.82266889,NEXO,1.82266889,$2.07,-,-,"approved / NEXO Interest Earned",2026-04-12 06:00:00
NXTPIKalXiUZw4wM4wW4eRg,Interest,,XRP,0.48589552,XRP,0.48589552,$0.35,-,-,"approved / XRP Interest Earned",2026-04-12 06:00:00
NXTxcHgDaicpRmmer8RMDjezeZ,Interest,,LINK,0.22613991,LINK,0.22613991,$2.74,-,-,"approved / LINK Interest Earned",2026-04-12 06:00:00
NXTg6s9I6xhoahmZ2v1wML5n,Interest,,DOGE,4.94191004,DOGE,4.94191004,$0.53,-,-,"approved / DOGE Interest Earned",2026-04-12 06:00:00
NXTm1W83lmRxRhL75X8eor1a,Interest,,SOL,0.01074279,SOL,0.01074279,$0.49,-,-,"approved / SOL Interest Earned",2026-04-12 06:00:00
NXTzgiv9rIpCnm4bsgmQwnR74r2,Interest,,ADA,0.82964604,ADA,0.82964604,$0.27,-,-,"approved / ADA Interest Earned",2026-04-12 06:00:00
NXToO5WFe1w3ZobputwbZZo,Exchange,,USDC,-447.94654659,EURX,414.76532092,$447.95,3.37669274,USDC,"approved / Exchange USDC to EURX",2026-04-12 00:00:00
NXTpiJS2XmXJACLlOOZluhzFn,Exchange,,NEXO,-49.68807577,USDC,54.65688334,$54.66,0.12126804,NEXO,"approved / Exchange NEXO to USDC",2026-04-12 00:00:00
NXTZlg1Fri2F4WLgO1MuxGig,Exchange,,XRP,-223.57144100,NEXO,304.87014682,$335.36,1.08382176,XRP,"approved / Exchange XRP to NEXO",2026-04-12 00:00:00
NXT1tkUQ9rf5hJYf39D0Ycl,Interest,,BTC,0.00047129,BTC,0.00047129,$35.54,-,-,"approved / BTC Interest Earned",2026-04-11 06:00:00
NXTTjbKnQFhHorbCsHIncu9vWXiEw3HSG,Interest,,ETH,0.00378501,ETH,0.00378501,$14.29,-,-,"approved / ETH Interest Earned",2026-04-11 06:00:00
NXTrIRsOq2kkH8pYaz7fR0REiwYHX4,Interest,,NEXO,1.99860197,NEXO,1.99860197,$1.73,-,-,"approved / NEXO Interest Earned",2026-04-11 06:00:00
NXT4qbePYjNR9ZgQdyTb6yOS,Interest,,XRP,0.48545372,XRP,0.48545372,$0.61,-,-,"approved / XRP Interest Earned",2026-04-11 06:00:00
NXTIDTjxetX4iplw3sPX1Rr6YUREV,Interest,,LINK,0.23391654,LINK,0.23391654,$2.21,-,-,"approved / LINK Interest Earned",2026-04-11 06:00:00
NXTXPe1Jc4tybB5TDJeBDrjMp,Interest,,DOGE,4.06097804,DOGE,4.06097804,$1.45,-,-,"approved / DOGE Interest Earned",2026-04-11 06:00:00
NXTCIeoBxtiKElY0sC0nqsd,Interest,,SOL,0.04765907,SOL,0.04765907,$2.09,-,-,"approved / SOL Interest Earned",2026-04-11 06:00:00
NXTJhhRXVA2db04RwkhnrZRRAzyLeF0i5,Interest,,ADA,1.36813824,ADA,1.36813824,$0.73,-,-,"approved / ADA Interest Earned",2026-04-11 06:00:00
NXTdZP1o4VFql1OZBcxo2ny4g4PDBeGry,Referral Bonus,,BTC,0.00056603,BTC,0.00056603,$25.00,-,-,"approved / Referral bonus",2026-04-11 00:00:00
NXTfrsZHau1bunTXPLVb8CMQRK1M,Interest,,BTC,0.00028648,BTC,0.00028648,$24.27,-,-,"approved / BTC Interest Earned",2026-04-10 06:00:00
NXTuJegIE8PGGeBqKQAEAtDPGAEZH,Interest,,ETH,0.00315966,ETH,0.00315966,$11.71,-,-,"approved / ETH Interest Earned",2026-04-10 06:00:00
NXTb79ZjFDsd1u55fwbFKvgIf,Interest,,NEXO,0.32467022,NEXO,0.32467022,$0.36,-,-,"approved / NEXO Interest Earned",2026-04-10 06:00:00
NXT9HmFdWhp31CCg7JsifWmT7QIMWx,Interest,,XRP,0.22123415,XRP,0.22123415,$0.45,-,-,"approved / XRP Interest Earned",2026-04-10 06:00:00
NXTYNLvbgHsejT26kGB5M7cH3T,Interest,,LINK,0.32838408,LINK,0.32838408,$4.85,-,-,"approved / LINK Interest Earned",2026-04-10 06:00:00
NXTayRl4iIjv6WSmAhaJ1mSiXXc,Interest,,DOGE,2.26608192,DOGE,2.26608192,$0.86,-,-,"approved / DOGE Interest Earned",2026-04-10 06:00:00
NXT2OwJnbCPDp8Z36VGayYIG15d,Interest,,SOL,0.02044814,SOL,0.02044814,$2.22,-,-,"approved / SOL Interest Earned",2026-04-10 06:00:00
NXTjsBMfKe41nRG6cUBaQGHS9JI1EV,Interest,,ADA,1.89198491,ADA,1.89198491,$1.71,-,-,"approved / ADA Interest Earned",2026-04-10 06:00:00
NXTcqtRQVJJ8PuGRfPpvPx0I9dNj00,Top up Crypto,,USDC,1829.67759218,USDC,1829.67759218,$1829.68,-,-,"approved / b7301197fc1bea7f40ddd5a61de02a5ef4b55167db76e22bfd1e7979c9debe77",2026-04-10 00:00:00
NXT3O8TDzPtj2UDHgwWXx5bFirTNQ,Exchange,,XRP,-202.95700938,NEXO,276.75955824,$304.44,0.53279596,XRP,"approved / Exchange XRP to NEXO",2026-04-10 00:00:00
NXTMmtKq7GwzijvnBU5aWB9zx3E,Interest,,BTC,0.00009755,BTC,0.00009755,$8.81,-,-,"approved / BTC Interest Earned",2026-04-09 06:00:00
NXTHLMbZU5kk4eiCXyy2xK8DDsg,Interest,,ETH,0.00479855,ETH,0.00479855,$10.84,-,-,"approved / ETH Interest Earned",2026-04-09 06:00:00
NXTkET9EV9j8MdTr1II7fAgez8V,Interest,,NEXO,1.49058300,NEXO,1.49058300,$1.52,-,-,"approved / NEXO Interest Earned",2026-04-09 06:00:00
NXTLej2QQh2ttOWaC2n3LGc1FR04HUEs,Interest,,XRP,0.35075861,XRP,0.35075861,$0.51,-,-,"approved / XRP Interest Earned",2026-04-09 06:00:00
NXTssZ2XsqpAuhga6xZS8Mf2K6H,Interest,,LINK,0.25061062,LINK,0.25061062,$4.67,-,-,"approved / LINK Interest Earned",2026-04-09 06:00:00
NXTGxFIkj6gpKSkSJXwbeyOdZfUnjD0,Interest,,DOGE,1.23777043,DOGE,1.23777043,$0.28,-,-,"approved / DOGE Interest Earned",2026-04-09 06:00:00
NXTelnw6RQ9V1h6VoNazRqFyBfZ,Interest,,SOL,0.01021303,SOL,0.01021303,$1.46,-,-,"approved / SOL Interest Earned",2026-04-09 06:00:00
NXT58WuPfBWxjVA3Df64j8Yh7XXu6,Interest,,ADA,1.49966409,ADA,1.49966409,$0.48,-,-,"approved / ADA Interest Earned",2026-04-09 06:00:00
NXTkIcBZLNAv9FwNZ7juGR6,Fixed Term Interest,,XRP,13.84924012,XRP,13.84924012,$19.10,-,-,"approved / Term Deposit Interest",2026-04-09 05:00:00
NXTw5ttptNMvtgsAdoE3o9FIzc0O5sTwY,Interest,,BTC,0.00030024,BTC,0.00030024,$20.21,-,-,"approved / BTC Interest Earned",2026-04-08 06:00:00
NXTxlWuEQg77GaAJGuvM3Ol4yoc1pzFdI,Interest,,ETH,0.00360656,ETH,0.00360656,$11.41,-,-,"approved / ETH Interest Earned",2026-04-08 06:00:00
NXT4dgGr9lwqEd4k4vomJxnc2h,Interest,,NEXO,1.89963793,NEXO,1.89963793,$2.05,-,-,"approved / NEXO Interest Earned",2026-04-08 06:00:00
NXTGMZWrbw4NnMzB5thxdUE70Jquszln,Interest,,XRP,0.17097158,XRP,0.17097158,$0.18,-,-,"approved / XRP Interest Earned",2026-04-08 06:00:00
NXTejechQ9nElT7H36TWIWG1QI,Interest,,LINK,0.08628001,LINK,0.08628001,$2.14,-,-,"approved / LINK Interest Earned",2026-04-08 06:00:00
NXT16FF5Z6AcHnHPEWLc0qwmKr7GG,Interest,,DOGE,4.65666636,DOGE,4.65666636,$1.94,-,-,"approved / DOGE Interest Earned",2026-04-08 06:00:00
NXTptnE8SaYuo6GJjbm0ca4LxH4,Interest,,SOL,0.02444424,SOL,0.02444424,$1.93,-,-,"approved / SOL Interest Earned",2026-04-08 06:00:00
NXTowQwdfHZ5CPx1sxzsoEVapVfacN,Interest,,ADA,0.85742400,ADA,0.85742400,$0.90,-,-,"approved / ADA Interest Earned",2026-04-08 06:00:00
NXTAZ3aYlu2TfNO9g0kHebRejf,Interest,,BTC,0.00045655,BTC,0.00045655,$40.52,-,-,"approved / BTC Interest Earned",2026-04-07 06:00:00
NXTfC1JPRxp3cpJ47zFuqqNXZujuym1,Interest,,ETH,0.00057939,ETH,0.00057939,$2.29,-,-,"approved / ETH Interest Earned",2026-04-07 06:00:00
NXTcTqgPYjrOwUZ84NYXKaa,Interest,,NEXO,1.00601338,NEXO,1.00601338,$0.98,-,-,"approved / NEXO Interest Earned",2026-04-07 06:00:00
NXTdPFHTssvZOBENVoOm5Rfo7,Interest,,XRP,0.09039685,XRP,0.09039685,$0.15,-,-,"approved / XRP Interest Earned",2026-04-07 06:00:00
NXTAkjHRC5xdEW3JJ4fjgoIwsH1,Interest,,LINK,0.43701965,LINK,0.43701965,$5.54,-,-,"approved / LINK Interest Earned",2026-04-07 06:00:00
NXTd79XuapIqq14U4Z7wA2e,Interest,,DOGE,3.29978857,DOGE,3.29978857,$1.38,-,-,"approved / DOGE Interest Earned",2026-04-07 06:00:00
NXTUulbsMwDkSqbjgilKnkb5,Interest,,SOL,0.01304993,SOL,0.01304993,$0.32,-,-,"approved / SOL Interest Earned",2026-04-07 06:00:00
NXTPHwCFngS7jcRoENyeBpE4,Interest,,ADA,0.66452143,ADA,0.66452143,$0.71,-,-,"approved / ADA Interest Earned",2026-04-07 06:00:00
NXT3PqueLNWUAPyaUQZuEEE,Interest,,BTC,0.00006068,BTC,0.00006068,$3.84,-,-,"approved / BTC Interest Earned",2026-04-06 06:00:00
NXThBAnlrGYSa56Xj8G1DWrJ9fIf82R,Interest,,ETH,0.00156281,ETH,0.00156281,$4.73,-,-,"approved / ETH Interest Earned",2026-04-06 06:00:00
NXTMSbcqrhQrJlUx7eXMhOW71s8,Interest,,NEXO,1.38796941,NEXO,1.38796941,$1.18,-,-,"approved / NEXO Interest Earned",2026-04-06 06:00:00
NXThnx4Os94QbGvvOIkqmP5S948hle,Interest,,XRP,0.12263514,XRP,0.12263514,$0.27,-,-,"approved / XRP Interest Earned",2026-04-06 06:00:00
NXTxqilznwzEGm5YDXVt591FIqCgxMtr,Interest,,LINK,0.37200064,LINK,0.37200064,$5.12,-,-,"approved / LINK Interest Earned",2026-04-06 06:00:00
NXT1kq26E6yTR5szGKTjnFyo16bgPHkO,Interest,,DOGE,2.09858643,DOGE,2.09858643,$0.73,-,-,"approved / DOGE Interest Earned",2026-04-06 06:00:00
NXT5cbvAOBZPHPzcHAK2pZT,Interest,,SOL,0.02881823,SOL,0.02881823,$5.60,-,-,"approved / SOL Interest Earned",2026-04-06 06:00:00
NXTP8QK6b7UeYcN4ocYFGKZdnkGv1,Interest,,ADA,1.70882330,ADA,1.70882330,$1.98,-,-,"approved / ADA Interest Earned",2026-04-06 06:00:00
NXTLf6ai9fIKVjoeI2vz5lgF5,Interest,,BTC,0.00033605,BTC,0.00033605,$25.69,-,-,"approved / BTC Interest Earned",2026-04-05 06:00:00
NXTtd6JXKLSjql2p1bUA4fvNQi2ExPY,Interest,,ETH,0.00377404,ETH,0.00377404,$13.13,-,-,"approved / ETH Interest Earned",2026-04-05 06:00:00
NXTkXuKskehDrxdvFdNIh76aEgv7SBm,Interest,,NEXO,0.83464550,NEXO,0.83464550,$0.99,-,-,"approved / NEXO Interest Earned",2026-04-05 06:00:00
NXT3QwdnwVJtbTWDOJLRRU7,Interest,,XRP,0.49220345,XRP,0.49220345,$0.36,-,-,"approved / XRP Interest Earned",2026-04-05 06:00:00
NXT33eB4OodRSxf4DYdisckk,Interest,,LINK,0.32689639,LINK,0.32689639,$6.66,-,-,"approved / LINK Interest Earned",2026-04-05 06:00:00
NXTmlV7JsohJHZpeu09PRGkdYeKiHDl,Interest,,DOGE,0.57449844,DOGE,0.57449844,$0.08,-,-,"approved / DOGE Interest Earned",2026-04-05 06:00:00
NXT48cioDy3TaTEPCAjCCc2Gwx,Interest,,SOL,0.02307079,SOL,0.02307079,$3.02,-,-,"approved / SOL Interest Earned",2026-04-05 06:00:00
NXT9lG06n1COpPuRXwrknqcxIFwudGLN,Interest,,ADA,1.70003356,ADA,1.70003356,$1.67,-,-,"approved / ADA Interest Earned",2026-04-05 06:00:00
NXTgWe5wocA9JNBNvfEznXYddhK2Y1,Interest,,BTC,0.00021018,BTC,0.00021018,$19.86,-,-,"approved / BTC Interest Earned",2026-04-04 06:00:00
NXT5kWWFZ8nYl58mIXklK6U3cDQBA,Interest,,ETH,0.00244986,ETH,0.00244986,$6.85,-,-,"approved / ETH Interest Earned",2026-04-04 06:00:00
NXTKNSD7eM6nPKVQs2xxEgcARy4I4,Interest,,NEXO,0.32913084,NEXO,0.32913084,$0.35,-,-,"approved / NEXO Interest Earned",2026-04-04 06:00:00
NXTDO2HXMj118bxXSMDCNsidF6nr,Interest,,XRP,0.07253502,XRP,0.07253502,$0.07,-,-,"approved / XRP Interest Earned",2026-04-04 06:00:00
NXTC5eErSz9NbPSPhEyh7Djcyvo2YLH,Interest,,LINK,0.11476584,LINK,0.11476584,$2.25,-,-,"approved / LINK Interest Earned",2026-04-04 06:00:00
NXTzzHQZAzkVj8ZH1QiobRbJ,Interest,,DOGE,3.86486825,DOGE,3.86486825,$1.25,-,-,"approved / DOGE Interest Earned",2026-04-04 06:00:00
NXTqI3GeqaPUjRs9DQsmtXPCwAxZLln9,Interest,,SOL,0.01966662,SOL,0.01966662,$1.51,-,-,"approved / SOL Interest Earned",2026-04-04 06:00:00
NXTxhP0DxcmXy0FaIjPQ2uehnGnQLqMf,Interest,,ADA,0.54807378,ADA,0.54807378,$0.62,-,-,"approved / ADA Interest Earned",2026-04-04 06:00:00
NXT9yVPeYHuyimsoOeKbwXYnI05iYc,Interest,,BTC,0.00012731,BTC,0.00012731,$9.33,-,-,"approved / BTC Interest Earned",2026-04-03 06:00:00
NXTWU6TNVaIctjqJ7FuGFk6ZdgzU,Interest,,ETH,0.00432383,ETH,0.00432383,$8.38,-,-,"approved / ETH Interest Earned",2026-04-03 06:00:00
NXTjHPRG0pFyvAOPfSI7559,Interest,,NEXO,0.86451626,NEXO,0.86451626,$1.09,-,-,"approved / NEXO Interest Earned",2026-04-03 06:00:00
NXT7XTeon6yNVrmCrdsi6CUqvy,Interest,,XRP,0.35408769,XRP,0.35408769,$0.55,-,-,"approved / XRP Interest Earned",2026-04-03 06:00:00
NXTV5yN35KxPwF0zVTe5j6xf,Interest,,LINK,0.37933269,LINK,0.37933269,$8.52,-,-,"approved / LINK Interest Earned",2026-04-03 06:00:00
NXToC5SjLTR63mgKMM1s0XXgsxyI4H,Interest,,DOGE,4.35504589,DOGE,4.35504589,$1.53,-,-,"approved / DOGE Interest Earned",2026-04-03 06:00:00
NXTIZ0QbyGgsCJ96YSXm1vAC69NGv,Interest,,SOL,0.01405381,SOL,0.01405381,$2.99,-,-,"approved / SOL Interest Earned",2026-04-03 06:00:00
NXThWojD7n3yNMWE8YBGQxK,Interest,,ADA,0.90633958,ADA,0.90633958,$0.39,-,-,"approved / ADA Interest Earned",2026-04-03 06:00:00
NXTRlbairAWR5ple9rBWaKOEQPgntTTH,Exchange,,SOL,-0.52479491,USDC,73.47128788,$73.47,0.00504782,SOL,"approved / Exchange SOL to USDC",2026-04-03 00:00:00
NXT2mOtyqwcjao4GA2ABxyLYFPxm9crUz,Interest,,BTC,0.00047780,BTC,0.00047780,$44.77,-,-,"approved / BTC Interest Earned",2026-04-02 06:00:00
NXT3OaG6YeshF2dMkRoMqyHosQyjVFGk,Interest,,ETH,0.00427596,ETH,0.00427596,$9.65,-,-,"approved / ETH Interest Earned",2026-04-02 06:00:00
NXTMZAMsSBYnjEp2SkkfosayGQ,Interest,,NEXO,0.36857966,NEXO,0.36857966,$0.36,-,-,"approved / NEXO Interest Earned",2026-04-02 06:00:00
NXTyYjB5bwRMPkf1AKm7MGUjv5l1,Interest,,XRP,0.34055753,XRP,0.34055753,$0.43,-,-,"approved / XRP Interest Earned",2026-04-02 06:00:00
NXTDcTdjgjPtjeypsbSBs338a4W,Interest,,LINK,0.12615180,LINK,0.12615180,$2.19,-,-,"approved / LINK Interest Earned",2026-04-02 06:00:00
NXTRUnrxXLnDDWsU3kFWe0PNV8gUFAgr,Interest,,DOGE,1.48055627,DOGE,1.48055627,$0.57,-,-,"approved / DOGE Interest Earned",2026-04-02 06:00:00
NXTCLLr90et0zIlCyfa4ID9iX6Fqexj,Interest,,SOL,0.03598623,SOL,0.03598623,$6.01,-,-,"approved / SOL Interest Earned",2026-04-02 06:00:00
NXTvym1RWT3elugXFTF2sVaAK952j,Interest,,ADA,0.97427617,ADA,0.97427617,$1.12,-,-,"approved / ADA Interest Earned",2026-04-02 06:00:00
NXTen2bPWcOF8EMmzFlrhJZMP,Interest,,BTC,0.00010905,BTC,0.00010905,$8.80,-,-,"approved / BTC Interest Earned",2026-04-01 06:00:00
NXTuxMpx2OjFmTs5YWwy4fGd9z0v,Interest,,ETH,0.00498131,ETH,0.00498131,$15.39,-,-,"approved / ETH Interest Earned",2026-04-01 06:00:00
NXTgRKue1uYDIuBgqh6ijH0e,Interest,,NEXO,0.70409967,NEXO,0.70409967,$0.94,-,-,"approved / NEXO Interest Earned",2026-04-01 06:00:00
NXTNulByQw7cFuH2L166V1xdoWDG7Jr,Interest,,XRP,0.17151213,XRP,0.17151213,$0.38,-,-,"approved / XRP Interest Earned",2026-04-01 06:00:00
NXTV0yjyUcNKdQi8GMlaVCmH32u,Interest,,LINK,0.33822069,LINK,0.33822069,$5.53,-,-,"approved / LINK Interest Earned",2026-04-01 06:00:00
NXTm7XCdiEiotRiZBNWinpRGIW,Interest,,DOGE,0.58995187,DOGE,0.58995187,$0.26,-,-,"approved / DOGE Interest Earned",2026-04-01 06:00:00
NXTsekrihZf0ZuOt5UaPURb,Interest,,SOL,0.03875493,SOL,0.03875493,$8.03,-,-,"approved / SOL Interest Earned",2026-04-01 06:00:00
NXTfag3EJUo6Nufs6yB1ktplPsr5geI,Interest,,ADA,1.41341845,ADA,1.41341845,$0.88,-,-,"approved / ADA Interest Earned",2026-04-01 06:00:00
NXT3OnW0RX7bh7tCdDiJXlGH6OJSBJLhE,Exchange,,ETH,-0.04588032,NEXO,125.12813947,$137.64,0.00036442,ETH,"approved / Exchange ETH to NEXO",2026-04-01 00:00:00
NXT6claOpRtiFivlbtkquRlMj2bw9,Interest,,BTC,0.00028885,BTC,0.00028885,$22.08,-,-,"approved / BTC Interest Earned",2026-03-31 06:00:00
NXTg2JyqjRgWtSIA06bL2zFMDPE,Interest,,ETH,0.00341018,ETH,0.00341018,$6.35,-,-,"approved / ETH Interest Earned",2026-03-31 06:00:00
NXTSgQ1zsYF66JrcOYbLTHIhWD,Interest,,NEXO,0.21283282,NEXO,0.21283282,$0.28,-,-,"approved / NEXO Interest Earned",2026-03-31 06:00:00
NXTEOnAA7d7S3Ct5lgNC0Mc,Interest,,XRP,0.07694311,XRP,0.07694311,$0.08,-,-,"approved / XRP Interest Earned",2026-03-31 06:00:00
NXTuSFZvTplZB7oUCVEoF1pfPYk4Wz,Interest,,LINK,0.13599494,LINK,0.13599494,$2.55,-,-,"approved / LINK Interest Earned",2026-03-31 06:00:00
NXTNhaqimia3RQ8wxRR6qEeo13d,Interest,,DOGE,3.58610599,DOGE,3.58610599,$1.53,-,-,"approved / DOGE Interest Earned",2026-03-31 06:00:00
NXTD1EktRpuAClfrjTC7pDRyhqoNm,Interest,,SOL,0.01495155,SOL,0.01495155,$2.61,-,-,"approved / SOL Interest Earned",2026-03-31 06:00:00
NXTGq1jndJ4YqoVxSa0PgWtd96UiM,Interest,,ADA,0.17111756,ADA,0.17111756,$0.17,-,-,"approved / ADA Interest Earned",2026-03-31 06:00:00
NXTKYsETbrnn7TyWCgACjYpz4Unc,Interest,,BTC,0.00038708,BTC,0.00038708,$29.29,-,-,"approved / BTC Interest Earned",2026-03-30 06:00:00
NXTmnVTKeFUPwzMeFC3gxx7JD,Interest,,ETH,0.00259567,ETH,0.00259567,$7.98,-,-,"approved / ETH Interest Earned",2026-03-30 06:00:00
NXT5vQYMns3GXaMBPCP1koOW,Interest,,NEXO,0.51776507,NEXO,0.51776507,$0.68,-,-,"approved / NEXO Interest Earned",2026-03-30 06:00:00
NXT114RLcB3iy9xO2TEZoxoxDybXw,Interest,,XRP,0.47012545,XRP,0.47012545,$0.83,-,-,"approved / XRP Interest Earned",2026-03-30 06:00:00
NXTrR7oFdetjHiY3DaE05OTHy4kzeAc,Interest,,LINK,0.05502988,LINK,0.05502988,$0.34,-,-,"approved / LINK Interest Earned",2026-03-30 06:00:00
NXT3Ii4ls0A8zfRwAzlz8YsnY,Interest,,DOGE,1.26993113,DOGE,1.26993113,$0.39,-,-,"approved / DOGE Interest Earned",2026-03-30 06:00:00
NXTm8TqMSlyLCVJwB2kntIqdQ,Interest,,SOL,0.01085414,SOL,0.01085414,$2.18,-,-,"approved / SOL Interest Earned",2026-03-30 06:00:00
NXTsjUiq2QYKzSY3gL6RzcoSTc54,Interest,,ADA,1.79023908,ADA,1.79023908,$1.22,-,-,"approved / ADA Interest Earned",2026-03-30 06:00:00
NXTC4qMmsPTr9BaDaLPJZPqgD,Fixed Term Interest,,NEXO,46.80470763,NEXO,46.80470763,$56.72,-,-,"approved / Term Deposit Interest",2026-03-30 05:00:00
NXTBx00Vgq7LjusvJ1IMjAEiRpb,Transfer Out,,ETH,-0.90774493,ETH,0.90774493,$2723.23,-,-,"approved / Transfer from Savings Wallet to Credit Line Wallet",2026-03-30 00:00:00
NXTQHVEXY4hxvsHAGzVN4ZBd7kGV,Interest,,BTC,0.00032994,BTC,0.00032994,$26.51,-,-,"approved / BTC Interest Earned",2026-03-29 06:00:00
NXTLo2DRbxvulw5kSpbgvrHbuQf,Interest,,ETH,0.00388444,ETH,0.00388444,$11.48,-,-,"approved / ETH Interest Earned",2026-03-29 06:00:00
NXTDEVqJKqr9H6N31SZiVz2S8,Interest,,NEXO,0.54772842,NEXO,0.54772842,$0.64,-,-,"approved / NEXO Interest Earned",2026-03-29 06:00:00
NXTBXpd1tvYQlNhq0OCCgIU4JiP,Interest,,XRP,0.09272080,XRP,0.09272080,$0.08,-,-,"approved / XRP Interest Earned",2026-03-29 06:00:00
NXT0ziNRNgaU5VBtCxv3OL9bAloZXz0m,Interest,,LINK,0.46821524,LINK,0.46821524,$10.66,-,-,"approved / LINK Interest Earned",2026-03-29 06:00:00
NXTlspEOd9GXpV25yjekwt9r,Interest,,DOGE,3.90074934,DOGE,3.90074934,$0.58,-,-,"approved / DOGE Interest Earned",2026-03-29 06:00:00
NXTyEuiyGskZKXWMVQm4M2yDW6,Interest,,SOL,0.01394587,SOL,0.01394587,$1.25,-,-,"approved / SOL Interest Earned",2026-03-29 06:00:00
NXT1kgujXiz07HZ35TdmefynXhTC,Interest,,ADA,0.79130476,ADA,0.79130476,$0.66,-,-,"approved / ADA Interest Earned",2026-03-29 06:00:00
NXTzfJRVEfwXQpDXLfztXD3r2I9yxmlW,Deposit To Exchange,,EUR,827.96000000,EURX,827.96000000,$911.67,-,-,"approved / EUR Top Up",2026-03-29 00:00:00
NXT2m1E5QYlL42aOsRTIPAf35WGjXP8,Exchange Deposited On,,EUR,-827.96000000,EURX,827.96000000,$911.67,-,-,"approved / EUR to EURX",2026-03-29 00:00:00
NXTFwFvv0ALwZPTKLL7OVVBm,Interest,,BTC,0.00045989,BTC,0.00045989,$33.05,-,-,"approved / BTC Interest Earned",2026-03-28 06:00:00
NXT2Rx1vyI1djiNblRU7PJRBwnlWruHQ,Interest,,ETH,0.00146184,ETH,0.00146184,$3.25,-,-,"approved / ETH Interest Earned",2026-03-28 06:00:00
NXTANcTcC45raYWXONgbSTW0BoZ,Interest,,NEXO,1.76905643,NEXO,1.76905643,$2.15,-,-,"approved / NEXO Interest Earned",2026-03-28 06:00:00
NXTfwOoMC5mEuY6HglOpb3Pct,Interest,,XRP,0.37680475,XRP,0.37680475,$0.49,-,-,"approved / XRP Interest Earned",2026-03-28 06:00:00
NXT1foccjDUaPKxN8GqiofIPRjAl,Interest,,LINK,0.13879519,LINK,0.13879519,$3.05,-,-,"approved / LINK Interest Earned",2026-03-28 06:00:00
NXTRsyo3rrDKlNzWY0M1jvZZXTCWY1l,Interest,,DOGE,3.36184340,DOGE,3.36184340,$0.97,-,-,"approved / DOGE Interest Earned",2026-03-28 06:00:00
NXTpqg4IFiyDsoE7gq5ib8dgQa,Interest,,SOL,0.03724774,SOL,0.03724774,$0.84,-,-,"approved / SOL Interest Earned",2026-03-28 06:00:00
NXTsExJHBeznFT6odn55NDuvXjojNI5e6,Interest,,ADA,1.25372512,ADA,1.25372512,$0.40,-,-,"approved / ADA Interest Earned",2026-03-28 06:00:00
NXTfPtggey7LPj6Xl5dMUJ4vP9nOc,Interest,,BTC,0.00044376,BTC,0.00044376,$40.43,-,-,"approved / BTC Interest Earned",2026-03-27 06:00:00
NXTIXQ4DoTi304E9BocMVqa6mVqjpsqVf,Interest,,ETH,0.00458007,ETH,0.00458007,$8.67,-,-,"approved / ETH Interest Earned",2026-03-27 06:00:00
NXTDEjKFNfLx4LfsoKVRk783bUj,Interest,,NEXO,1.04226558,NEXO,1.04226558,$1.08,-,-,"approved / NEXO Interest Earned",2026-03-27 06:00:00
NXTtQmdxj0s36DWWZ5LfDAH,Interest,,XRP,0.43255638,XRP,0.43255638,$0.30,-,-,"approved / XRP Interest Earned",2026-03-27 06:00:00
NXTh1sVEXHf6Q3dSG6vKlcvhzj03t,Interest,,LINK,0.36586270,LINK,0.36586270,$6.11,-,-,"approved / LINK Interest Earned",2026-03-27 06:00:00
NXTF9t46ZrIxcsNTOfUaqYVD03ZIYuh,Interest,,DOGE,1.18394650,DOGE,1.18394650,$0.44,-,-,"approved / DOGE Interest Earned",2026-03-27 06:00:00
NXT2soQtO1QenUaiZtiu1bktfYWDdF1,Interest,,SOL,0.01199319,SOL,0.01199319,$0.72,-,-,"approved / SOL Interest Earned",2026-03-27 06:00:00
NXT90qxtvrYs4SOFjtvtTOMSmoqa3cP,Interest,,ADA,1.65095580,ADA,1.65095580,$0.73,-,-,"approved / ADA Interest Earned",2026-03-27 06:00:00
NXTRrBmrZYYhpwZmXN8OeZVgyFG2BCilF,Deposit To Exchange,,EUR,863.16000000,EURX,863.16000000,$950.81,0.18305854,EUR,"approved / EUR Top Up",2026-03-27 00:00:00
NXTWvMwuTSkqL5QESRnzCNqFRBamWP,Exchange Deposited On,,EUR,-863.16000000,EURX,863.16000000,$950.81,-,-,"approved / EUR to EURX",2026-03-27 00:00:00
NXTeIB0qPiJZBbnrcZqUGnw0rH4yMeS,Interest,,BTC,0.00005911,BTC,0.00005911,$4.24,-,-,"approved / BTC Interest Earned",2026-03-26 06:00:00
NXTRr9eoJcLNUcyCniq7nfp7G2DRD3A,Interest,,ETH,0.00238404,ETH,0.00238404,$9.82,-,-,"approved / ETH Interest Earned",2026-03-26 06:00:00
NXTT4F7TdAzqJrpXF3vShXFIVCWGuT,Interest,,NEXO,1.69109532,NEXO,1.69109532,$1.95,-,-,"approved / NEXO Interest Earned",2026-03-26 06:00:00
NXTXMcN52JmxbW5QygxBN9910T1H,Interest,,XRP,0.18811043,XRP,0.18811043,$0.25,-,-,"approved / XRP Interest Earned",2026-03-26 06:00:00
NXTneeAHHC7WQcZuutyQUnmRPh4iOik14,Interest,,LINK,0.25223889,LINK,0.25223889,$4.03,-,-,"approved / LINK Interest Earned",2026-03-26 06:00:00
NXToK8JY4sHISnS4fouBRYU,Interest,,DOGE,4.85630745,DOGE,4.85630745,$0.64,-,-,"approved / DOGE Interest Earned",2026-03-26 06:00:00
NXTLfLKQijboBUtDqaIt56RLe88L,Interest,,SOL,0.03726774,SOL,0.03726774,$6.38,-,-,"approved / SOL Interest Earned",2026-03-26 06:00:00
NXTJUMHjAnoabQ6IZ4UUZmReSdEzL,Interest,,ADA,1.12325614,ADA,1.12325614,$0.49,-,-,"approved / ADA Interest Earned",2026-03-26 06:00:00
NXTZ7AxODXvpoN6k35dFWQLBlawYxV,Credit Card Withdrawal Credit,Card,xUSD,-60.49000000,xUSD,60.49000000,$60.49,-,-,"authorized / Nexo Card Loan Withdrawal",2026-03-26 00:00:00
NXTmGa26blfR6dJZN5ykKzPVRhToo,Exchange Credit,Card,xUSD,-60.49000000,EURX,57.36000000,$60.49,-,-,"authorized / Nexo Card Loan Withdrawal",2026-03-26 00:00:00
NXTjP5WrXrKmdB5iS34D6oToEQZc,Nexo Card Purchase,Card,xUSD,-60.49000000,EURX,57.36000000,$60.49,-,-,"approved / IKEA ONLINE | HOFHEIM",2026-03-26 00:00:00
NXT7qxtmfIQpHvWgNLzcfZLIkIA,Cashback,,NEXO,0.25538187,NEXO,0.25538187,$0.30,-,-,"approved / IKEA ONLINE | HOFHEIM",2026-03-26 00:00:00
NXTxVnZXhtTomxJNl2FT5MLDRtR,Interest,,BTC,0.00024450,BTC,0.00024450,$16.47,-,-,"approved / BTC Interest Earned",2026-03-25 06:00:00
NXTsttRKEl0K2jmFHOg6ypsXYLg,Interest,,ETH,0.00427829,ETH,0.00427829,$14.99,-,-,"approved / ETH Interest Earned",2026-03-25 06:00:00
NXTkLCaw9Ph55qb2xqEv85AQXS83CXv,Interest,,NEXO,0.59322186,NEXO,0.59322186,$0.52,-,-,"approved / NEXO Interest Earned",2026-03-25 06:00:00
NXTzYnsLAuuGj7ndYsyvAzTwVfq4,Interest,,XRP,0.14013711,XRP,0.14013711,$0.13,-,-,"approved / XRP Interest Earned",2026-03-25 06:00:00
NXTqtEJxTWFjP0grK57UNOMGnVe,Interest,,LINK,0.35753019,LINK,0.35753019,$3.71,-,-,"approved / LINK Interest Earned",2026-03-25 06:00:00
NXTBqZWB9Z4madfgMphIiUE6fSCdh,Interest,,DOGE,2.25853873,DOGE,2.25853873,$0.72,-,-,"approved / DOGE Interest Earned",2026-03-25 06:00:00
NXTC7bUeeXVKSRHtW04rytiBbw9ZGu0XJ,Interest,,SOL,0.01218590,SOL,0.01218590,$1.92,-,-,"approved / SOL Interest Earned",2026-03-25 06:00:00
NXTbhUvQnfJhbOKlyZh1jMqOJXN3y2,Interest,,ADA,1.57680746,ADA,1.57680746,$0.72,-,-,"approved / ADA Interest Earned",2026-03-25 06:00:00
NXT02WTWL2SfTQPkRbYDpvCMi,Interest,,BTC,0.00017822,BTC,0.00017822,$12.23,-,-,"approved / BTC Interest Earned",2026-03-24 06:00:00
NXTYmsMVNuS7m8fi6TOr9mY,Interest,,ETH,0.00472249,ETH,0.00472249,$11.22,-,-,"approved / ETH Interest Earned",2026-03-24 06:00:00
NXTVT2OJE6mbt5wlHnfw3a5JlZoOX,Interest,,NEXO,1.60185994,NEXO,1.60185994,$1.87,-,-,"approved / NEXO Interest Earned",2026-03-24 06:00:00
NXTB0p2gIQQNqzQlsu5oMIa,Interest,,XRP,0.46958049,XRP,0.46958049,$0.46,-,-,"approved / XRP Interest Earned",2026-03-24 06:00:00
NXTYBGp2PGuskkS8QiIdU2h,Interest,,LINK,0.26083315,LINK,0.26083315,$2.23,-,-,"approved / LINK Interest Earned",2026-03-24 06:00:00
NXTpq3hXcBsiTaVIamrmTgQGkBT,Interest,,DOGE,1.29577666,DOGE,1.29577666,$0.38,-,-,"approved / DOGE Interest Earned",2026-03-24 06:00:00
NXTConq0htGG70OU3k301nb7l5,Interest,,SOL,0.01794729,SOL,0.01794729,$1.52,-,-,"approved / SOL Interest Earned",2026-03-24 06:00:00
NXTaop2nDaGEQEukW03P84csNn8i5coZ,Interest,,ADA,0.59695957,ADA,0.59695957,$0.37,-,-,"approved / ADA Interest Earned",2026-03-24 06:00:00
NXT79VlI4POuCwisDcGRQBi22wnj0tI,Interest,,BTC,0.00007944,BTC,0.00007944,$5.43,-,-,"approved / BTC Interest Earned",2026-03-23 06:00:00
NXT1uAWsnoUT3oaq6pD56pdLu,Interest,,ETH,0.00120194,ETH,0.00120194,$4.53,-,-,"approved / ETH Interest Earned",2026-03-23 06:00:00
NXTtknE0Yh5rqnwcHYKXYcJzbT52zsG,Interest,,NEXO,0.66076741,NEXO,0.66076741,$0.94,-,-,"approved / NEXO Interest Earned",2026-03-23 06:00:00
NXTjv0BGCwAVs8KEvfnXizBLil0,Interest,,XRP,0.21809191,XRP,0.21809191,$0.33,-,-,"approved / XRP Interest Earned",2026-03-23 06:00:00
NXT7wlX8LBQlb4nt2BnkdKGSnjoeENmT,Interest,,LINK,0.09057793,LINK,0.09057793,$1.21,-,-,"approved / LINK Interest Earned",2026-03-23 06:00:00
NXT8On2SA8wi2Aw5Ny7M9vNIENNSU5,Interest,,DOGE,1.40045826,DOGE,1.40045826,$0.25,-,-,"approved / DOGE Interest Earned",2026-03-23 06:00:00
NXTPP2t16GSzChbtte5vVwgEsKH,Interest,,SOL,0.04997380,SOL,0.04997380,$12.16,-,-,"approved / SOL Interest Earned",2026-03-23 06:00:00
NXT22fILdeFZK4ZT2FNwzOqddN8WzVDL,Interest,,ADA,1.16856565,ADA,1.16856565,$0.74,-,-,"approved / ADA Interest Earned",2026-03-23 06:00:00
NXTv5nrJMwz2nkoHSOPc4BANb,Credit Card Withdrawal Credit,Card,xUSD,-167.81000000,xUSD,167.81000000,$167.81,-,-,"authorized / Nexo Card Loan Withdrawal",2026-03-23 00:00:00
NXTFQ4pmU9rZGaBkWIUQ00T9WRnVrl,Exchange Credit,Card,xUSD,-167.81000000,EURX,153.69000000,$167.81,-,-,"authorized / Nexo Card Loan Withdrawal",2026-03-23 00:00:00
NXTh0OHF14cQ3Us1HkQf5le,Nexo Card Purchase,Card,xUSD,-167.81000000,EURX,153.69000000,$167.81,-,-,"approved / ZALANDO SE | BERLIN",2026-03-23 00:00:00
NXT6eb8Cl4IU8GrDQR45Kyvp2E9jRcjn,Cashback,,NEXO,0.66873011,NEXO,0.66873011,$0.84,-,-,"approved / ZALANDO SE | BERLIN",2026-03-23 00:00:00
NXTpj0F5QF6NU6YAtqL4VcbjHfcmkzzf,Interest,,BTC,0.00012110,BTC,0.00012110,$7.64,-,-,"approved / BTC Interest Earned",2026-03-22 06:00:00
NXTZXtMR3y87RWvjTV5kdfi2h7wC98j,Interest,,ETH,0.00302327,ETH,0.00302327,$9.13,-,-,"approved / ETH Interest Earned",2026-03-22 06:00:00
NXT1U4xrLWnbYdU2cBU4tbn94qhUaH,Interest,,NEXO,1.01418362,NEXO,1.01418362,$1.49,-,-,"approved / NEXO Interest Earned",2026-03-22 06:00:00
NXT7n10oLxgEebUNCggrTzxQI,Interest,,XRP,0.43536589,XRP,0.43536589,$0.36,-,-,"approved / XRP Interest Earned",2026-03-22 06:00:00
NXTP27iGbYrM09nw5O8eeLXYqPSvt2,Interest,,LINK,0.46346819,LINK,0.46346819,$4.45,-,-,"approved / LINK Interest Earned",2026-03-22 06:00:00
NXTfJwJEu718wPJqj5acVFP,Interest,,DOGE,2.01596528,DOGE,2.01596528,$0.41,-,-,"approved / DOGE Interest Earned",2026-03-22 06:00:00
NXTZNbrii4XarHLvf3GItkQuAR,Interest,,SOL,0.00108058,SOL,0.00108058,$0.14,-,-,"approved / SOL Interest Earned",2026-03-22 06:00:00
NXTM7NYrffv1ELin1NUZCaxQO,Interest,,ADA,0.82915789,ADA,0.82915789,$0.32,-,-,"approved / ADA Interest Earned",2026-03-22 06:00:00
NXT0Rd2cC1IR8Mk13DTRc4upShjV7kqr,Interest,,BTC,0.00037936,BTC,0.00037936,$27.37,-,-,"approved / BTC Interest Earned",2026-03-21 06:00:00
NXTMpaJHuWDBoxPGI7temaAzD5aR,Interest,,ETH,0.00400549,ETH,0.00400549,$14.99,-,-,"approved / ETH Interest Earned",2026-03-21 06:00:00
NXTmSk7gyHneNVsbSK4LxbZUrs8qlh,Interest,,NEXO,1.68849190,NEXO,1.68849190,$2.48,-,-,"approved / NEXO Interest Earned",2026-03-21 06:00:00
NXTciZowdPV29NlM5Tvp7DOXquREL,Interest,,XRP,0.15076440,XRP,0.15076440,$0.16,-,-,"approved / XRP Interest Earned",2026-03-21 06:00:00
NXT2cPqy5e2BKyVAdHLE9Ft3,Interest,,LINK,0.08617319,LINK,0.08617319,$0.78,-,-,"approved / LINK Interest Earned",2026-03-21 06:00:00
NXT50AzNMugIUFBNRmlDCFutrDQbcVX,Interest,,DOGE,3.15700606,DOGE,3.15700606,$1.01,-,-,"approved / DOGE Interest Earned",2026-03-21 06:00:00
NXTPtX1r6okCwf7TtwDdfNY9kyUIfdw,Interest,,SOL,0.03714379,SOL,0.03714379,$5.66,-,-,"approved / SOL Interest Earned",2026-03-21 06:00:00
NXTbIpogSV55c8ytW1ouRHFmX,Interest,,ADA,0.95612866,ADA,0.95612866,$0.97,-,-,"approved / ADA Interest Earned",2026-03-21 06:00:00
NXTKl1Kvk3UQrxkJ71OQqzbWVa4OLa,Top up Crypto,,ETH,0.61912117,ETH,0.61912117,$1857.36,-,-,"approved / 9148566790429b0e53bee0d447b1d2f7d46a33dbcdd82482de03dd37eb4d8a10",2026-03-21 00:00:00
NXT55lQZjQ0kWT5Po1Rnex7ojCUXBC,Interest,,BTC,0.00001809,BTC,0.00001809,$1.19,-,-,"approved / BTC Interest Earned",2026-03-20 06:00:00
NXTRzvRsyTNB3UMXoQHBMFfRUyjhfEU,Interest,,ETH,0.00259771,ETH,0.00259771,$8.75,-,-,"approved / ETH Interest Earned",2026-03-20 06:00:00
NXTUL494fab0Do29G8TmNeHQc4,Interest,,NEXO,0.84021925,NEXO,0.84021925,$0.68,-,-,"approved / NEXO Interest Earned",2026-03-20 06:00:00
NXTfmMjD2O2qRTrrDjGELkrBPQ5etzy,Interest,,XRP,0.13368645,XRP,0.13368645,$0.07,-,-,"approved / XRP Interest Earned",2026-03-20 06:00:00
NXTUhaVhDLGkCfItS10mbE1EbeFe663n,Interest,,LINK,0.22436857,LINK,0.22436857,$3.77,-,-,"approved / LINK Interest Earned",2026-03-20 06:00:00
NXTgAek4kRUTLlzXV1sElH2Fb31vRdq,Interest,,DOGE,4.09109793,DOGE,4.09109793,$1.78,-,-,"approved / DOGE Interest Earned",2026-03-20 06:00:00
NXTHFOjDMOAXCmlgkUdL2DeE,Interest,,SOL,0.01012382,SOL,0.01012382,$1.57,-,-,"approved / SOL Interest Earned",2026-03-20 06:00:00
NXTGsOSTEM9gsuMaSqMApFfJc6H,Interest,,ADA,1.78441842,ADA,1.78441842,$1.60,-,-,"approved / ADA Interest Earned",2026-03-20 06:00:00
NXTOM1mnp1wdn800id49dOZWp,Interest,,BTC,0.00013905,BTC,0.00013905,$9.58,-,-,"approved / BTC Interest Earned",2026-03-19 06:00:00
NXT7UxV7wG47T4t0ounnVKcpS9,Interest,,ETH,0.00337577,ETH,0.00337577,$9.76,-,-,"approved / ETH Interest Earned",2026-03-19 06:00:00
NXTdBTQCV7k62hU3CNjH2XvjOUuhBp8je,Interest,,NEXO,1.22502481,NEXO,1.22502481,$1.80,-,-,"approved / NEXO Interest Earned",2026-03-19 06:00:00
NXTdBNuyCspg3CssQWWIcR6,Interest,,XRP,0.43298967,XRP,0.43298967,$0.80,-,-,"approved / XRP Interest Earned",2026-03-19 06:00:00
NXTG0SdbkrU0nPa5InhHXhttQ9mMd0,Interest,,LINK,0.36544650,LINK,0.36544650,$5.58,-,-,"approved / LINK Interest Earned",2026-03-19 06:00:00
NXTlwmZpTg5JXbWIF14HVHR,Interest,,DOGE,2.79298639,DOGE,2.79298639,$1.10,-,-,"approved / DOGE Interest Earned",2026-03-19 06:00:00
NXToRNiZGMiG2RJHnJNAb6ZI44VH0J,Interest,,SOL,0.02869243,SOL,0.02869243,$7.38,-,-,"approved / SOL Interest Earned",2026-03-19 06:00:00
NXTycOR6U0YqqdHfgqkWkuCagFcEus0,Interest,,ADA,1.83529032,ADA,1.83529032,$1.77,-,-,"approved / ADA Interest Earned",2026-03-19 06:00:00
NXT55GRWJVqdfiYOYCRftDB91qiWdTktQ,Interest,,BTC,0.00042750,BTC,0.00042750,$26.06,-,-,"approved / BTC Interest Earned",2026-03-18 06:00:00
NXTUFbEKCNwqlRkrPQdkMgtXszLi1D,Interest,,ETH,0.00119351,ETH,0.00119351,$4.60,-,-,"approved / ETH Interest Earned",2026-03-18 06:00:00
NXTiUoh5O8FzQm8UroBw3IJOQ,Interest,,NEXO,1.42811406,NEXO,1.42811406,$1.71,-,-,"approved / NEXO Interest Earned",2026-03-18 06:00:00
NXTy1F7Ir5jGAix8Sr3g22YCdruv,Interest,,XRP,0.47948418,XRP,0.47948418,$0.92,-,-,"approved / XRP Interest Earned",2026-03-18 06:00:00
NXTyNZA3V1pGaQaNKHADXiqtt,Interest,,LINK,0.45305711,LINK,0.45305711,$8.17,-,-,"approved / LINK Interest Earned",2026-03-18 06:00:00
NXT7hFgMm6YYV4SjkisieVydn,Interest,,DOGE,0.52144901,DOGE,0.52144901,$0.06,-,-,"approved / DOGE Interest Earned",2026-03-18 06:00:00
NXTpHOq6kPn7hFTA1yLJfFfF,Interest,,SOL,0.02672702,SOL,0.02672702,$4.67,-,-,"approved / SOL Interest Earned",2026-03-18 06:00:00
NXToo6QSQlWvwsBjbdqFLQME,Interest,,ADA,0.47393340,ADA,0.47393340,$0.54,-,-,"approved / ADA Interest Earned",2026-03-18 06:00:00
NXTkRBd5PL9DnQsOlPLKTinulhup9Aq,Interest,,BTC,0.00010865,BTC,0.00010865,$8.60,-,-,"approved / BTC Interest Earned",2026-03-17 06:00:00
NXTAN4sbNqkhMqX7UEb1x8k,Interest,,ETH,0.00243291,ETH,0.00243291,$5.68,-,-,"approved / ETH Interest Earned",2026-03-17 06:00:00
NXT4WIuZtjZKXa7YTdj9FWJ7JXZNISzyJ,Interest,,NEXO,0.85363358,NEXO,0.85363358,$1.26,-,-,"approved / NEXO Interest Earned",2026-03-17 06:00:00
NXTQ63SGrtmtOUA61VAW8ObNEqib2OY0d,Interest,,XRP,0.05654217,XRP,0.05654217,$0.03,-,-,"approved / XRP Interest Earned",2026-03-17 06:00:00
NXT2BMo4DI0cqwgvLT1kZIB,Interest,,LINK,0.34242460,LINK,0.34242460,$3.97,-,-,"approved / LINK Interest Earned",2026-03-17 06:00:00
NXTVEgaFUWCYV0eRyKjK5mNK,Interest,,DOGE,1.77162328,DOGE,1.77162328,$0.14,-,-,"approved / DOGE Interest Earned",2026-03-17 06:00:00
NXTraR0QoWQ5tWKs4OYl7Fi29E0rApB,Interest,,SOL,0.03179910,SOL,0.03179910,$3.67,-,-,"approved / SOL Interest Earned",2026-03-17 06:00:00
NXTIZmBxoe8h7XwY9ieEAEEkzpTmua,Interest,,ADA,1.84350730,ADA,1.84350730,$1.75,-,-,"approved / ADA Interest Earned",2026-03-17 06:00:00
NXTeeLh7VycuOcKZ3HyvbHLnQl,Interest,,BTC,0.00005578,BTC,0.00005578,$5.14,-,-,"approved / BTC Interest Earned",2026-03-16 06:00:00
NXToJlLkWlqH1bVzYSwDytJ77IgAVkO,Interest,,ETH,0.00256719,ETH,0.00256719,$8.97,-,-,"approved / ETH Interest Earned",2026-03-16 06:00:00
NXTCKQ2eecFQCQhjkNqqJrCXXHG,Interest,,NEXO,0.66134769,NEXO,0.66134769,$0.85,-,-,"approved / NEXO Interest Earned",2026-03-16 06:00:00
NXTXTsuRkNCMKpxddmJq4iyry6iTvqT6,Interest,,XRP,0.40332340,XRP,0.40332340,$0.50,-,-,"approved / XRP Interest Earned",2026-03-16 06:00:00
NXTWZB0azDNPdMPIoLSpIjSv6nhLVWKl,Interest,,LINK,0.46423961,LINK,0.46423961,$10.69,-,-,"approved / LINK Interest Earned",2026-03-16 06:00:00
NXTIf0n4tBMsNtacFvQqi8uVNjD6U5P2k,Interest,,DOGE,4.69681919,DOGE,4.69681919,$1.23,-,-,"approved / DOGE Interest Earned",2026-03-16 06:00:00
NXT7s2zZvR1KCmcsxnHtrXfO,Interest,,SOL,0.01227214,SOL,0.01227214,$1.73,-,-,"approved / SOL Interest Earned",2026-03-16 06:00:00
NXTXOFImhdwLdJMo9ROlSk7teEzWBY4Q1,Interest,,ADA,0.36560716,ADA,0.36560716,$0.41,-,-,"approved / ADA Interest Earned",2026-03-16 06:00:00
NXTc3yywjpsa0g8tKEz3We9rUXBoncXAF,Interest,,BTC,0.00048832,BTC,0.00048832,$42.87,-,-,"approved / BTC Interest Earned",2026-03-15 06:00:00
NXTCVzk1LolAf97kzue3h8guX,Interest,,ETH,0.00443478,ETH,0.00443478,$14.04,-,-,"approved / ETH Interest Earned",2026-03-15 06:00:00
NXTf98InO0N4du4nr9SDtWf,Interest,,NEXO,1.88173568,NEXO,1.88173568,$2.59,-,-,"approved / NEXO Interest Earned",2026-03-15 06:00:00
NXTnhezRn0l0T2vQWq50orjvY1Kp,Interest,,XRP,0.46584236,XRP,0.46584236,$1.15,-,-,"approved / XRP Interest Earned",2026-03-15 06:00:00
NXTxmLSmifVIWcaF1fR3ZuqY,Interest,,LINK,0.47805772,LINK,0.47805772,$7.11,-,-,"approved / LINK Interest Earned",2026-03-15 06:00:00
NXTggH7Qs1eJe3qRvwDByKSjmBgE,Interest,,DOGE,3.52934353,DOGE,3.52934353,$1.45,-,-,"approved / DOGE Interest Earned",2026-03-15 06:00:00
NXT8QDqN8vv1M6ma5l8i8ByxonT,Interest,,SOL,0.03774013,SOL,0.03774013,$1.15,-,-,"approved / SOL Interest Earned",2026-03-15 06:00:00
NXT4YMCU4et7MB0Z85JSADNhNSWT,Interest,,ADA,1.49832734,ADA,1.49832734,$1.59,-,-,"approved / ADA Interest Earned",2026-03-15 06:00:00
NXT1dXmhAadXY3xFeI7weagrL,Deposit To Exchange,,EUR,423.50000000,EURX,423.50000000,$446.68,0.05766554,EUR,"approved / EUR Top Up",2026-03-15 00:00:00
NXT1lKFDbZqdBBSdsivjTMK4uT,Exchange Deposited On,,EUR,-423.50000000,EURX,423.50000000,$446.68,-,-,"approved / EUR to EURX",2026-03-15 00:00:00
NXTSxPuDoOAIrfW3bVafH3Zaz,Interest,,BTC,0.00035764,BTC,0.00035764,$22.89,-,-,"approved / BTC Interest Earned",2026-03-14 06:00:00
NXToxV7JTeFMFNEOuu9Lv2yIX33,Interest,,ETH,0.00299854,ETH,0.00299854,$6.70,-,-,"approved / ETH Interest Earned",2026-03-14 06:00:00
NXTHKb9Mdc2caKyHLRl83fD7kXr,Interest,,NEXO,0.61246490,NEXO,0.61246490,$0.75,-,-,"approved / NEXO Interest Earned",2026-03-14 06:00:00
NXTRBaIJb6rFdBdgMwbXuk0HuS,Interest,,XRP,0.39301341,XRP,0.39301341,$0.85,-,-,"approved / XRP Interest Earned",2026-03-14 06:00:00
NXTSmlG1TxSpJp47gj9GFhD5NIx9,Interest,,LINK,0.18018650,LINK,0.18018650,$2.01,-,-,"approved / LINK Interest Earned",2026-03-14 06:00:00
NXTfCMnEWhTh7kuGhOSMhTC,Interest,,DOGE,3.32229917,DOGE,3.32229917,$0.51,-,-,"approved / DOGE Interest Earned",2026-03-14 06:00:00
NXTHBFqhyAR8d16XvBzElp2H,Interest,,SOL,0.00582654,SOL,0.00582654,$0.62,-,-,"approved / SOL Interest Earned",2026-03-14 06:00:00
NXT8vKdJ3b09OqQKbsNtJkUxZAp4MY6TX,Interest,,ADA,1.61510862,ADA,1.61510862,$1.08,-,-,"approved / ADA Interest Earned",2026-03-14 06:00:00
NXTAnqaCsTxtUnJNqZPUrxJKtaIRBt,Interest,,BTC,0.00023814,BTC,0.00023814,$20.09,-,-,"approved / BTC Interest Earned",2026-03-13 06:00:00
NXTWUPbAlXaR6lsOB9q1HDrp7Av52QQ,Interest,,ETH,0.00414097,ETH,0.00414097,$12.36,-,-,"approved / ETH Interest Earned",2026-03-13 06:00:00
NXTid81FbDFaF3kcZwMaRKVmvqJnTEW,Interest,,NEXO,0.11103156,NEXO,0.11103156,$0.15,-,-,"approved / NEXO Interest Earned",2026-03-13 06:00:00
NXTatbX4kL5iwC8JFGuLYP5kWo0sI1DN,Interest,,XRP,0.10881648,XRP,0.10881648,$0.24,-,-,"approved / XRP Interest Earned",2026-03-13 06:00:00
NXTggv3HjxF3IKYkPHhwWi1zxc7KS7r,Interest,,LINK,0.05564710,LINK,0.05564710,$0.84,-,-,"approved / LINK Interest Earned",2026-03-13 06:00:00
NXTg93os5SphvPPbgtJFGmVR95QHOM,Interest,,DOGE,1.76296552,DOGE,1.76296552,$0.18,-,-,"approved / DOGE Interest Earned",2026-03-13 06:00:00
NXT1YTJVvM3VuEWsPOdCfYTR5olynvjMD,Interest,,SOL,0.00464599,SOL,0.00464599,$0.44,-,-,"approved / SOL Interest Earned",2026-03-13 06:00:00
NXTUft75OAp58OPHdgvj3h0RVMup,Interest,,ADA,0.48379087,ADA,0.48379087,$0.13,-,-,"approved / ADA Interest Earned",2026-03-13 06:00:00
NXTIPbkp9Kytltg5fof83pfz6wuYlpm9,Interest,,BTC,0.00004847,BTC,0.00004847,$3.78,-,-,"approved / BTC Interest Earned",2026-03-12 06:00:00
NXTUfOzbmmFSFud6qu3tOdJzoqb,Interest,,ETH,0.00213880,ETH,0.00213880,$4.23,-,-,"approved / ETH Interest Earned",2026-03-12 06:00:00
NXT0MQEMYmdXj6r6rKQtvbbq7TeGc,Interest,,NEXO,0.84638372,NEXO,0.84638372,$0.93,-,-,"approved / NEXO Interest Earned",2026-03-12 06:00:00
NXTjSNzg4iCdsOgkV9W8oGUSTIJjbdL9,Interest,,XRP,0.44925212,XRP,0.44925212,$1.06,-,-,"approved / XRP Interest Earned",2026-03-12 06:00:00
NXTTjp6yt9iIwUh81LR8UiV4n2A1Vgn5O,Interest,,LINK,0.43647076,LINK,0.43647076,$4.60,-,-,"approved / LINK Interest Earned",2026-03-12 06:00:00
NXTEfBhSBEYfi61o6RJpmm4pASHCi,Interest,,DOGE,1.26482772,DOGE,1.26482772,$0.26,-,-,"approved / DOGE Interest Earned",2026-03-12 06:00:00
NXTbq54bpqBEUAkPHeOrxj4yxLaG0r173,Interest,,SOL,0.01624374,SOL,0.01624374,$1.71,-,-,"approved / SOL Interest Earned",2026-03-12 06:00:00
NXTiSniijAC1SyUjps95W6HDLr,Interest,,ADA,1.31412319,ADA,1.31412319,$0.88,-,-,"approved / ADA Interest Earned",2026-03-12 06:00:00
NXTkKXR4bR6IIl92EtEfonGa4,Top up Crypto,,ETH,0.04714012,ETH,0.04714012,$141.42,-,-,"approved / 1e72ed50729d60a2324e0934680423e8accfc587e86253ec0f8cff1a4de0f3dc",2026-03-12 00:00:00
NXTdaLaKBPxLjXLKBGhT9ga9p,Exchange,,ETH,-0.12780885,NEXO,348.56960140,$383.43,0.00043208,ETH,"approved / Exchange ETH to NEXO",2026-03-12 00:00:00
NXTGbdU2foZQkhZKpafYpWNkwN12JCEjr,Interest,,BTC,0.00031054,BTC,0.00031054,$24.09,-,-,"approved / BTC Interest Earned",2026-03-11 06:00:00
NXTteTT5AJg4NUm46MBEc97gFUQ,Interest,,ETH,0.00340295,ETH,0.00340295,$11.93,-,-,"approved / ETH Interest Earned",2026-03-11 06:00:00
NXTU1WnGiUvhDNWx2iyQJx002T81PPFN,Interest,,NEXO,1.24618870,NEXO,1.24618870,$1.61,-,-,"approved / NEXO Interest Earned",2026-03-11 06:00:00
NXT5X5TxLB7L4EDQXMa3tTziOpDZno,Interest,,XRP,0.36321385,XRP,0.36321385,$0.43,-,-,"approved / XRP Interest Earned",2026-03-11 06:00:00
NXT5SAIzudpY4w0aUwfC2nen,Interest,,LINK,0.26043178,LINK,0.26043178,$2.96,-,-,"approved / LINK Interest Earned",2026-03-11 06:00:00
NXTQKXF388W6KYuUYyUdGnYbLKeRLT,Interest,,DOGE,3.37184891,DOGE,3.37184891,$0.88,-,-,"approved / DOGE Interest Earned",2026-03-11 06:00:00
NXTOvrVseZt0aH3HyhRUjLNZxpAZ818pz,Interest,,SOL,0.02145416,SOL,0.02145416,$1.40,-,-,"approved / SOL Interest Earned",2026-03-11 06:00:00
NXT7laLkPd3p0x0AdPMFhgquLXj3D,Interest,,ADA,0.36842467,ADA,0.36842467,$0.34,-,-,"approved / ADA Interest Earned",2026-03-11 06:00:00
NXTyJ2aI35B240yfNCUdDqKe00ZmbhJ1,Fixed Term Interest,,LINK,10.41126292,LINK,10.41126292,$120.09,-,-,"approved / Term Deposit Interest",2026-03-11 05:00:00
NXTqU53c8rFVl0rIT79tM6caZwU5,Exchange Cashback,,EURX,3.57970377,EURX,3.57970377,$3.34,-,-,"approved / 0.5 % on top of your Exchange transaction",2026-03-11 00:00:00
NXTuLt3a5svjfMtHDLkmWlqiInz3,Exchange,,EURX,-123.45995971,USDC,133.33675649,$133.34,0.20168495,EURX,"approved / Exchange EURX to USDC",2026-03-11 00:00:00
NXTnAVkT1mouhrDzC99BcOc3L0,Interest,,BTC,0.00047135,BTC,0.00047135,$39.58,-,-,"approved / BTC Interest Earned",2026-03-10 06:00:00
NXTNqLon77FJrh8Ny4n78vvGO,Interest,,ETH,0.00105162,ETH,0.00105162,$4.16,-,-,"approved / ETH Interest Earned",2026-03-10 06:00:00
NXTCgQg5nSildUrpHNbPNfFS4sg6,Interest,,NEXO,1.05641285,NEXO,1.05641285,$1.12,-,-,"approved / NEXO Interest Earned",2026-03-10 06:00:00
NXTT9Ce177p0EccwyvWZElJecjyOD,Interest,,XRP,0.12963476,XRP,0.12963476,$0.11,-,-,"approved / XRP Interest Earned",2026-03-10 06:00:00
NXTLMaRsFMyLwy0fTIIifbDFswYbEnmx,Interest,,LINK,0.19109769,LINK,0.19109769,$4.23,-,-,"approved / LINK Interest Earned",2026-03-10 06:00:00
NXTFK9fQhDOHn3OX76PkbYV3J,Interest,,DOGE,1.00797867,DOGE,1.00797867,$0.16,-,-,"approved / DOGE Interest Earned",2026-03-10 06:00:00
NXTVdmZHPRWwM7prg1cG0rIH53Z3B96,Interest,,SOL,0.00850540,SOL,0.00850540,$1.75,-,-,"approved / SOL Interest Earned",2026-03-10 06:00:00
NXTFncKQYi7eIxD3EPhocd42BEtUqD,Interest,,ADA,1.70676034,ADA,1.70676034,$1.74,-,-,"approved / ADA Interest Earned",2026-03-10 06:00:00
NXThWubz3CZRTSYl0pSvT6uL,Interest,,BTC,0.00024382,BTC,0.00024382,$15.65,-,-,"approved / BTC Interest Earned",2026-03-09 06:00:00
NXTxU9XZnPijXtSAo67Gxnga,Interest,,ETH,0.00247149,ETH,0.00247149,$5.06,-,-,"approved / ETH Interest Earned",2026-03-09 06:00:00
NXTIvSillXvZEejsgaoWY5G0bp85,Interest,,NEXO,1.18782473,NEXO,1.18782473,$1.11,-,-,"approved / NEXO Interest Earned",2026-03-09 06:00:00
NXTJExMtSaTNIzNqU9ozlubeeh5,Interest,,XRP,0.45088265,XRP,0.45088265,$0.86,-,-,"approved / XRP Interest Earned",2026-03-09 06:00:00
NXT7c2l9wikHoSxVGGsx0h0,Interest,,LINK,0.27894893,LINK,0.27894893,$1.70,-,-,"approved / LINK Interest Earned",2026-03-09 06:00:00
NXTlYZ3MghEJXzdyGTwSWl6mAo9dQ3v,Interest,,DOGE,4.39019760,DOGE,4.39019760,$0.75,-,-,"approved / DOGE Interest Earned",2026-03-09 06:00:00
NXThCZdQPj44O6LpVUAsHxyNOS,Interest,,SOL,0.02030211,SOL,0.02030211,$5.12,-,-,"approved / SOL Interest Earned",2026-03-09 06:00:00
NXTrSsb5ZZgV7qBqTbDFl7j0,Interest,,ADA,0.88229659,ADA,0.88229659,$0.94,-,-,"approved / ADA Interest Earned",2026-03-09 06:00:00
NXTpJqLdhHTqr2AJtN7y9K4dMswg,Exchange Cashback,,USDC,2.26204249,USDC,2.26204249,$2.26,-,-,"approved / 1 % on top of your Exchange transaction",2026-03-09 00:00:00
NXT1ShMNEcUTOAW5pZYWgaVvozc9YuQky,Interest,,BTC,0.00004120,BTC,0.00004120,$3.76,-,-,"approved / BTC Interest Earned",2026-03-08 06:00:00
NXT7xjOTwECX55hHi6lXChnfdiULd,Interest,,ETH,0.00085031,ETH,0.00085031,$1.80,-,-,"approved / ETH Interest Earned",2026-03-08 06:00:00
NXTBQYuBErOjl2ehP9IZoyY9MpK,Interest,,NEXO,1.46765088,NEXO,1.46765088,$2.18,-,-,"approved / NEXO Interest Earned",2026-03-08 06:00:00
NXTLYEi8CtquigOCMqs0GvHMbdyYJ,Interest,,XRP,0.33851062,XRP,0.33851062,$0.51,-,-,"approved / XRP Interest Earned",2026-03-08 06:00:00
NXTYj0sSu35KE9qs48fTQXQ,Interest,,LINK,0.26031695,LINK,0.26031695,$2.54,-,-,"approved / LINK Interest Earned",2026-03-08 06:00:00
NXTspJcFQic7eO9OFexru0SPkoaV1C,Interest,,DOGE,0.69295542,DOGE,0.69295542,$0.30,-,-,"approved / DOGE Interest Earned",2026-03-08 06:00:00
NXTUmjSboVCUoA72tqNedXm,Interest,,SOL,0.02432916,SOL,0.02432916,$0.94,-,-,"approved / SOL Interest Earned",2026-03-08 06:00:00
NXTYYpS7DdwvkM2rv7AjqfiPew86FGTkm,Interest,,ADA,0.51471206,ADA,0.51471206,$0.24,-,-,"approved / ADA Interest Earned",2026-03-08 06:00:00
NXTrMOHtI3kP56tskDBTX05lzk,Interest,,BTC,0.00043908,BTC,0.00043908,$26.68,-,-,"approved / BTC Interest Earned",2026-03-07 06:00:00
NXTOasWtOr37ldU91KsLIgCSlWD5Je1,Interest,,ETH,0.00462058,ETH,0.00462058,$10.90,-,-,"approved / ETH Interest Earned",2026-03-07 06:00:00
NXTO0FX5rBebJhUn0z8tQid9McGvV18vb,Interest,,NEXO,1.18515693,NEXO,1.18515693,$1.48,-,-,"approved / NEXO Interest Earned",2026-03-07 06:00:00
NXTqv0Zxo6xBjxj21bhtJYIIbmb,Interest,,XRP,0.41186638,XRP,0.41186638,$0.83,-,-,"approved / XRP Interest Earned",2026-03-07 06:00:00
NXTRb6CaZjTGLZiO3DwELqx1uZr7s,Interest,,LINK,0.38492787,LINK,0.38492787,$7.01,-,-,"approved / LINK Interest Earned",2026-03-07 06:00:00
NXTL8T3BDNrXGPBxYwWKrBpxQ0MIwyi,Interest,,DOGE,1.77313304,DOGE,1.77313304,$0.40,-,-,"approved / DOGE Interest Earned",2026-03-07 06:00:00
NXTufCGo9er3PBBzmBS79lGBW9,Interest,,SOL,0.03368426,SOL,0.03368426,$4.64,-,-,"approved / SOL Interest Earned",2026-03-07 06:00:00
NXT682PFGxPWTkaQbYuHskZzqzfS1Vvf,Interest,,ADA,1.65885788,ADA,1.65885788,$1.20,-,-,"approved / ADA Interest Earned",2026-03-07 06:00:00
NXTB0tUkXWzm7jRKz68K57DR1eMd,Interest,,BTC,0.00044942,BTC,0.00044942,$27.84,-,-,"approved / BTC Interest Earned",2026-03-06 06:00:00
NXT9GxYiRXWJ0FpSUdXDW5Rf3jzyv,Interest,,ETH,0.00075152,ETH,0.00075152,$2.80,-,-,"approved / ETH Interest Earned",2026-03-06 06:00:00
NXTQtyCuV68Yi6bGOQMVlwAN,Interest,,NEXO,1.72817756,NEXO,1.72817756,$2.22,-,-,"approved / NEXO Interest Earned",2026-03-06 06:00:00
NXTlSvvAvS49ovZXFqcFeAVQG7UYm,Interest,,XRP,0.41374236,XRP,0.41374236,$0.86,-,-,"approved / XRP Interest Earned",2026-03-06 06:00:00
NXT20HnZhQeo3HZaaap52vtT3JZgs2AT,Interest,,LINK,0.47918217,LINK,0.47918217,$4.34,-,-,"approved / LINK Interest Earned",2026-03-06 06:00:00
NXTEPYLLLi4TIqlLeKJgVVAqUliK6eR,Interest,,DOGE,1.16625126,DOGE,1.16625126,$0.23,-,-,"approved / DOGE Interest Earned",2026-03-06 06:00:00
NXT2CRtLSQR5WQMwqHM5HfNfiukBYc,Interest,,SOL,0.02005377,SOL,0.02005377,$2.54,-,-,"approved / SOL Interest Earned",2026-03-06 06:00:00
NXTuutksZeUXUSHO4B7S1g3gJGd5Zf,Interest,,ADA,0.17252763,ADA,0.17252763,$0.13,-,-,"approved / ADA Interest Earned",2026-03-06 06:00:00
NXTNYMhFBd0Fdaaq5nhrfRh9RNKpmM9,Interest,,BTC,0.00016162,BTC,0.00016162,$13.52,-,-,"approved / BTC Interest Earned",2026-03-05 06:00:00
NXTJv1r0kg0kIOaRr6q5XzPK87Y,Interest,,ETH,0.00499407,ETH,0.00499407,$18.02,-,-,"approved / ETH Interest Earned",2026-03-05 06:00:00
NXTV8h3OoogE8TDPepzjzTLhuw2HGfA,Interest,,NEXO,0.61871460,NEXO,0.61871460,$0.52,-,-,"approved / NEXO Interest Earned",2026-03-05 06:00:00
NXTzWrAYrDZk4d3W3ZO6G111,Interest,,XRP,0.19166943,XRP,0.19166943,$0.28,-,-,"approved / XRP Interest Earned",2026-03-05 06:00:00
NXTwfh6fxiVw3NKykKgqchipAYyYyif,Interest,,LINK,0.35831464,LINK,0.35831464,$7.86,-,-,"approved / LINK Interest Earned",2026-03-05 06:00:00
NXT3IrDVX7H0m7oE3UvfOVSD99IlG6n,Interest,,DOGE,3.02441176,DOGE,3.02441176,$0.39,-,-,"approved / DOGE Interest Earned",2026-03-05 06:00:00
NXTkN1ZsoqsxCMsXInJZabfBGToraqM,Interest,,SOL,0.03551092,SOL,0.03551092,$6.65,-,-,"approved / SOL Interest Earned",2026-03-05 06:00:00
NXTcbW1eaRgQyT0tQPiNbLEGV42FHJLor,Interest,,ADA,0.26964975,ADA,0.26964975,$0.09,-,-,"approved / ADA Interest Earned",2026-03-05 06:00:00
NXTBpPMYOxBEa5sk1DvN8LansUSK3r,Exchange Cashback,,NEXO,1.00672489,NEXO,1.00672489,$0.86,-,-,"approved / 1 % on top of your Exchange transaction",2026-03-05 00:00:00
NXTyz4mf5ulUiiuntOSZKVJSKz,Interest,,BTC,0.00019579,BTC,0.00019579,$15.15,-,-,"approved / BTC Interest Earned",2026-03-04 06:00:00
NXToNvhLaQs7ri56TerjqCm2CugmEbl,Interest,,ETH,0.00488085,ETH,0.00488085,$14.13,-,-,"approved / ETH Interest Earned",2026-03-04 06:00:00
NXT1Ph6Mm55k5Tl26qtryzOV,Interest,,NEXO,0.61175121,NEXO,0.61175121,$0.54,-,-,"approved / NEXO Interest Earned",2026-03-04 06:00:00
NXTsD1lKzm3fonEWT6IifCk6PELxsLM1v,Interest,,XRP,0.32504098,XRP,0.32504098,$0.43,-,-,"approved / XRP Interest Earned",2026-03-04 06:00:00
NXT68TXHKuQyYFljFJSeWUJxe6MMl,Interest,,LINK,0.18868783,LINK,0.18868783,$2.78,-,-,"approved / LINK Interest Earned",2026-03-04 06:00:00
NXTGcHu2AadRVrUDZTVelinZO42M7N,Interest,,DOGE,3.79273103,DOGE,3.79273103,$1.64,-,-,"approved / DOGE Interest Earned",2026-03-04 06:00:00
NXTRiM8cjmWpTjnHPeR7M9KV,Interest,,SOL,0.04178751,SOL,0.04178751,$7.88,-,-,"approved / SOL Interest Earned",2026-03-04 06:00:00
NXTZCjID86YpaIsiVYUZusQXxCm3jbG,Interest,,ADA,0.99223088,ADA,0.99223088,$1.00,-,-,"approved / ADA Interest Earned",2026-03-04 06:00:00
NXTecMw3l1NHqoWBjEhBmn2w,Exchange,,SOL,-2.60736832,USDC,365.03156460,$365.03,0.01741246,SOL,"approved / Exchange SOL to USDC",2026-03-04 00:00:00
NXTozDgkTG18c91eX27YFigJxU,Withdrawal,,SOL,-2.99314576,SOL,2.99314576,$419.04,-,-,"approved / SOL withdrawal",2026-03-04 00:00:00
NXTE4Gyn5Cum2cFYLzAA3HYZ,Interest,,BTC,0.00015165,BTC,0.00015165,$11.02,-,-,"approved / BTC Interest Earned",2026-03-03 06:00:00
NXTkeSRv0fRpCW5TQrmbvEP5Q9VCJ,Interest,,ETH,0.00170862,ETH,0.00170862,$3.36,-,-,"approved / ETH Interest Earned",2026-03-03 06:00:00
NXT9VHLL91spjgJVkgv15AANVU3gcqO,Interest,,NEXO,0.17883386,NEXO,0.17883386,$0.26,-,-,"approved / NEXO Interest Earned",2026-03-03 06:00:00
NXTKtXsgaWIaepqNS8Q4Wp3kzCtqnJ1r,Interest,,XRP,0.44276066,XRP,0.44276066,$0.85,-,-,"approved / XRP Interest Earned",2026-03-03 06:00:00
NXTarpHfrNiP5RYXyOUlX6A1bgOgj,Interest,,LINK,0.14534686,LINK,0.14534686,$3.44,-,-,"approved / LINK Interest Earned",2026-03-03 06:00:00
NXThqjVcXaaVDRLPw4ZQMevnhdPvm,Interest,,DOGE,4.02505011,DOGE,4.02505011,$1.45,-,-,"approved / DOGE Interest Earned",2026-03-03 06:00:00
NXTytOCDvCVmfiQuobm1ux4zBp3l4eg,Interest,,SOL,0.02544402,SOL,0.02544402,$3.40,-,-,"approved / SOL Interest Earned",2026-03-03 06:00:00
NXTL9UQjzAfsnKZbm76QheYNmY,Interest,,ADA,0.27373369,ADA,0.27373369,$0.18,-,-,"approved / ADA Interest Earned",2026-03-03 06:00:00
NXT52kczHOOkGm0LMHL5s2IkuNrE,Interest,,BTC,0.00032405,BTC,0.00032405,$28.08,-,-,"approved / BTC Interest Earned",2026-03-02 06:00:00
NXTCytk0YPMuBHAzvCnTehenVRFwnW,Interest,,ETH,0.00129174,ETH,0.00129174,$3.16,-,-,"approved / ETH Interest Earned",2026-03-02 06:00:00
NXTrFZuPUUCIGMM28Ihj1nMlvpU,Interest,,NEXO,1.59181286,NEXO,1.59181286,$1.47,-,-,"approved / NEXO Interest Earned",2026-03-02 06:00:00
NXTEQrx6bW7SNYTjUD7Dt3bc,Interest,,XRP,0.12779569,XRP,0.12779569,$0.07,-,-,"approved / XRP Interest Earned",2026-03-02 06:00:00
NXTYk3Smuwl1zFijwqqhkYMz9h,Interest,,LINK,0.45950202,LINK,0.45950202,$3.10,-,-,"approved / LINK Interest Earned",2026-03-02 06:00:00
NXTgOqhME1EFbZehvLmAsmkQlwqLcl,Interest,,DOGE,1.82737526,DOGE,1.82737526,$0.34,-,-,"approved / DOGE Interest Earned",2026-03-02 06:00:00
NXTf20BJpmHvvi76TBWNalnAbP,Interest,,SOL,0.01995787,SOL,0.01995787,$3.92,-,-,"approved / SOL Interest Earned",2026-03-02 06:00:00
NXTHF8LxDIEJyJJP699h3JIYQqhoOLPc,Interest,,ADA,0.54217404,ADA,0.54217404,$0.46,-,-,"approved / ADA Interest Earned",2026-03-02 06:00:00
NXTDaeNj7fQdvP8YwLwnDifZH8nLvAj,Fixed Term Interest,,BTC,0.01733950,BTC,0.01733950,$1610.32,-,-,"approved / Term Deposit Interest",2026-03-02 05:00:00
NXTGTZfErWNUES0sIjEhoO4UA0Oc,Unlocking Term Deposit,,LINK,19.80804319,LINK,19.80804319,$297.12,-,-,"approved / Transfer from Term Wallet to Savings Wallet",2026-03-02 05:00:00
NXTfwUtWuqs0D1K6e3F1xsd0imzJ4CtSW,Top up Crypto,,SOL,8.97038127,SOL,8.97038127,$1255.85,-,-,"approved / fbb4ed7348990ffd894a75454afa3830dc652074e6b9fd5baa7f542a847bb8ef",2026-03-02 00:00:00
NXT8JlkkV3UDxL8zjkGv695qmnRtQE,Interest,,BTC,0.00024266,BTC,0.00024266,$17.08,-,-,"approved / BTC Interest Earned",2026-03-01 06:00:00
NXTq1mDJAUvvEJ0xFprjhFLqtK6hg5,Interest,,ETH,0.00056798,ETH,0.00056798,$1.63,-,-,"approved / ETH Interest Earned",2026-03-01 06:00:00
NXTHa70fB3OxLhsnpQvlfwMr6gQ,Interest,,NEXO,1.07635665,NEXO,1.07635665,$1.19,-,-,"approved / NEXO Interest Earned",2026-03-01 06:00:00
NXToD3GaMmeEeMEJDg74gKgKQwGlEn,Interest,,XRP,0.18445536,XRP,0.18445536,$0.10,-,-,"approved / XRP Interest Earned",2026-03-01 06:00:00
NXTkyT0GHoG2xHG1S8ObKb5WSxpaba,Interest,,LINK,0.29707006,LINK,0.29707006,$7.18,-,-,"approved / LINK Interest Earned",2026-03-01 06:00:00
NXTPMFZDnbEZo9YCkWnA1dZj,Interest,,DOGE,3.52205066,DOGE,3.52205066,$0.57,-,-,"approved / DOGE Interest Earned",2026-03-01 06:00:00
NXTKqon0kUOwKdXV17I3V0fPvMAi,Interest,,SOL,0.03280041,SOL,0.03280041,$7.67,-,-,"approved / SOL Interest Earned",2026-03-01 06:00:00
NXTSLMCC2RfOp4xfeMfmwtd,Interest,,ADA,0.21254924,ADA,0.21254924,$0.13,-,-,"approved / ADA Interest Earned",2026-03-01 06:00:00
NXTXxt3MuR4mJqHRHRE0QzeFV,Credit Card Withdrawal Credit,Card,xUSD,-143.97000000,xUSD,143.97000000,$143.97,-,-,"authorized / Nexo Card Loan Withdrawal",2026-03-01 00:00:00
NXTsv8fJUJHBidZT77q04xjCYy,Exchange Credit,Card,xUSD,-143.97000000,EURX,135.40000000,$143.97,-,-,"authorized / Nexo Card Loan Withdrawal",2026-03-01 00:00:00
NXTNJZktU2Y9Wipf7QF0ivi,Nexo Card Purchase,Card,xUSD,-143.97000000,EURX,135.40000000,$143.97,-,-,"approved / MEDIAMARKT | COLOGNE",2026-03-01 00:00:00
NXTGbIArssv6wUdB2GTuTSBh2,Cashback,,NEXO,1.38977747,NEXO,1.38977747,$1.44,-,-,"approved / MEDIAMARKT | COLOGNE",2026-03-01 00:00:00
NXTZyaOtM2w1i3WWnuzM1Ad,Interest,,BTC,0.00012027,BTC,0.00012027,$10.83,-,-,"approved / BTC Interest Earned",2026-02-28 06:00:00
NXTMZ0NRAE3nXJ7K5tqC20cl1fXW,Interest,,ETH,0.00493398,ETH,0.00493398,$13.15,-,-,"approved / ETH Interest Earned",2026-02-28 06:00:00
NXTKbC4qeV1lPofeNdBzPoB,Interest,,NEXO,1.49066134,NEXO,1.49066134,$2.16,-,-,"approved / NEXO Interest Earned",2026-02-28 06:00:00
NXTW6Wa4Hgq8pHVatnm2Fqjw,Interest,,XRP,0.49641394,XRP,0.49641394,$1.17,-,-,"approved / XRP Interest Earned",2026-02-28 06:00:00
NXTyVcOuIbS4Jv2UHuZ1dftnHQXuHId,Interest,,LINK,0.19395062,LINK,0.19395062,$4.72,-,-,"approved / LINK Interest Earned",2026-02-28 06:00:00
NXTMSgrGGYvUNWhsAfKKpCc1zw0,Interest,,DOGE,2.66398516,DOGE,2.66398516,$0.81,-,-,"approved / DOGE Interest Earned",2026-02-28 06:00:00
NXTIsWPo2Qn5EAL3McPr5XoXgAlAq0M,Interest,,SOL,0.04562427,SOL,0.04562427,$5.19,-,-,"approved / SOL Interest Earned",2026-02-28 06:00:00
NXTt2Ionu6OUmOfmQmAY63kF,Interest,,ADA,0.30466294,ADA,0.30466294,$0.26,-,-,"approved / ADA Interest Earned",2026-02-28 06:00:00
NXTfdXIJoqyNAbPHNMUKRe5,Top up Crypto,,SOL,7.37176277,SOL,7.37176277,$1032.05,-,-,"approved / 95c5321868133553c8fdf0a7e99fa5ef684ed5c70e38f2f801acd618bfcafb27",2026-02-28 00:00:00
NXT0dov8AWFJohsYDZIgEtQsnrDW9OJ,Exchange Cashback,,USDC,0.85046303,USDC,0.85046303,$0.98,-,-,"approved / 1 % on top of your Exchange transaction",2026-02-28 00:00:00
NXTorIDlvGqLMZUfisy68lC0Lv,Interest,,BTC,0.00007874,BTC,0.00007874,$5.05,-,-,"approved / BTC Interest Earned",2026-02-27 06:00:00
NXTRuai5R0FSwWXbMKFAQRjRqX9Q5eqbF,Interest,,ETH,0.00394465,ETH,0.00394465,$14.75,-,-,"approved / ETH Interest Earned",2026-02-27 06:00:00
NXTEqZ6t90MySESJNCjiA1xPUup6aEiW,Interest,,NEXO,0.98761554,NEXO,0.98761554,$0.94,-,-,"approved / NEXO Interest Earned",2026-02-27 06:00:00
NXT0X8LVQRpHctpoIOQhA3eV2E2dy1,Interest,,XRP,0.38396784,XRP,0.38396784,$0.84,-,-,"approved / XRP Interest Earned",2026-02-27 06:00:00
NXTw2vJ13jiqt6vnhs89tVlXJxfB,Interest,,LINK,0.45718681,LINK,0.45718681,$8.69,-,-,"approved / LINK Interest Earned",2026-02-27 06:00:00
NXToeAu4DvOVLRaAYzgWYGE,Interest,,DOGE,3.03803960,DOGE,3.03803960,$0.42,-,-,"approved / DOGE Interest Earned",2026-02-27 06:00:00
NXThClbxXoGetH3XKU3yF7oWlrwewt1Il,Interest,,SOL,0.00301077,SOL,0.00301077,$0.64,-,-,"approved / SOL Interest Earned",2026-02-27 06:00:00
NXTzqTv9JuMIHq7Ko6ZvteV4N6QxFsDux,Interest,,ADA,0.30298673,ADA,0.30298673,$0.10,-,-,"approved / ADA Interest Earned",2026-02-27 06:00:00
NXTBxUCP8heK70OLfxUa18NakB,Interest,,BTC,0.00041959,BTC,0.00041959,$38.73,-,-,"approved / BTC Interest Earned",2026-02-26 06:00:00
NXTslF06a8nHFUAWr3vITfVHHTZ,Interest,,ETH,0.00437814,ETH,0.00437814,$16.02,-,-,"approved / ETH Interest Earned",2026-02-26 06:00:00
NXTLllmKkI5FbQDx9XGWrERxuai,Interest,,NEXO,1.24199970,NEXO,1.24199970,$1.44,-,-,"approved / NEXO Interest Earned",2026-02-26 06:00:00
NXTbFnjvCbekyUQxVJZt7OBgVj,Interest,,XRP,0.38625933,XRP,0.38625933,$0.49,-,-,"approved / XRP Interest Earned",2026-02-26 06:00:00
NXTYpBa8jQFDedpG0GUqMOoLy,Interest,,LINK,0.48074744,LINK,0.48074744,$6.74,-,-,"approved / LINK Interest Earned",2026-02-26 06:00:00
NXTnXVpmmBAFIXGXjF7n1AH4xliuEZLSM,Interest,,DOGE,2.65251664,DOGE,2.65251664,$0.41,-,-,"approved / DOGE Interest Earned",2026-02-26 06:00:00
NXTTwhLb6p4zP55k4WSdyjSzNl,Interest,,SOL,0.02451620,SOL,0.02451620,$6.23,-,-,"approved / SOL Interest Earned",2026-02-26 06:00:00
NXTBTBV07PoLe98cOB4FW3ocnEcA8,Interest,,ADA,0.26753558,ADA,0.26753558,$0.08,-,-,"approved / ADA Interest Earned",2026-02-26 06:00:00
NXTn4rMpTFDQ5EQ5Y4nPBy3,Interest,,BTC,0.00049326,BTC,0.00049326,$30.54,-,-,"approved / BTC Interest Earned",2026-02-25 06:00:00
NXT5DXE4MGFs0MSM2CKfsLC70zOL5K4,Interest,,ETH,0.00366046,ETH,0.00366046,$7.44,-,-,"approved / ETH Interest Earned",2026-02-25 06:00:00
NXTXfHO1W46VP7y1HOLGjblxYdodtifq,Interest,,NEXO,0.43614694,NEXO,0.43614694,$0.42,-,-,"approved / NEXO Interest Earned",2026-02-25 06:00:00
NXTxfYnlILDdSNJ1ebq8NJUKdVm7H,Interest,,XRP,0.12577986,XRP,0.12577986,$0.24,-,-,"approved / XRP Interest Earned",2026-02-25 06:00:00
NXTBEj66mstU9S9hT54MQsZN1Sw8e14b,Interest,,LINK,0.22929392,LINK,0.22929392,$2.00,-,-,"approved / LINK Interest Earned",2026-02-25 06:00:00
NXTt8bkgPbzp2XSnmYjd2BX,Interest,,DOGE,3.94683141,DOGE,3.94683141,$1.12,-,-,"approved / DOGE Interest Earned",2026-02-25 06:00:00
NXTkeD2L5YTsi6LgYEEqVfvfDub5Q,Interest,,SOL,0.02904488,SOL,0.02904488,$3.94,-,-,"approved / SOL Interest Earned",2026-02-25 06:00:00
NXTqd15KYMANNfykfvdA5GQWB,Interest,,ADA,0.90147781,ADA,0.90147781,$0.29,-,-,"approved / ADA Interest Earned",2026-02-25 06:00:00
NXTcxNwFwjfcFzv0mx8E1OqlqPZmB,Interest,,BTC,0.00036234,BTC,0.00036234,$26.58,-,-,"approved / BTC Interest Earned",2026-02-24 06:00:00
NXTKVdaeOj3Eyn3hnPNiffKYI17H,Interest,,ETH,0.00177590,ETH,0.00177590,$6.79,-,-,"approved / ETH Interest Earned",2026-02-24 06:00:00
NXTugGeTCUgbGSQthzsWuQMkgXZ2u,Interest,,NEXO,1.76297233,NEXO,1.76297233,$1.57,-,-,"approved / NEXO Interest Earned",2026-02-24 06:00:00
NXTmm0VCrpoi8UPAlXvpEOd12tUAVg,Interest,,XRP,0.38725909,XRP,0.38725909,$0.55,-,-,"approved / XRP Interest Earned",2026-02-24 06:00:00
NXTDVpQzH19mhWbmyStK07BBO,Interest,,LINK,0.14652412,LINK,0.14652412,$1.18,-,-,"approved / LINK Interest Earned",2026-02-24 06:00:00
NXTRHh01EMIkV34F67rcWdVvmVx,Interest,,DOGE,1.83097975,DOGE,1.83097975,$0.61,-,-,"approved / DOGE Interest Earned",2026-02-24 06:00:00
NXTuzIAUHWs2etkUNGR3NqZbwC3LS,Interest,,SOL,0.00364044,SOL,0.00364044,$0.69,-,-,"approved / SOL Interest Earned",2026-02-24 06:00:00
NXT0wV6V2YN13o8BQCtf13QpK3UVG,Interest,,ADA,1.95127719,ADA,1.95127719,$2.24,-,-,"approved / ADA Interest Earned",2026-02-24 06:00:00
NXT3Z95EtlM1lKtrSk5ukU7hT66K,Exchange Cashback,,USDC,2.10892798,USDC,2.10892798,$2.70,-,-,"approved / 1 % on top of your Exchange transaction",2026-02-24 00:00:00
NXTQmKjnelO32KlD88KUHrUNOpBU,Locking Term Deposit,,ETH,-0.48997273,ETH,0.48997273,$1469.92,-,-,"approved / Transfer from Savings Wallet to Term Wallet",2026-02-24 00:00:00
NXTXksYCI6HlXvQbOrhasKygZDGXxJ,Interest,,BTC,0.00040027,BTC,0.00040027,$37.31,-,-,"approved / BTC Interest Earned",2026-02-23 06:00:00
NXTBMx58AkWouo5ZcP3OT6K1lNym,Interest,,ETH,0.00426298,ETH,0.00426298,$7.99,-,-,"approved / ETH Interest Earned",2026-02-23 06:00:00
NXTgYjwSEbnfYdvEPwmisIkuvJ,Interest,,NEXO,1.70107355,NEXO,1.70107355,$1.94,-,-,"approved / NEXO Interest Earned",2026-02-23 06:00:00
NXTDCeuQLvRFK44Wr3WkASELWmW1AVa,Interest,,XRP,0.19015953,XRP,0.19015953,$0.30,-,-,"approved / XRP Interest Earned",2026-02-23 06:00:00
NXTAHSDsPDutyBiQB66cxMg5hTt1yu1,Interest,,LINK,0.31975918,LINK,0.31975918,$2.78,-,-,"approved / LINK Interest Earned",2026-02-23 06:00:00
NXTog4fxNHtbx0gcSOap8powhukKfYym,Interest,,DOGE,1.81089251,DOGE,1.81089251,$0.41,-,-,"approved / DOGE Interest Earned",2026-02-23 06:00:00
NXTXFBOsrtq5maOWYV7TDsOsA0,Interest,,SOL,0.04485608,SOL,0.04485608,$9.90,-,-,"approved / SOL Interest Earned",2026-02-23 06:00:00
NXTFgpU2nW3RmuTCFx2CdZ1b,Interest,,ADA,1.66758228,ADA,1.66758228,$0.97,-,-,"approved / ADA Interest Earned",2026-02-23 06:00:00
NXTN6R06tLe8cXE9s9upZtF,Interest,,BTC,0.00022413,BTC,0.00022413,$17.90,-,-,"approved / BTC Interest Earned",2026-02-22 06:00:00
NXTvC6pYNgmkFKNk4Cn6WXVAtUHrE,Interest,,ETH,0.00169110,ETH,0.00169110,$4.28,-,-,"approved / ETH Interest Earned",2026-02-22 06:00:00
NXT8Qvrd3bbN0ozU3Iw4II8n8s7,Interest,,NEXO,0.67972615,NEXO,0.67972615,$0.83,-,-,"approved / NEXO Interest Earned",2026-02-22 06:00:00
NXTzY9VG7VYVPs3jaWnRHhoNNeL3P,Interest,,XRP,0.37545982,XRP,0.37545982,$0.32,-,-,"approved / XRP Interest Earned",2026-02-22 06:00:00
NXT2heUGNZnvLjewCSzcWx3BNb2,Interest,,LINK,0.26681952,LINK,0.26681952,$1.64,-,-,"approved / LINK Interest Earned",2026-02-22 06:00:00
NXThXdOLZdN1saiEiaxyrBzla,Interest,,DOGE,4.19122737,DOGE,4.19122737,$1.24,-,-,"approved / DOGE Interest Earned",2026-02-22 06:00:00
NXT52YzoNfpUCoK12Deg07A3in,Interest,,SOL,0.03201224,SOL,0.03201224,$1.97,-,-,"approved / SOL Interest Earned",2026-02-22 06:00:00
NXTT3rmTZT2dERiHKttdHOqIKEu,Interest,,ADA,1.60882272,ADA,1.60882272,$1.43,-,-,"approved / ADA Interest Earned",2026-02-22 06:00:00
NXTbajX7wLxtXIECwYcSxnNe,Interest,,BTC,0.00009383,BTC,0.00009383,$7.07,-,-,"approved / BTC Interest Earned",2026-02-21 06:00:00
NXTMDSZOedAu7yWnRVS3qefe,Interest,,ETH,0.00190294,ETH,0.00190294,$5.29,-,-,"approved / ETH Interest Earned",2026-02-21 06:00:00
NXT6EMgqZKIDRD8gzJivkt5fby,Interest,,NEXO,0.46023670,NEXO,0.46023670,$0.38,-,-,"approved / NEXO Interest Earned",2026-02-21 06:00:00
NXTDdKCdnwPWx1Hxa4WYcEZg4UihRI,Interest,,XRP,0.32416621,XRP,0.32416621,$0.57,-,-,"approved / XRP Interest Earned",2026-02-21 06:00:00
NXTcfUh7e4HexmqKaxCM30c8rsfXWAZI,Interest,,LINK,0.14817985,LINK,0.14817985,$3.64,-,-,"approved / LINK Interest Earned",2026-02-21 06:00:00
NXTxV446FxAjd2bWYpsYyu8R5jS0PX4Z,Interest,,DOGE,3.84658079,DOGE,3.84658079,$0.78,-,-,"approved / DOGE Interest Earned",2026-02-21 06:00:00
NXTR6M8a2s8Oin7lhCtFEhQmabfm,Interest,,SOL,0.01390535,SOL,0.01390535,$2.03,-,-,"approved / SOL Interest Earned",2026-02-21 06:00:00
NXTgGBZWCt2lUIEmd53LoR4z1U,Interest,,ADA,1.62376689,ADA,1.62376689,$0.61,-,-,"approved / ADA Interest Earned",2026-02-21 06:00:00
NXTgi0wbcn1Uv1oW99oqX8YfQq,Interest,,BTC,0.00006740,BTC,0.00006740,$6.09,-,-,"approved / BTC Interest Earned",2026-02-20 06:00:00
NXTockkXHlm08uhiP5UmUfjjBwxCs,Interest,,ETH,0.00459400,ETH,0.00459400,$13.81,-,-,"approved / ETH Interest Earned",2026-02-20 06:00:00
NXTj9Ju0XuYRrxYAfw37dxn953j5,Interest,,NEXO,1.47313260,NEXO,1.47313260,$1.36,-,-,"approved / NEXO Interest Earned",2026-02-20 06:00:00
NXTBCx0k4DesBaX9ukiSkcLA8jr,Interest,,XRP,0.24843569,XRP,0.24843569,$0.61,-,-,"approved / XRP Interest Earned",2026-02-20 06:00:00
NXTof075cOrUFE6eAhxv3Jw5fUT,Interest,,LINK,0.25245271,LINK,0.25245271,$1.77,-,-,"approved / LINK Interest Earned",2026-02-20 06:00:00
NXTpfbTnNLWRzHGFuSwvF6nqq,Interest,,DOGE,3.56832897,DOGE,3.56832897,$0.60,-,-,"approved / DOGE Interest Earned",2026-02-20 06:00:00
NXTBJVDiT5NOdVsxkDzp82GdQ5GNAX5V,Interest,,SOL,0.02852998,SOL,0.02852998,$3.12,-,-,"approved / SOL Interest Earned",2026-02-20 06:00:00
NXTua17GW2qg033Q1XzeSIKC,Interest,,ADA,0.54188116,ADA,0.54188116,$0.53,-,-,"approved / ADA Interest Earned",2026-02-20 06:00:00
NXTv1IBZ8yFvy8ofTQovvAsYMDWOHm4I3,Unlocking Term Deposit,,LINK,115.13098617,LINK,115.13098617,$1726.96,-,-,"approved / Transfer from Term Wallet to Savings Wallet",2026-02-20 05:00:00
NXTktWSNrwQuDBWEgOfrZ3mTMT30N,Top up Crypto,,ETH,0.21689651,ETH,0.21689651,$650.69,-,-,"approved / a94e6d023bcd4a4efdaf0d2096813bb3ed22941a90cf8a1a439f5a341375ab29",2026-02-20 00:00:00
NXTOqG8WqLSX6WIbrVPVyVH2NxQ1U,Transfer In,,ETH,0.54862290,ETH,0.54862290,$1645.87,-,-,"approved / Transfer from Credit Line Wallet to Savings Wallet",2026-02-20 00:00:00
NXTEWthgZzJK6Yu2ssRwtesttRF,Interest,,BTC,0.00033277,BTC,0.00033277,$28.86,-,-,"approved / BTC Interest Earned",2026-02-19 06:00:00
NXTstbIobof5se6gWRMEqnnE3iWBh,Interest,,ETH,0.00279863,ETH,0.00279863,$9.51,-,-,"approved / ETH Interest Earned",2026-02-19 06:00:00
NXTpktVXS0Prgrio1CjB4LvZd,Interest,,NEXO,0.78789368,NEXO,0.78789368,$1.09,-,-,"approved / NEXO Interest Earned",2026-02-19 06:00:00
NXTjK5IM36n7j9G4lNwQHWlzo6,Interest,,XRP,0.35365552,XRP,0.35365552,$0.78,-,-,"approved / XRP Interest Earned",2026-02-19 06:00:00
NXT2TIvFRJ8PG4XLqIE3IrWapm4U,Interest,,LINK,0.28735154,LINK,0.28735154,$3.26,-,-,"approved / LINK Interest Earned",2026-02-19 06:00:00
NXTYmrPSVBMqZ2PnsrmMV01MfT,Interest,,DOGE,4.51933339,DOGE,4.51933339,$0.83,-,-,"approved / DOGE Interest Earned",2026-02-19 06:00:00
NXTliOaFXE7sDoJbE3f4wMHK59dsg,Interest,,SOL,0.03838170,SOL,0.03838170,$2.84,-,-,"approved / SOL Interest Earned",2026-02-19 06:00:00
NXTlV9sMkcxKYwYHf5JEJgz0dgHdr8UCy,Interest,,ADA,1.97959782,ADA,1.97959782,$2.07,-,-,"approved / ADA Interest Earned",2026-02-19 06:00:00
NXTbwNzQIZRzprQRH4IFuLHsXt,Exchange Cashback,,USDC,1.40123524,USDC,1.40123524,$1.95,-,-,"approved / 0.5 % on top of your Exchange transaction",2026-02-19 00:00:00
NXTV881ZJx39QfPKgVYkHWIxL8WKw8,Interest,,BTC,0.00011048,BTC,0.00011048,$8.06,-,-,"approved / BTC Interest Earned",2026-02-18 06:00:00
NXTK02z0gxIPpb20NEhaSvei5Vq9R,Interest,,ETH,0.00267970,ETH,0.00267970,$9.56,-,-,"approved / ETH Interest Earned",2026-02-18 06:00:00
NXTmqqmvNAmw1RqQpHDREaIfWQRfSo,Interest,,NEXO,0.82910672,NEXO,0.82910672,$0.73,-,-,"approved / NEXO Interest Earned",2026-02-18 06:00:00
NXT6mforNBP2ViFVzpFVMcFePkTZ6ldrs,Interest,,XRP,0.26296369,XRP,0.26296369,$0.29,-,-,"approved / XRP Interest Earned",2026-02-18 06:00:00
NXTgEWWg2KDXcsi19KaWNFkrgchX,Interest,,LINK,0.41635426,LINK,0.41635426,$4.39,-,-,"approved / LINK Interest Earned",2026-02-18 06:00:00
NXT0WoErpn3dvPJuYfnpvhzkkf,Interest,,DOGE,3.44065239,DOGE,3.44065239,$1.48,-,-,"approved / DOGE Interest Earned",2026-02-18 06:00:00
NXT7QMI9zfxCNzcigia0OASNPnjJhR3u,Interest,,SOL,0.04405039,SOL,0.04405039,$9.94,-,-,"approved / SOL Interest Earned",2026-02-18 06:00:00
NXTq5x482JbiI0GFKKwPSrKis0,Interest,,ADA,1.30267370,ADA,1.30267370,$0.45,-,-,"approved / ADA Interest Earned",2026-02-18 06:00:00
NXTRXjgyBHLhkrj0nw3vkMwyvj,Interest,,BTC,0.00046663,BTC,0.00046663,$40.16,-,-,"approved / BTC Interest Earned",2026-02-17 06:00:00
NXT0c3J2eswmB0UV48k75VvAtEzw,Interest,,ETH,0.00311024,ETH,0.00311024,$6.88,-,-,"approved / ETH Interest Earned",2026-02-17 06:00:00
NXTStI16dCTK51exNti9uFa2AxLMcT,Interest,,NEXO,1.36166417,NEXO,1.36166417,$1.73,-,-,"approved / NEXO Interest Earned",2026-02-17 06:00:00
NXTza7yFWZFbszVu1NkNjugVYIkYS,Interest,,XRP,0.07119934,XRP,0.07119934,$0.14,-,-,"approved / XRP Interest Earned",2026-02-17 06:00:00
NXT3xuS2sCKDfPiLuwXLTHnN1,Interest,,LINK,0.16945451,LINK,0.16945451,$3.66,-,-,"approved / LINK Interest Earned",2026-02-17 06:00:00
NXTJMLMUAv65NLviSOtiaQefPUC,Interest,,DOGE,1.99173487,DOGE,1.99173487,$0.79,-,-,"approved / DOGE Interest Earned",2026-02-17 06:00:00
NXT3An0JLf1taPULy0MCOqbRMwG,Interest,,SOL,0.03854118,SOL,0.03854118,$1.90,-,-,"approved / SOL Interest Earned",2026-02-17 06:00:00
NXTwTkbsbFsfFH5zqcCBucxh9hc,Interest,,ADA,0.59727767,ADA,0.59727767,$0.53,-,-,"approved / ADA Interest Earned",2026-02-17 06:00:00
NXTvyfBRwL0xznjAGG7Ixfobjeo71BT,Exchange,,USDC,-66.63208654,EURX,61.69637643,$66.63,0.26353245,USDC,"approved / Exchange USDC to EURX",2026-02-17 00:00:00
NXTRmzCkgm1ydnlMnLEkKa5,Exchange Liquidation,Card,EURX,135.74000000,xUSD,151.34000000,$151.34,-,-,"approved / Crypto repayment / Exchange EURX to xUSD",2026-02-17 00:00:00
NXTfRMaKwdTspP0kJR9toFRbM4vR,Interest,,BTC,0.00007819,BTC,0.00007819,$6.30,-,-,"approved / BTC Interest Earned",2026-02-16 06:00:00
NXTrixmZp3NHtTze4msmdifcAdPWPTX,Interest,,ETH,0.00181831,ETH,0.00181831,$4.92,-,-,"approved / ETH Interest Earned",2026-02-16 06:00:00
NXTp95hEE28mSO5RcVZ4gSj8MGfxbAlk,Interest,,NEXO,0.17793855,NEXO,0.17793855,$0.19,-,-,"approved / NEXO Interest Earned",2026-02-16 06:00:00
NXTCNGPPZH6d5oHoyJDaPXPwLtWAq,Interest,,XRP,0.14888374,XRP,0.14888374,$0.22,-,-,"approved / XRP Interest Earned",2026-02-16 06:00:00
NXTQv4BlyKJysbjFqMdeNMqacNOMwDGxo,Interest,,LINK,0.07872623,LINK,0.07872623,$0.58,-,-,"approved / LINK Interest Earned",2026-02-16 06:00:00
NXTW2fxSonGB8tnVHdlsyGJk7wvuleQgN,Interest,,DOGE,2.02995999,DOGE,2.02995999,$0.58,-,-,"approved / DOGE Interest Earned",2026-02-16 06:00:00
NXTwtVItKaqwXZI8aligOCMdvp3L9oe7m,Interest,,SOL,0.04758890,SOL,0.04758890,$8.86,-,-,"approved / SOL Interest Earned",2026-02-16 06:00:00
NXToEFe942CKYB92hACNELV,Interest,,ADA,0.11185011,ADA,0.11185011,$0.06,-,-,"approved / ADA Interest Earned",2026-02-16 06:00:00
NXToCbUXZxeEqaL4xoegWYK1PyV,Interest,,BTC,0.00022038,BTC,0.00022038,$13.31,-,-,"approved / BTC Interest Earned",2026-02-15 06:00:00
NXT90qIkmM8N3I2CU6xp7aWhYNv2Cu,Interest,,ETH,0.00113192,ETH,0.00113192,$3.65,-,-,"approved / ETH Interest Earned",2026-02-15 06:00:00
NXTAso03qo2hxuvzKdspwOdv,Interest,,NEXO,1.61858750,NEXO,1.61858750,$1.59,-,-,"approved / NEXO Interest Earned",2026-02-15 06:00:00
NXTnutFGl6jMAF31mwRPMgL,Interest,,XRP,0.13847956,XRP,0.13847956,$0.25,-,-,"approved / XRP Interest Earned",2026-02-15 06:00:00
NXTFFyXJiSRqEzAkEeY7B17vUv,Interest,,LINK,0.44691888,LINK,0.44691888,$6.64,-,-,"approved / LINK Interest Earned",2026-02-15 06:00:00
NXTYAJMFOLHoXLTRGuMhJRVsntJh,Interest,,DOGE,1.37872418,DOGE,1.37872418,$0.23,-,-,"approved / DOGE Interest Earned",2026-02-15 06:00:00
NXTt22JCyti7wqt6wUQNC5bw5A5,Interest,,SOL,0.00878554,SOL,0.00878554,$0.33,-,-,"approved / SOL Interest Earned",2026-02-15 06:00:00
NXTWOBYEeNKyOV7g0bkXo6zwchTEFI,Interest,,ADA,1.61977161,ADA,1.61977161,$0.76,-,-,"approved / ADA Interest Earned",2026-02-15 06:00:00
NXTLIdbmykjqsZlwqyoiRRl,Interest,,BTC,0.00029887,BTC,0.00029887,$23.23,-,-,"approved / BTC Interest Earned",2026-02-14 06:00:00
NXT9otWy1l2J4pfRyY9WAHk7ZW2n,Interest,,ETH,0.00453043,ETH,0.00453043,$9.26,-,-,"approved / ETH Interest Earned",2026-02-14 06:00:00
NXT66ZujJys7eQFn3OClJKf,Interest,,NEXO,1.20401701,NEXO,1.20401701,$1.32,-,-,"approved / NEXO Interest Earned",2026-02-14 06:00:00
NXT1W6AR1v4dx21OwM6J6L9zBdlm,Interest,,XRP,0.16839009,XRP,0.16839009,$0.21,-,-,"approved / XRP Interest Earned",2026-02-14 06:00:00
NXTXvgrBaq3pjL0jmEDq3ji1QiOYX0lF,Interest,,LINK,0.17363247,LINK,0.17363247,$2.05,-,-,"approved / LINK Interest Earned",2026-02-14 06:00:00
NXTJ4pmCgPKwoIaToDbtTu7tAmPsnR7L7,Interest,,DOGE,3.50668830,DOGE,3.50668830,$1.41,-,-,"approved / DOGE Interest Earned",2026-02-14 06:00:00
NXToXVqMR21n6N6ksEzJiPc5i6KTv,Interest,,SOL,0.04834672,SOL,0.04834672,$11.34,-,-,"approved / SOL Interest Earned",2026-02-14 06:00:00
NXT5vhIJQgIN8Ak6Lm5tTvm57gnCsxA,Interest,,ADA,1.14700670,ADA,1.14700670,$0.33,-,-,"approved / ADA Interest Earned",2026-02-14 06:00:00
NXTcCkiCM614JTEsHyfV9QD1BnF2dgYcv,Interest,,BTC,0.00015053,BTC,0.00015053,$9.45,-,-,"approved / BTC Interest Earned",2026-02-13 06:00:00
NXTGw7jCuqXXyplrQypc05SzyU,Interest,,ETH,0.00359168,ETH,0.00359168,$11.47,-,-,"approved / ETH Interest Earned",2026-02-13 06:00:00
NXTKmKDi3sxTLUcDxd71PO9qfUUqE1,Interest,,NEXO,0.71727659,NEXO,0.71727659,$0.73,-,-,"approved / NEXO Interest Earned",2026-02-13 06:00:00
NXT5catWZoBlUyqu9ysV32fK4tyo1P,Interest,,XRP,0.12513066,XRP,0.12513066,$0.22,-,-,"approved / XRP Interest Earned",2026-02-13 06:00:00
NXTeEulLkCXKzsij2L5ppIu1,Interest,,LINK,0.26834828,LINK,0.26834828,$1.97,-,-,"approved / LINK Interest Earned",2026-02-13 06:00:00
NXTzQkP1503G1oAEIoPcmYmFyNvNly,Interest,,DOGE,4.84990868,DOGE,4.84990868,$1.03,-,-,"approved / DOGE Interest Earned",2026-02-13 06:00:00
NXTb6DwuddYEwMQOaDajc3CfigXrZEJ,Interest,,SOL,0.02659997,SOL,0.02659997,$2.97,-,-,"approved / SOL Interest Earned",2026-02-13 06:00:00
NXTzSFrJqEz2LTV6T2FitQk4f9ZLg4zeF,Interest,,ADA,1.19969042,ADA,1.19969042,$1.02,-,-,"approved / ADA Interest Earned",2026-02-13 06:00:00
NXTEWJWDqMWq2oU7C3mrhHBZNYyrL9j,Exchange To Withdraw,,EURX,646.86000000,EUR,646.86000000,$714.63,-,-,"approved / EURX to EUR",2026-02-13 00:00:00
NXTEQTmbme4gpCSoxKX0Qh58hDnKHovd,Withdraw Exchanged,,EUR,-646.86000000,EUR,646.86000000,$714.63,-,-,"approved / EUR withdrawal",2026-02-13 00:00:00
NXThE3hK4Etw5ylsn1SsXH8S,Interest,,BTC,0.00017195,BTC,0.00017195,$10.73,-,-,"approved / BTC Interest Earned",2026-02-12 06:00:00
NXTerOE1GbOCe3YEqtdjEqFpr6BZzA,Interest,,ETH,0.00383345,ETH,0.00383345,$14.73,-,-,"approved / ETH Interest Earned",2026-02-12 06:00:00
NXTWThHeekEBnZCKBGsRCo9NNNZ4g,Interest,,NEXO,0.19910442,NEXO,0.19910442,$0.20,-,-,"approved / NEXO Interest Earned",2026-02-12 06:00:00
NXThnuM2vPLNbCWd3NZNx8bbEg5,Interest,,XRP,0.23692750,XRP,0.23692750,$0.26,-,-,"approved / XRP Interest Earned",2026-02-12 06:00:00
NXTKglMwBhdwW4k0gDNwt5z4VUnt,Interest,,LINK,0.09694838,LINK,0.09694838,$1.45,-,-,"approved / LINK Interest Earned",2026-02-12 06:00:00
NXTbhrasJckvS72grCcz6Bxdo,Interest,,DOGE,2.77378699,DOGE,2.77378699,$0.31,-,-,"approved / DOGE Interest Earned",2026-02-12 06:00:00
NXTvS9mlxaTc3yMPVuHpPhyJqgUXXPcJ,Interest,,SOL,0.00887896,SOL,0.00887896,$0.43,-,-,"approved / SOL Interest Earned",2026-02-12 06:00:00
NXTdWi6fwRZtLDX3zuAo6Qn3lEc,Interest,,ADA,1.03418225,ADA,1.03418225,$0.99,-,-,"approved / ADA Interest Earned",2026-02-12 06:00:00
NXT8jUczvU5zehYzSsfRNadRnRhCZuw,Interest,,BTC,0.00005716,BTC,0.00005716,$5.13,-,-,"approved / BTC Interest Earned",2026-02-11 06:00:00
NXTlHO9lFgor3kFUqLd8F9TWaT,Interest,,ETH,0.00494127,ETH,0.00494127,$16.61,-,-,"approved / ETH Interest Earned",2026-02-11 06:00:00
NXTkNBoj7EfREC7hd6K44T4JUUf,Interest,,NEXO,0.79770670,NEXO,0.79770670,$0.98,-,-,"approved / NEXO Interest Earned",2026-02-11 06:00:00
NXTKSWkAptiEhsqG5PJdk3MNCkt,Interest,,XRP,0.20280734,XRP,0.20280734,$0.12,-,-,"approved / XRP Interest Earned",2026-02-11 06:00:00
NXTjtuEU9ps71ixddi0naheAZlr,Interest,,LINK,0.09786552,LINK,0.09786552,$1.79,-,-,"approved / LINK Interest Earned",2026-02-11 06:00:00
NXT2b0u4iiDD6hdsCMOLTGBlyKOsdv0QW,Interest,,DOGE,2.59237595,DOGE,2.59237595,$0.64,-,-,"approved / DOGE Interest Earned",2026-02-11 06:00:00
NXTRRlJF6B4MrtOWNhfi0ZY8T,Interest,,SOL,0.03128824,SOL,0.03128824,$3.48,-,-,"approved / SOL Interest Earned",2026-02-11 06:00:00
NXT5SoSiVfsnz8e9TMPtt2KchLGS,Interest,,ADA,0.37053919,ADA,0.37053919,$0.43,-,-,"approved / ADA Interest Earned",2026-02-11 06:00:00
NXT8F6cT1a8QR1GeRmY3noawqlTg4vJMT,Interest,,BTC,0.00028382,BTC,0.00028382,$24.50,-,-,"approved / BTC Interest Earned",2026-02-10 06:00:00
NXTVDTgx92Xc1osEz7Jb0wJH,Interest,,ETH,0.00340981,ETH,0.00340981,$7.20,-,-,"approved / ETH Interest Earned",2026-02-10 06:00:00
NXT939AGgf3ZnTbxnsN8O3EhaKchmmN8,Interest,,NEXO,0.48757125,NEXO,0.48757125,$0.53,-,-,"approved / NEXO Interest Earned",2026-02-10 06:00:00
NXT7U5P9H1OQ8bX9Eqr2uw9QJnSb,Interest,,XRP,0.06303883,XRP,0.06303883,$0.05,-,-,"approved / XRP Interest Earned",2026-02-10 06:00:00
NXTUPWg4JwJMoNJRYyBb19j84uF8GS,Interest,,LINK,0.19985189,LINK,0.19985189,$4.10,-,-,"approved / LINK Interest Earned",2026-02-10 06:00:00
NXTqKcXPG9u4HNEXLYHlbCmfd7WzNsvQ,Interest,,DOGE,1.67522466,DOGE,1.67522466,$0.75,-,-,"approved / DOGE Interest Earned",2026-02-10 06:00:00
NXTel8SvO5adegSRe2a8FwTg07ilp5a,Interest,,SOL,0.02338873,SOL,0.02338873,$3.39,-,-,"approved / SOL Interest Earned",2026-02-10 06:00:00
NXTkupJj0Aqgj7VW8Hd4dliuKgXg,Interest,,ADA,1.47775767,ADA,1.47775767,$0.77,-,-,"approved / ADA Interest Earned",2026-02-10 06:00:00
NXTlgLxeQkdrFQu79Qnm2pfRpoHWP,Unlocking Term Deposit,,BTC,0.01700969,BTC,0.01700969,$1360.78,-,-,"approved / Transfer from Term Wallet to Savings Wallet",2026-02-10 05:00:00
NXTXdJ13DgRVDGVq5WRQP2QtnFlFt,Unlocking Term Deposit,,LINK,88.28459702,LINK,88.28459702,$1324.27,-,-,"approved / Transfer from Term Wallet to Savings Wallet",2026-02-10 05:00:00
NXT5fZTvvWGvgSCecSbvgX5TFIuAC,Top up Crypto,,USDC,1938.74986242,USDC,1938.74986242,$1938.75,-,-,"approved / c54c5e3f2c0bf3cd1dca2442667998ed60fbc9e13a299aaf5c113b8b357ab2f7",2026-02-10 00:00:00
NXTS0Uf4XYZMDtod9GkQfvVKA,Exchange,,BTC,-0.00400463,NEXO,291.24585716,$320.37,0.00002079,BTC,"approved / Exchange BTC to NEXO",2026-02-10 00:00:00
NXTy306kkBCgBCD6f3h2jTn50oGEdb,Interest,,BTC,0.00032177,BTC,0.00032177,$19.83,-,-,"approved / BTC Interest Earned",2026-02-09 06:00:00
NXTJ0yzWhkUOMHSNA2y6eitJ,Interest,,ETH,0.00337914,ETH,0.00337914,$7.83,-,-,"approved / ETH Interest Earned",2026-02-09 06:00:00
NXTEO3IB9CyBNGJCiCwk79Ld9Wl,Interest,,NEXO,1.29542329,NEXO,1.29542329,$1.20,-,-,"approved / NEXO Interest Earned",2026-02-09 06:00:00
NXTovhrZYfe2GllehJffLaZADAPm1m,Interest,,XRP,0.39130935,XRP,0.39130935,$0.34,-,-,"approved / XRP Interest Earned",2026-02-09 06:00:00
NXTtIl3ktanwp4U7Yfguszu1eJP,Interest,,LINK,0.40700792,LINK,0.40700792,$5.47,-,-,"approved / LINK Interest Earned",2026-02-09 06:00:00
NXTDoRDwHSwmc3Xnty4lyDFQ8oFoNZ,Interest,,DOGE,2.11174415,DOGE,2.11174415,$0.60,-,-,"approved / DOGE Interest Earned",2026-02-09 06:00:00
NXT3FhP5mizBlibYWr1JjLieMkB,Interest,,SOL,0.04916554,SOL,0.04916554,$4.66,-,-,"approved / SOL Interest Earned",2026-02-09 06:00:00
NXTvAPHkJTFihibFSMlU824g3W6Qwvs9e,Interest,,ADA,1.91831589,ADA,1.91831589,$1.65,-,-,"approved / ADA Interest Earned",2026-02-09 06:00:00
NXTPO9EcjQkVHqb2Y78w6qrBF5Z,Unlocking Term Deposit,,NEXO,557.27281629,NEXO,557.27281629,$613.00,-,-,"approved / Transfer from Term Wallet to Savings Wallet",2026-02-09 05:00:00
NXTFVX4o9YeLj9UvUFmEGsE,Interest,,BTC,0.00047247,BTC,0.00047247,$29.60,-,-,"approved / BTC Interest Earned",2026-02-08 06:00:00
NXTbXtGiYKZdSdFB1uct8tX0NYSO,Interest,,ETH,0.00457780,ETH,0.00457780,$11.62,-,-,"approved / ETH Interest Earned",2026-02-08 06:00:00
NXT9elpr9VfAnMBRNFVXjROzHe,Interest,,NEXO,0.84567543,NEXO,0.84567543,$0.94,-,-,"approved / NEXO Interest Earned",2026-02-08 06:00:00
NXTwEmVe1yePVKt3dZKuPW4P5OAhGM7DD,Interest,,XRP,0.28737249,XRP,0.28737249,$0.53,-,-,"approved / XRP Interest Earned",2026-02-08 06:00:00
NXTs9Vrhlq2WGWzwYV7lnPDyCV,Interest,,LINK,0.19781794,LINK,0.19781794,$1.19,-,-,"approved / LINK Interest Earned",2026-02-08 06:00:00
NXTosNF9JLwwoOMkQ1qcpq1,Interest,,DOGE,2.03472281,DOGE,2.03472281,$0.78,-,-,"approved / DOGE Interest Earned",2026-02-08 06:00:00
NXTL8R7eIOxQLZd1FuS1Gd2VGq,Interest,,SOL,0.01854450,SOL,0.01854450,$4.27,-,-,"approved / SOL Interest Earned",2026-02-08 06:00:00
NXTbZMP3otq0XdM9q3VsAGR3M7,Interest,,ADA,1.94756586,ADA,1.94756586,$1.93,-,-,"approved / ADA Interest Earned",2026-02-08 06:00:00
NXTKMVXhZVTtxAtZk2wNsx0Z3uOf4,Unlocking Term Deposit,,ETH,0.54895278,ETH,0.54895278,$1646.86,-,-,"approved / Transfer from Term Wallet to Savings Wallet",2026-02-08 05:00:00
NXT46dAsA02DwmX63pP8Em5,Interest,,BTC,0.00013142,BTC,0.00013142,$10.46,-,-,"approved / BTC Interest Earned",2026-02-07 06:00:00
NXTdHVSmH1hpi1F0pgVaQbCEG,Interest,,ETH,0.00273411,ETH,0.00273411,$8.32,-,-,"approved / ETH Interest Earned",2026-02-07 06:00:00
NXTyIEyt3cnKUR2SAOhkC0BAbqO1c,Interest,,NEXO,1.63261506,NEXO,1.63261506,$1.71,-,-,"approved / NEXO Interest Earned",2026-02-07 06:00:00
NXTGsXwuifGtHY42M30PBrlLd,Interest,,XRP,0.37587656,XRP,0.37587656,$0.17,-,-,"approved / XRP Interest Earned",2026-02-07 06:00:00
NXTIzWspT0PV4xNc8duvWDsynGn,Interest,,LINK,0.06919244,LINK,0.06919244,$0.72,-,-,"approved / LINK Interest Earned",2026-02-07 06:00:00
NXTarKNHXjmy6ee87gYETY5,Interest,,DOGE,1.64717302,DOGE,1.64717302,$0.56,-,-,"approved / DOGE Interest Earned",2026-02-07 06:00:00
NXT6At2BQRiwAIUnYpNcOSMboJyG4,Interest,,SOL,0.02103602,SOL,0.02103602,$0.87,-,-,"approved / SOL Interest Earned",2026-02-07 06:00:00
NXTLbhpLycLzunQRnePmDCL9MXRRG,Interest,,ADA,1.51835602,ADA,1.51835602,$0.92,-,-,"approved / ADA Interest Earned",2026-02-07 06:00:00
NXTBi5SvGAgbYaWMDTkoLcj7SAnCK,Unlocking Term Deposit,,ETH,0.22416330,ETH,0.22416330,$672.49,-,-,"approved / Transfer from Term Wallet to Savings Wallet",2026-02-07 05:00:00
NXT9tSk5IBXTAKt6Yzga5TMoe286RqdYL,Interest,,BTC,0.00016773,BTC,0.00016773,$10.25,-,-,"approved / BTC Interest Earned",2026-02-06 06:00:00
NXTCR9KP0NGB3TuK4MXqlRYjANDHSM00,Interest,,ETH,0.00277281,ETH,0.00277281,$6.09,-,-,"approved / ETH Interest Earned",2026-02-06 06:00:00
NXTceVJTRDYlTEEGPCFaaQi7,Interest,,NEXO,1.79904731,NEXO,1.79904731,$2.13,-,-,"approved / NEXO Interest Earned",2026-02-06 06:00:00
NXTwS1nUgwJdlpAfSNbB8jYuhiN2dQ4zK,Interest,,XRP,0.27649265,XRP,0.27649265,$0.57,-,-,"approved / XRP Interest Earned",2026-02-06 06:00:00
NXTIaobJOP9yDUbGoXnKOvy,Interest,,LINK,0.39914818,LINK,0.39914818,$9.81,-,-,"approved / LINK Interest Earned",2026-02-06 06:00:00
NXTAXvbOOv5QdnzMwQKFc8735teJre,Interest,,DOGE,3.65994153,DOGE,3.65994153,$1.14,-,-,"approved / DOGE Interest Earned",2026-02-06 06:00:00
NXTyxRKUK8BfhNg3t2nEqai6,Interest,,SOL,0.00721341,SOL,0.00721341,$0.51,-,-,"approved / SOL Interest Earned",2026-02-06 06:00:00
NXT8VAubQPclENm2uBNPiktS,Interest,,ADA,0.95484548,ADA,0.95484548,$0.49,-,-,"approved / ADA Interest Earned",2026-02-06 06:00:00
NXTPg0PjnX8rvU1p3KVU5dr,Exchange,,SOL,-3.06045876,USDC,428.46422663,$428.46,0.01928920,SOL,"approved / Exchange SOL to USDC",2026-02-06 00:00:00
NXTkMqpwO1cNxiZC65akYQwXPqMX,Interest,,BTC,0.00023853,BTC,0.00023853,$19.57,-,-,"approved / BTC Interest Earned",2026-02-05 06:00:00
NXTwzO8iOB3FW5Z6TJscmYkrVV8j,Interest,,ETH,0.00385698,ETH,0.00385698,$7.52,-,-,"approved / ETH Interest Earned",2026-02-05 06:00:00
NXTize9sdP3VZDv3SlhLu0zp4M,Interest,,NEXO,0.91733339,NEXO,0.91733339,$0.91,-,-,"approved / NEXO Interest Earned",2026-02-05 06:00:00
NXTUl9k1yKrIdBMxrFM1c8TC,Interest,,XRP,0.45196427,XRP,0.45196427,$0.53,-,-,"approved / XRP Interest Earned",2026-02-05 06:00:00
NXTTgs0rVxLshgFtKbrKZOWd,Interest,,LINK,0.08569916,LINK,0.08569916,$0.58,-,-,"approved / LINK Interest Earned",2026-02-05 06:00:00
NXTTX4kbJmSzdqidc0QmbvWn,Interest,,DOGE,1.26296826,DOGE,1.26296826,$0.17,-,-,"approved / DOGE Interest Earned",2026-02-05 06:00:00
NXTIczVBYOqqo6ubvqiCdjvoyguh4A,Interest,,SOL,0.01885718,SOL,0.01885718,$2.74,-,-,"approved / SOL Interest Earned",2026-02-05 06:00:00
NXTpUMqcg17apRE6vhREEejB,Interest,,ADA,1.74353783,ADA,1.74353783,$1.22,-,-,"approved / ADA Interest Earned",2026-02-05 06:00:00
NXTYdIjAhdNWovb6NAQjVBkb7o0W9L,Exchange Cashback,,NEXO,3.53704309,NEXO,3.53704309,$5.08,-,-,"approved / 0.5 % on top of your Exchange transaction",2026-02-05 00:00:00
NXTiPMrqhIzKvYFsbwlxjtydElFFosx,Exchange Cashback,,EURX,3.48119090,EURX,3.48119090,$3.47,-,-,"approved / 0.25 % on top of your Exchange transaction",2026-02-05 00:00:00
NXTMThNaPap2wgYaz0vuKL7cyHyK1U,Interest,,BTC,0.00010920,BTC,0.00010920,$8.56,-,-,"approved / BTC Interest Earned",2026-02-04 06:00:00
NXTrcododgcAIZg0xpKVXfsSZ,Interest,,ETH,0.00370658,ETH,0.00370658,$8.13,-,-,"approved / ETH Interest Earned",2026-02-04 06:00:00
NXTgYnIQ4VqSiruiqKkojQVdblB6k,Interest,,NEXO,1.95423415,NEXO,1.95423415,$1.77,-,-,"approved / NEXO Interest Earned",2026-02-04 06:00:00
NXTodKEf5uVL8h69lrTGzExdVU3KCJwx4,Interest,,XRP,0.34668230,XRP,0.34668230,$0.26,-,-,"approved / XRP Interest Earned",2026-02-04 06:00:00
NXTCLy3odElh8A0keU4mljtLHDBCHTQmF,Interest,,LINK,0.05156425,LINK,0.05156425,$0.49,-,-,"approved / LINK Interest Earned",2026-02-04 06:00:00
NXTjljGnGWm6uSnLbiQV1s902Q9skujK,Interest,,DOGE,0.78812548,DOGE,0.78812548,$0.18,-,-,"approved / DOGE Interest Earned",2026-02-04 06:00:00
NXTBbPNnR4Rvr4RMlNCh51IY21mGF,Interest,,SOL,0.00858746,SOL,0.00858746,$1.84,-,-,"approved / SOL Interest Earned",2026-02-04 06:00:00
NXTe45bpcNqIwvF9v4ilRlaaA3ILsZyC,Interest,,ADA,1.89221993,ADA,1.89221993,$1.13,-,-,"approved / ADA Interest Earned",2026-02-04 06:00:00
NXTX1rn13JQy1Nt7QCVjeMM7ao2KIKH,Transfer In,,USDT,1090.94875886,USDT,1090.94875886,$1090.95,-,-,"approved / Transfer from Credit Line Wallet to Savings Wallet",2026-02-04 00:00:00
NXTSfagQBWsYxZH81GLB9nzVD9mNWy,Interest,,BTC,0.00031184,BTC,0.00031184,$25.42,-,-,"approved / BTC Interest Earned",2026-02-03 06:00:00
NXTSzyTRGDCtTGdsfMNkeRZTNb,Interest,,ETH,0.00476823,ETH,0.00476823,$14.68,-,-,"approved / ETH Interest Earned",2026-02-03 06:00:00
NXT9bt0siMXUsuwV6AtJ0Nzfc,Interest,,NEXO,0.71044328,NEXO,0.71044328,$0.90,-,-,"approved / NEXO Interest Earned",2026-02-03 06:00:00
NXTgGQv4gTV9uSmYQdUrtE4V9Y,Interest,,XRP,0.28329310,XRP,0.28329310,$0.38,-,-,"approved / XRP Interest Earned",2026-02-03 06:00:00
NXTgWLFziRjgp3cGe7aNEosmrzl9,Interest,,LINK,0.25935328,LINK,0.25935328,$5.36,-,-,"approved / LINK Interest Earned",2026-02-03 06:00:00
NXTpwrSNKH6ckjwSfQ7ov2DOP5,Interest,,DOGE,4.48958460,DOGE,4.48958460,$0.93,-,-,"approved / DOGE Interest Earned",2026-02-03 06:00:00
NXTtwyNUY9uOjkctSwYoV379LawGLD0kq,Interest,,SOL,0.01892694,SOL,0.01892694,$1.57,-,-,"approved / SOL Interest Earned",2026-02-03 06:00:00
NXTzX8PnwwowIGjqnIBGyIcvwSm1,Interest,,ADA,1.06250408,ADA,1.06250408,$0.30,-,-,"approved / ADA Interest Earned",2026-02-03 06:00:00
NXTLjQ46X8o0IEu3xibogFvnlyuwNBF48,Locking Term Deposit,,XRP,-920.20183215,XRP,920.20183215,$1380.30,-,-,"approved / Transfer from Savings Wallet to Term Wallet",2026-02-03 00:00:00
NXTSLU8215sAJMjcCWFQQr05fe7,Interest,,BTC,0.00008330,BTC,0.00008330,$6.19,-,-,"approved / BTC Interest Earned",2026-02-02 06:00:00
NXTFuFHDKcc1AIW8vHb2O9ZIP,Interest,,ETH,0.00481280,ETH,0.00481280,$14.13,-,-,"approved / ETH Interest Earned",2026-02-02 06:00:00
NXTJE17O9BQOMu94V2AbQqYT,Interest,,NEXO,0.77543633,NEXO,0.77543633,$1.06,-,-,"approved / NEXO Interest Earned",2026-02-02 06:00:00
NXTIhn1qlM8rDci4hQyO4tqAMw7Q3ZHEC,Interest,,XRP,0.05064626,XRP,0.05064626,$0.06,-,-,"approved / XRP Interest Earned",2026-02-02 06:00:00
NXT6GuiHbM1PcQzqCMPFY3i,Interest,,LINK,0.15926722,LINK,0.15926722,$3.67,-,-,"approved / LINK Interest Earned",2026-02-02 06:00:00
NXTt1Dvp9Z9WU50x7wwiFI6,Interest,,DOGE,3.55080626,DOGE,3.55080626,$0.43,-,-,"approved / DOGE Interest Earned",2026-02-02 06:00:00
NXTVq7Dky2FgcdvqNvprMvKN8rCrh,Interest,,SOL,0.04396327,SOL,0.04396327,$4.68,-,-,"approved / SOL Interest Earned",2026-02-02 06:00:00
NXTPxVDA4O0GKOmN1wMurlGgl2Or,Interest,,ADA,1.42838449,ADA,1.42838449,$0.86,-,-,"approved / ADA Interest Earned",2026-02-02 06:00:00
NXTv9hYZtrfLw5GNLo9Dk1ck4,Exchange,,LINK,-12.71491610,ETH,0.06357458,$190.72,0.11304370,LINK,"approved / Exchange LINK to ETH",2026-02-02 00:00:00
NXTSZabXBQR7EAHGhHplBEV,Interest,,BTC,0.00017057,BTC,0.00017057,$14.07,-,-,"approved / BTC Interest Earned",2026-02-01 06:00:00
NXTk4W5wr7UHxalwpgAZtgqgVOcgPCn,Interest,,ETH,0.00138428,ETH,0.00138428,$4.51,-,-,"approved / ETH Interest Earned",2026-02-01 06:00:00
NXTNZFO6tpI3agCe28R4xFuZ,Interest,,NEXO,1.31767063,NEXO,1.31767063,$1.68,-,-,"approved / NEXO Interest Earned",2026-02-01 06:00:00
NXTQrE4p4alX8UKjJcyZLVuU,Interest,,XRP,0.32070840,XRP,0.32070840,$0.69,-,-,"approved / XRP Interest Earned",2026-02-01 06:00:00
NXTCphztCiakIxA9caaJb11VFa,Interest,,LINK,0.06482144,LINK,0.06482144,$1.24,-,-,"approved / LINK Interest Earned",2026-02-01 06:00:00
NXTCj81TNWOMdUlCd1dVJkk2Kx,Interest,,DOGE,1.61343002,DOGE,1.61343002,$0.10,-,-,"approved / DOGE Interest Earned",2026-02-01 06:00:00
NXTqv8eJIBZQhTMkYK05PzuVoKRy,Interest,,SOL,0.03272937,SOL,0.03272937,$1.97,-,-,"approved / SOL Interest Earned",2026-02-01 06:00:00
NXTYEOMvfLVU6w0FC73OqOOYgAPbt4EmR,Interest,,ADA,1.16294695,ADA,1.16294695,$1.14,-,-,"approved / ADA Interest Earned",2026-02-01 06:00:00
NXTvcSOo17t3AwC1AQ1vzywu0YO,Withdrawal,,DOGE,-4752.58702395,DOGE,4752.58702395,$1188.15,-,-,"approved / DOGE withdrawal",2026-02-01 00:00:00
NXTmlYFfXkynpbVd64I8Y9a3FARgVFsRo,Interest,,BTC,0.00024084,BTC,0.00024084,$21.35,-,-,"approved / BTC Interest Earned",2026-01-31 06:00:00
NXT5hgBRGaGf9OCzAowfjzmOhaV6HG,Interest,,ETH,0.00229013,ETH,0.00229013,$5.87,-,-,"approved / ETH Interest Earned",2026-01-31 06:00:00
NXTgDo20AJlC8vtBxKJRSYnZxy3,Interest,,NEXO,0.92297358,NEXO,0.92297358,$1.01,-,-,"approved / NEXO Interest Earned",2026-01-31 06:00:00
NXTOOTbqS2vOdBOeNVM6TNnnOEEuKefNN,Interest,,XRP,0.06530297,XRP,0.06530297,$0.13,-,-,"approved / XRP Interest Earned",2026-01-31 06:00:00
NXTMoXFsy59YQ4WAHVfSTyPXl8Jd6Nn5q,Interest,,LINK,0.48949982,LINK,0.48949982,$6.14,-,-,"approved / LINK Interest Earned",2026-01-31 06:00:00
NXTAd9GBMU5ri3qRCiXErbzEiNiG,Interest,,DOGE,3.05341867,DOGE,3.05341867,$0.67,-,-,"approved / DOGE Interest Earned",2026-01-31 06:00:00
NXTL6k0gPIKIvGjiDmg5ufP,Interest,,SOL,0.03673902,SOL,0.03673902,$5.34,-,-,"approved / SOL Interest Earned",2026-01-31 06:00:00
NXTyyqpgB1p5CvlVs0yX6hKewCpQiI,Interest,,ADA,1.90688802,ADA,1.90688802,$1.49,-,-,"approved / ADA Interest Earned",2026-01-31 06:00:00
NXTpdFRGUdQMfmsdl7udz0I5DinNOTnzJ,Unlocking Term Deposit,,LINK,129.87209218,LINK,129.87209218,$1948.08,-,-,"approved / Transfer from Term Wallet to Savings Wallet",2026-01-31 05:00:00
NXTsWw6SEMCiay0x1BAZOKsLRDlyt,Top up Crypto,,ADA,1980.52347881,ADA,1980.52347881,$1386.37,-,-,"approved / 86bcb1b5131999f5ac7386296c43146c2651f7c116881189cd06cb8f38a24422",2026-01-31 00:00:00
NXT4oan3QQdSCA7TsIfGT2UIUsHr92,Locking Term Deposit,,LINK,-19.80804319,LINK,19.80804319,$297.12,-,-,"approved / Transfer from Savings Wallet to Term Wallet",2026-01-31 00:00:00
NXTQeLAwN1QsUNTZUvAPQxD,Interest,,BTC,0.00030596,BTC,0.00030596,$23.91,-,-,"approved / BTC Interest Earned",2026-01-30 06:00:00
NXTgHNBGYdJ1Pcv84cy3428mbyqHDE,Interest,,ETH,0.00453181,ETH,0.00453181,$18.08,-,-,"approved / ETH Interest Earned",2026-01-30 06:00:00
NXTNp3qQogD4OUaedmy4L8eyXph,Interest,,NEXO,1.26636733,NEXO,1.26636733,$1.05,-,-,"approved / NEXO Interest Earned",2026-01-30 06:00:00
NXTzAD9EJvBAiRbp73VlOexNGlu95,Interest,,XRP,0.24510044,XRP,0.24510044,$0.60,-,-,"approved / XRP Interest Earned",2026-01-30 06:00:00
NXTeT2Sq6IbsIPfEn0sZprhxXdC,Interest,,LINK,0.07673672,LINK,0.07673672,$1.85,-,-,"approved / LINK Interest Earned",2026-01-30 06:00:00
NXTG2kpHcCXbODYZSTOCTVqNQTHwUB,Interest,,DOGE,3.39752972,DOGE,3.39752972,$0.86,-,-,"approved / DOGE Interest Earned",2026-01-30 06:00:00
NXTyCTNU5V58ZbKMMZnZDrSykV,Interest,,SOL,0.00204313,SOL,0.00204313,$0.15,-,-,"approved / SOL Interest Earned",2026-01-30 06:00:00
NXTm2bLHbCcbyVvqvYWAsS6nif,Interest,,ADA,1.12228905,ADA,1.12228905,$0.59,-,-,"approved / ADA Interest Earned",2026-01-30 06:00:00
NXTis63htCFqXCG8fYDYT0Umoou6,Interest,,BTC,0.00010219,BTC,0.00010219,$8.94,-,-,"approved / BTC Interest Earned",2026-01-29 06:00:00
NXTfqXB7f1S6204VdzenHdO,Interest,,ETH,0.00326998,ETH,0.00326998,$12.98,-,-,"approved / ETH Interest Earned",2026-01-29 06:00:00
NXTPNwip9w3wAdYXnVr8CkqPeL,Interest,,NEXO,1.76851602,NEXO,1.76851602,$2.02,-,-,"approved / NEXO Interest Earned",2026-01-29 06:00:00
NXTRFL3QZ8vYqlN7AZH1XOE9f,Interest,,XRP,0.41994376,XRP,0.41994376,$0.62,-,-,"approved / XRP Interest Earned",2026-01-29 06:00:00
NXTrSX0pVWCqf1tx22iqVPtqSedMPNg,Interest,,LINK,0.39137514,LINK,0.39137514,$8.16,-,-,"approved / LINK Interest Earned",2026-01-29 06:00:00
NXTVCNjoahHxoVWqZhbtPd9WTnJ5,Interest,,DOGE,3.30906218,DOGE,3.30906218,$1.21,-,-,"approved / DOGE Interest Earned",2026-01-29 06:00:00
NXTp2vlbcVNVmlM2i3QVwv59Y3sExv,Interest,,SOL,0.00334373,SOL,0.00334373,$0.45,-,-,"approved / SOL Interest Earned",2026-01-29 06:00:00
NXTZYKLVmbQeHFVHGl26a0vl1F,Interest,,ADA,1.85581426,ADA,1.85581426,$1.43,-,-,"approved / ADA Interest Earned",2026-01-29 06:00:00
NXToiMEuBT3OLUk5vq6pgXHwUS,Exchange Cashback,,USDC,2.95018635,USDC,2.95018635,$3.51,-,-,"approved / 0.25 % on top of your Exchange transaction",2026-01-29 00:00:00
NXT6ekXr0uZLK5Dvy0UE6dN6v1,Interest,,BTC,0.00032682,BTC,0.00032682,$22.94,-,-,"approved / BTC Interest Earned",2026-01-28 06:00:00
NXTOw7dgyC79LXONUSi1xneA,Interest,,ETH,0.00488843,ETH,0.00488843,$13.99,-,-,"approved / ETH Interest Earned",2026-01-28 06:00:00
NXT8YbLuP5HMQ3m5GxKzrhPxqHAF9y2G,Interest,,NEXO,0.69585475,NEXO,0.69585475,$0.94,-,-,"approved / NEXO Interest Earned",2026-01-28 06:00:00
NXT49sHoKU3rdrsCldisvjIdLpZkD4C8,Interest,,XRP,0.26551817,XRP,0.26551817,$0.34,-,-,"approved / XRP Interest Earned",2026-01-28 06:00:00
NXT5xaBkI2oz6Lh4IOHDaSwg,Interest,,LINK,0.44243777,LINK,0.44243777,$4.72,-,-,"approved / LINK Interest Earned",2026-01-28 06:00:00
NXTZLkt8CL99QsPypVDDGlzBVG,Interest,,DOGE,3.09073703,DOGE,3.09073703,$1.00,-,-,"approved / DOGE Interest Earned",2026-01-28 06:00:00
NXTVyXhamUzsYFsLywZJCWns7X,Interest,,SOL,0.00443008,SOL,0.00443008,$1.05,-,-,"approved / SOL Interest Earned",2026-01-28 06:00:00
NXTuggCk4O0R1M34kabPkbpxbNyAzc5L2,Interest,,ADA,1.65253900,ADA,1.65253900,$1.93,-,-,"approved / ADA Interest Earned",2026-01-28 06:00:00
NXTtIgho9ZGckjBWDzq4MNfaKO0o,Dividend,,NEXO,48.54793847,NEXO,48.54793847,$62.84,-,-,"approved / Loyalty Dividend",2026-01-27 09:00:00
NXTRzJKAVsRKpn3zRPDZxW4F,Interest,,BTC,0.00032858,BTC,0.00032858,$23.53,-,-,"approved / BTC Interest Earned",2026-01-27 06:00:00
NXTDEGIQrvoe85FRBt24lM9ciqav0E,Interest,,ETH,0.00209095,ETH,0.00209095,$5.48,-,-,"approved / ETH Interest Earned",2026-01-27 06:00:00
NXTYku7I44VS7BzVKaZFY7sEfjLY6F,Interest,,NEXO,0.21825302,NEXO,0.21825302,$0.19,-,-,"approved / NEXO Interest Earned",2026-01-27 06:00:00
NXTaz0MK4aESFMmehskDwswc,Interest,,XRP,0.21889522,XRP,0.21889522,$0.23,-,-,"approved / XRP Interest Earned",2026-01-27 06:00:00
NXTwtsxNI8QPPUWy2utnSVZhJabAxh,Interest,,LINK,0.44930791,LINK,0.44930791,$6.14,-,-,"approved / LINK Interest Earned",2026-01-27 06:00:00
NXTOmexbQsRxCKFsoQ2xMBC0,Interest,,DOGE,4.45371677,DOGE,4.45371677,$1.66,-,-,"approved / DOGE Interest Earned",2026-01-27 06:00:00
NXTxlWlbm2HYtR7KxdR1TQF,Interest,,SOL,0.01873501,SOL,0.01873501,$2.14,-,-,"approved / SOL Interest Earned",2026-01-27 06:00:00
NXTrrbznsBuiUhIoBdkO3mb,Interest,,ADA,1.53981700,ADA,1.53981700,$1.14,-,-,"approved / ADA Interest Earned",2026-01-27 06:00:00
NXTUihg9C5kBpH2UTtr75Xzs39dgy,Interest,,BTC,0.00024596,BTC,0.00024596,$15.78,-,-,"approved / BTC Interest Earned",2026-01-26 06:00:00
NXTyDTa1GLnmhHwF9gxAG83XqeQc6,Interest,,ETH,0.00290206,ETH,0.00290206,$9.35,-,-,"approved / ETH Interest Earned",2026-01-26 06:00:00
NXTXlGkemQc6HnYZeIQGl4VKmUavO,Interest,,NEXO,0.34673267,NEXO,0.34673267,$0.35,-,-,"approved / NEXO Interest Earned",2026-01-26 06:00:00
NXTWoJOyEplDI8If25DiRNYWgevmJwF,Interest,,XRP,0.05147836,XRP,0.05147836,$0.12,-,-,"approved / XRP Interest Earned",2026-01-26 06:00:00
NXTmEzOpt4DGzjELaj4QGeub,Interest,,LINK,0.16208166,LINK,0.16208166,$3.84,-,-,"approved / LINK Interest Earned",2026-01-26 06:00:00
NXTeGPBNLH4J69W37XWOGqJptZAGj6W,Interest,,DOGE,3.14447071,DOGE,3.14447071,$0.70,-,-,"approved / DOGE Interest Earned",2026-01-26 06:00:00
NXTYz1fA3ZWj9YyIeJxcfRej3as,Interest,,SOL,0.00309414,SOL,0.00309414,$0.19,-,-,"approved / SOL Interest Earned",2026-01-26 06:00:00
NXTcIUhItulYH8Ae5XiC8bzVL,Interest,,ADA,0.29986733,ADA,0.29986733,$0.36,-,-,"approved / ADA Interest Earned",2026-01-26 06:00:00
NXTGjuNhSPBjmasEWakku4OepfA9H4v5,Interest,,BTC,0.00047743,BTC,0.00047743,$38.84,-,-,"approved / BTC Interest Earned",2026-01-25 06:00:00
NXTfp8MvIIIBMn0UM4b4V7k,Interest,,ETH,0.00271304,ETH,0.00271304,$6.61,-,-,"approved / ETH Interest Earned",2026-01-25 06:00:00
NXTAgYW6rrz6DqIwk3I5dQO96p97,Interest,,NEXO,1.21158116,NEXO,1.21158116,$1.52,-,-,"approved / NEXO Interest Earned",2026-01-25 06:00:00
NXT22JkAaGMVgoPjQip6PSVuIH71I0,Interest,,XRP,0.31115710,XRP,0.31115710,$0.23,-,-,"approved / XRP Interest Earned",2026-01-25 06:00:00
NXT1YV20vaAnaPndIGbTNCyiQe1hbaE,Interest,,LINK,0.06589552,LINK,0.06589552,$0.83,-,-,"approved / LINK Interest Earned",2026-01-25 06:00:00
NXTvE8VvRbB693pCAmNpV5tXzAt4MIlz,Interest,,DOGE,0.95697360,DOGE,0.95697360,$0.23,-,-,"approved / DOGE Interest Earned",2026-01-25 06:00:00
NXT76EcPNePczVQ85qQtbBG1j,Interest,,SOL,0.00903918,SOL,0.00903918,$1.21,-,-,"approved / SOL Interest Earned",2026-01-25 06:00:00
NXTYHNUcvSfgXjq1AopPCHe8Gqrl1,Interest,,ADA,1.19686917,ADA,1.19686917,$0.88,-,-,"approved / ADA Interest Earned",2026-01-25 06:00:00
NXTKnYhRkR7FTtqYR2yvVDC87VF3O2,Exchange Cashback,,EURX,0.72456132,EURX,0.72456132,$0.61,-,-,"approved / 0.25 % on top of your Exchange transaction",2026-01-25 00:00:00
NXT5qOal7e36WdbeVxlXjKdp3,Exchange,,ADA,-166.67780135,USDC,116.67446095,$116.67,1.61728070,ADA,"approved / Exchange ADA to USDC",2026-01-25 00:00:00
NXTLkzbqxiC2f3gJn5b3eL0UdyNj,Interest,,BTC,0.00005503,BTC,0.00005503,$3.45,-,-,"approved / BTC Interest Earned",2026-01-24 06:00:00
NXTP7k0OI0Zte4rMfRYcCiEcUw,Interest,,ETH,0.00294448,ETH,0.00294448,$5.43,-,-,"approved / ETH Interest Earned",2026-01-24 06:00:00
NXTaT3Q3vomb7SAuetZq6Ec3PY6gnhK,Interest,,NEXO,1.42260548,NEXO,1.42260548,$1.71,-,-,"approved / NEXO Interest Earned",2026-01-24 06:00:00
NXTZZj8Df0uNAuodXn87wrngtFRbIgix,Interest,,XRP,0.24940854,XRP,0.24940854,$0.13,-,-,"approved / XRP Interest Earned",2026-01-24 06:00:00
NXTAohyaZbJV4w0FPSs1rkggOLi,Interest,,LINK,0.21226090,LINK,0.21226090,$1.65,-,-,"approved / LINK Interest Earned",2026-01-24 06:00:00
NXTgG5aU0gEvCv4U5y4Dvby2OPP4,Interest,,DOGE,1.26132049,DOGE,1.26132049,$0.12,-,-,"approved / DOGE Interest Earned",2026-01-24 06:00:00
NXTTPvHUNZNWkia068eboWvrxs,Interest,,SOL,0.03173743,SOL,0.03173743,$2.80,-,-,"approved / SOL Interest Earned",2026-01-24 06:00:00
NXTh466udsJw77dM38SvD8A4iBipzf,Interest,,ADA,0.57979067,ADA,0.57979067,$0.58,-,-,"approved / ADA Interest Earned",2026-01-24 06:00:00
NXTGzYRk0uUGRyrDeAcOhpvavg,Credit Card Withdrawal Credit,Card,xUSD,-69.68000000,xUSD,69.68000000,$69.68,-,-,"authorized / Nexo Card Loan Withdrawal",2026-01-24 00:00:00
NXTX2VuuYvuxAGj9HanAloLiUkxjhH,Exchange Credit,Card,xUSD,-69.68000000,EURX,64.70000000,$69.68,-,-,"authorized / Nexo Card Loan Withdrawal",2026-01-24 00:00:00
NXTa1X2gEfbDx5ToAB8iGGED,Nexo Card Purchase,Card,xUSD,-69.68000000,EURX,64.70000000,$69.68,-,-,"approved / STARBUCKS | NEW YORK",2026-01-24 00:00:00
NXTDVSA4toL3Evlnv3sIth7xlOdOX,Cashback,,NEXO,0.47413442,NEXO,0.47413442,$0.70,-,-,"approved / STARBUCKS | NEW YORK",2026-01-24 00:00:00
NXTbAUNwFCnbdviPzU6P89xbfmi6U9,Interest,,BTC,0.00010274,BTC,0.00010274,$8.80,-,-,"approved / BTC Interest Earned",2026-01-23 06:00:00
NXTZ26B5U0HRATf99KDG1Q0p,Interest,,ETH,0.00146762,ETH,0.00146762,$3.70,-,-,"approved / ETH Interest Earned",2026-01-23 06:00:00
NXTTekjWnOLXuQwmNXyXujux6jH2mrz,Interest,,NEXO,0.45019107,NEXO,0.45019107,$0.65,-,-,"approved / NEXO Interest Earned",2026-01-23 06:00:00
NXTKQxndeQ6cTJXmLvcx0mSMe,Interest,,XRP,0.16537566,XRP,0.16537566,$0.16,-,-,"approved / XRP Interest Earned",2026-01-23 06:00:00
NXTaRExEXUpONwLOOzkMQxsitHHKX,Interest,,LINK,0.11556640,LINK,0.11556640,$1.97,-,-,"approved / LINK Interest Earned",2026-01-23 06:00:00
NXT3VGxbe2agKk7RbWzbO8PrWqXEW0k,Interest,,DOGE,0.50752067,DOGE,0.50752067,$0.22,-,-,"approved / DOGE Interest Earned",2026-01-23 06:00:00
NXT90nI7WeKQFXo3RcKD8uVFWkII7e,Interest,,SOL,0.04308527,SOL,0.04308527,$8.24,-,-,"approved / SOL Interest Earned",2026-01-23 06:00:00
NXTCLSQoh7wQtadQgeGBUtR1EtH,Interest,,ADA,1.09865785,ADA,1.09865785,$1.05,-,-,"approved / ADA Interest Earned",2026-01-23 06:00:00
NXTaFpyBnZCY3tIBlrxkRrhCWkn5Yla,Fixed Term Interest,,XRP,22.27937335,XRP,22.27937335,$28.84,-,-,"approved / Term Deposit Interest",2026-01-23 05:00:00
NXTMeKVbmfQc89VXw5cDW1iZ1,Transfer Out,,ETH,-0.54862290,ETH,0.54862290,$1645.87,-,-,"approved / Transfer from Savings Wallet to Credit Line Wallet",2026-01-23 00:00:00
NXTK2w0KGk0js9fqhZBi6HdOYHm8lHaAy,Transfer Out,,USDT,-1090.94875886,USDT,1090.94875886,$1090.95,-,-,"approved / Transfer from Savings Wallet to Credit Line Wallet",2026-01-23 00:00:00
NXTaYmV6x1TfZxVGebjH6Uz6NZYh,Interest,,BTC,0.00040904,BTC,0.00040904,$32.99,-,-,"approved / BTC Interest Earned",2026-01-22 06:00:00
NXTdrNPWOxJNDHXhOLwFeoYXb3Ks,Interest,,ETH,0.00157989,ETH,0.00157989,$3.15,-,-,"approved / ETH Interest Earned",2026-01-22 06:00:00
NXTdvXegVM4EJf1Me8jWHdM0AQN,Interest,,NEXO,1.49395343,NEXO,1.49395343,$1.49,-,-,"approved / NEXO Interest Earned",2026-01-22 06:00:00
NXTtf3ASfDCjLka3DIbTUvj9aMD,Interest,,XRP,0.42208929,XRP,0.42208929,$0.63,-,-,"approved / XRP Interest Earned",2026-01-22 06:00:00
NXTRk9cdfdW1fvIAVQLNDq7LK015,Interest,,LINK,0.37025990,LINK,0.37025990,$6.37,-,-,"approved / LINK Interest Earned",2026-01-22 06:00:00
NXTJfi1zn5Z8BURDGJ0kFoOwwmrHloNh,Interest,,DOGE,1.31517371,DOGE,1.31517371,$0.27,-,-,"approved / DOGE Interest Earned",2026-01-22 06:00:00
NXTzrg71gMVww8j5DaVLpC3Yj8nrpi,Interest,,SOL,0.01635413,SOL,0.01635413,$3.69,-,-,"approved / SOL Interest Earned",2026-01-22 06:00:00
NXTX2uBIE2xaR1uuG9sGMsDQjxwvBl,Interest,,ADA,1.50364913,ADA,1.50364913,$1.19,-,-,"approved / ADA Interest Earned",2026-01-22 06:00:00
NXTVipgFswTf4TT36VocMl3EQgCYv,Exchange Cashback,,EURX,0.69469099,EURX,0.69469099,$0.91,-,-,"approved / 1 % on top of your Exchange transaction",2026-01-22 00:00:00
NXTJOxdfDhAiytTLE6TIDTOvwar3,Liquidation,,LINK,-21.38169737,LINK,21.38169737,$320.73,-,-,"approved / Liquidation",2026-01-22 00:00:00
NXTunE39mTCJZk27r0xlyFL,Interest,,BTC,0.00010471,BTC,0.00010471,$8.53,-,-,"approved / BTC Interest Earned",2026-01-21 06:00:00
NXTkqXHiOBBlg1sOqWhRxq8J8VxN,Interest,,ETH,0.00192767,ETH,0.00192767,$3.88,-,-,"approved / ETH Interest Earned",2026-01-21 06:00:00
NXT76SiE6ev0oNGaBtgHvOh,Interest,,NEXO,1.37135035,NEXO,1.37135035,$1.63,-,-,"approved / NEXO Interest Earned",2026-01-21 06:00:00
NXTGC9DJqZxA4MXTQX8Sdqqaf9yxCRCzN,Interest,,XRP,0.06373305,XRP,0.06373305,$0.05,-,-,"approved / XRP Interest Earned",2026-01-21 06:00:00
NXTU2SKD8fdaGMXXjpLs2VltEbzg,Interest,,LINK,0.39638975,LINK,0.39638975,$9.37,-,-,"approved / LINK Interest Earned",2026-01-21 06:00:00
NXT03nZam2sHaEGNZjm5Xxvdg0,Interest,,DOGE,2.18843294,DOGE,2.18843294,$0.84,-,-,"approved / DOGE Interest Earned",2026-01-21 06:00:00
NXTdA1dJqhOJ1DLPgJrBJMPIqAejL5nF,Interest,,SOL,0.02215971,SOL,0.02215971,$1.09,-,-,"approved / SOL Interest Earned",2026-01-21 06:00:00
NXTSCIFFpnvzGyQ9BpF6o26JB3p,Interest,,ADA,1.52682265,ADA,1.52682265,$1.17,-,-,"approved / ADA Interest Earned",2026-01-21 06:00:00
NXT936iNVS4DWWXnVgXzMX1bKBs,Interest,,BTC,0.00014836,BTC,0.00014836,$12.57,-,-,"approved / BTC Interest Earned",2026-01-20 06:00:00
NXTJpxqhFAF7DW71lFevwIJw0,Interest,,ETH,0.00492931,ETH,0.00492931,$16.13,-,-,"approved / ETH Interest Earned",2026-01-20 06:00:00
NXTQvx7O9nmqd1QFb0n6ouOo5HW,Interest,,NEXO,1.10470394,NEXO,1.10470394,$1.09,-,-,"approved / NEXO Interest Earned",2026-01-20 06:00:00
NXTbD9ThGegeyNfOepV8FnC8dd1BM6SN,Interest,,XRP,0.46237107,XRP,0.46237107,$1.02,-,-,"approved / XRP Interest Earned",2026-01-20 06:00:00
NXTlz5S22mACaVLdTcF9UNB5EP,Interest,,LINK,0.46968924,LINK,0.46968924,$6.25,-,-,"approved / LINK Interest Earned",2026-01-20 06:00:00
NXTMMZmJgGwq1YHnFw83jkYUbA,Interest,,DOGE,1.23386978,DOGE,1.23386978,$0.54,-,-,"approved / DOGE Interest Earned",2026-01-20 06:00:00
NXTStDr0HTEgNTlm8B6oXnsE32MAfCwd,Interest,,SOL,0.04597902,SOL,0.04597902,$2.07,-,-,"approved / SOL Interest Earned",2026-01-20 06:00:00
NXTWkGtLI3YPU2dahhuFO2W,Interest,,ADA,0.31386303,ADA,0.31386303,$0.08,-,-,"approved / ADA Interest Earned",2026-01-20 06:00:00
NXT9CD1VRaDGhJmWYiztfhNuG,Transfer In,,USDT,1423.47431549,USDT,1423.47431549,$1423.47,-,-,"approved / Transfer from Credit Line Wallet to Savings Wallet",2026-01-20 00:00:00
NXTv1DAbta4GSy3VuBzxhME,Interest,,BTC,0.00023030,BTC,0.00023030,$19.64,-,-,"approved / BTC Interest Earned",2026-01-19 06:00:00
NXTNtv0juWyklL9k8AMcPg9qokS5,Interest,,ETH,0.00347992,ETH,0.00347992,$13.30,-,-,"approved / ETH Interest Earned",2026-01-19 06:00:00
NXTnoimHUGiw2AFAI38dwxqIItE5RZJ,Interest,,NEXO,1.15848672,NEXO,1.15848672,$1.47,-,-,"approved / NEXO Interest Earned",2026-01-19 06:00:00
NXTwObTjA11NcXeLc4fcgyZKuvtScf210,Interest,,XRP,0.23468836,XRP,0.23468836,$0.33,-,-,"approved / XRP Interest Earned",2026-01-19 06:00:00
NXTT1OjY4tYiPIF3QZdVmg9xVy2cBM,Interest,,LINK,0.10863187,LINK,0.10863187,$2.17,-,-,"approved / LINK Interest Earned",2026-01-19 06:00:00
NXT1YfPpNw6zk894ptJtPu4P,Interest,,DOGE,3.55440011,DOGE,3.55440011,$0.77,-,-,"approved / DOGE Interest Earned",2026-01-19 06:00:00
NXT8r3PqfzjxJvS87HEwNI5ITdSP,Interest,,SOL,0.04581248,SOL,0.04581248,$1.59,-,-,"approved / SOL Interest Earned",2026-01-19 06:00:00
NXTT0koXg5qo4p7i7CrNroSjRvCA4EN,Interest,,ADA,1.77504717,ADA,1.77504717,$0.72,-,-,"approved / ADA Interest Earned",2026-01-19 06:00:00
NXTgCQzCx2atLqQeghJytIp,Exchange Cashback,,USDC,1.43689224,USDC,1.43689224,$1.52,-,-,"approved / 0.25 % on top of your Exchange transaction",2026-01-19 00:00:00
NXTexEhwOBZ82Da2la60DXzGq7Etb0,Withdrawal,,XRP,-690.76078612,XRP,690.76078612,$1036.14,-,-,"approved / XRP withdrawal",2026-01-19 00:00:00
NXT6Plmd8wmYBjZ0mm0Mit9enAJ1AmAQ,Interest,,BTC,0.00042031,BTC,0.00042031,$28.21,-,-,"approved / BTC Interest Earned",2026-01-18 06:00:00
NXTQKXxAVwUK94xoO8HMJ2WoPcmr,Interest,,ETH,0.00137731,ETH,0.00137731,$4.65,-,-,"approved / ETH Interest Earned",2026-01-18 06:00:00
NXTQGVgJajbTOEqbtWHBxFCYOy,Interest,,NEXO,1.63985451,NEXO,1.63985451,$1.55,-,-,"approved / NEXO Interest Earned",2026-01-18 06:00:00
NXTTL7mFw8EG0W8jl0IbL9HsENCgQy,Interest,,XRP,0.38219994,XRP,0.38219994,$0.53,-,-,"approved / XRP Interest Earned",2026-01-18 06:00:00
NXTMXZzlC5QFO2HJax2yXQG2jKt1wHqt5,Interest,,LINK,0.09694068,LINK,0.09694068,$1.62,-,-,"approved / LINK Interest Earned",2026-01-18 06:00:00
NXTBiNgLW9BncdnIaH02q49IcY63HlzXH,Interest,,DOGE,2.40030390,DOGE,2.40030390,$0.87,-,-,"approved / DOGE Interest Earned",2026-01-18 06:00:00
NXTidge9QAATstN2DQnbEI0nG5Nu5ogz2,Interest,,SOL,0.04597895,SOL,0.04597895,$5.97,-,-,"approved / SOL Interest Earned",2026-01-18 06:00:00
NXT9eWtHNoTmeY8hDu8qKrSpZEH,Interest,,ADA,1.09918063,ADA,1.09918063,$0.79,-,-,"approved / ADA Interest Earned",2026-01-18 06:00:00
NXT8MR97kyB0WvN6arcWSr5,Exchange,,LINK,-25.29747872,ETH,0.12648739,$379.46,0.03039113,LINK,"approved / Exchange LINK to ETH",2026-01-18 00:00:00
NXTgj7UMHm7C8WdGJkVvKqrC2,Interest,,BTC,0.00001523,BTC,0.00001523,$1.25,-,-,"approved / BTC Interest Earned",2026-01-17 06:00:00
NXT9HfPkUXdnfaIcwZcezOSTyod35M2,Interest,,ETH,0.00225986,ETH,0.00225986,$8.05,-,-,"approved / ETH Interest Earned",2026-01-17 06:00:00
NXTBxeRjJ28Hy2l1dWp1FlidjurcI,Interest,,NEXO,1.28322142,NEXO,1.28322142,$1.31,-,-,"approved / NEXO Interest Earned",2026-01-17 06:00:00
NXTqLI5YY41Eg04NrhddayHF97oSYI7U,Interest,,XRP,0.47535694,XRP,0.47535694,$0.21,-,-,"approved / XRP Interest Earned",2026-01-17 06:00:00
NXTZSaHR7Ecr1QDMar28N6UYdDhO,Interest,,LINK,0.17449395,LINK,0.17449395,$1.25,-,-,"approved / LINK Interest Earned",2026-01-17 06:00:00
NXTAw9a6c5X3hM5uEsnHWHltxFFWBv,Interest,,DOGE,3.09627439,DOGE,3.09627439,$0.38,-,-,"approved / DOGE Interest Earned",2026-01-17 06:00:00
NXT7wtwdljDfBFP8vSh8MQ2Nf,Interest,,SOL,0.01196109,SOL,0.01196109,$0.28,-,-,"approved / SOL Interest Earned",2026-01-17 06:00:00
NXTgbSZENcr8eALZnVDRjWI3KBF,Interest,,ADA,0.14657445,ADA,0.14657445,$0.14,-,-,"approved / ADA Interest Earned",2026-01-17 06:00:00
NXTSOKCaX7zBTuGYeHgl5LYns,Fixed Term Interest,,NEXO,24.54000521,NEXO,24.54000521,$30.30,-,-,"approved / Term Deposit Interest",2026-01-17 05:00:00
NXTq93Q1bpVgK3clmYhMFDIf,Unlocking Term Deposit,,NEXO,1817.59044941,NEXO,1817.59044941,$1999.35,-,-,"approved / Transfer from Term Wallet to Savings Wallet",2026-01-17 05:00:00
NXTEdzrrdxJcFNteij2oHQAmH,Exchange Cashback,,EURX,2.34132813,EURX,2.34132813,$2.83,-,-,"approved / 0.5 % on top of your Exchange transaction",2026-01-17 00:00:00
NXTANOR8yR8vHeZpoIOh590QXNs5,Exchange,,ADA,-708.28949661,USDC,495.80264763,$495.80,2.01427406,ADA,"approved / Exchange ADA to USDC",2026-01-17 00:00:00
NXT3Pbhusy07fndcRePCJf6w6X,Interest,,BTC,0.00004868,BTC,0.00004868,$3.28,-,-,"approved / BTC Interest Earned",2026-01-16 06:00:00
NXTRR98nnZDNc02g2rkjZ8Mj,Interest,,ETH,0.00499517,ETH,0.00499517,$9.07,-,-,"approved / ETH Interest Earned",2026-01-16 06:00:00
NXT3aaeGu0K5d4tf6pHcrDdI09csd3U5R,Interest,,NEXO,1.74364645,NEXO,1.74364645,$2.55,-,-,"approved / NEXO Interest Earned",2026-01-16 06:00:00
NXTzZjzWXRq5U9Lz0pF3xtvZkt1Ux2PQz,Interest,,XRP,0.30747857,XRP,0.30747857,$0.33,-,-,"approved / XRP Interest Earned",2026-01-16 06:00:00
NXTupgGEEXsIWxwI6JP1vEIyTx73qT,Interest,,LINK,0.09933315,LINK,0.09933315,$1.97,-,-,"approved / LINK Interest Earned",2026-01-16 06:00:00
NXTUM5VUENGdvcuhBFzVkF26Bsp,Interest,,DOGE,0.91133844,DOGE,0.91133844,$0.16,-,-,"approved / DOGE Interest Earned",2026-01-16 06:00:00
NXThj4a8OeOcH3nwDPnUWyTQthCfcXA,Interest,,SOL,0.02113805,SOL,0.02113805,$3.28,-,-,"approved / SOL Interest Earned",2026-01-16 06:00:00
NXTv7SHa34IlrwCgM5DcAifTXkVs1q,Interest,,ADA,0.25262289,ADA,0.25262289,$0.26,-,-,"approved / ADA Interest Earned",2026-01-16 06:00:00
NXTTNAyo5YHWlCQsHNV7XrQc7,Interest,,BTC,0.00014362,BTC,0.00014362,$13.33,-,-,"approved / BTC Interest Earned",2026-01-15 06:00:00
NXTAnEWQprg9IeglQKbZDkLv,Interest,,ETH,0.00321421,ETH,0.00321421,$8.86,-,-,"approved / ETH Interest Earned",2026-01-15 06:00:00
NXTADdMidPbdn0tTbmVsl9JSUrrI,Interest,,NEXO,0.28830616,NEXO,0.28830616,$0.35,-,-,"approved / NEXO Interest Earned",2026-01-15 06:00:00
NXTN4MhRJs3cegjCLfAwv8ObloYUdw78,Interest,,XRP,0.09062912,XRP,0.09062912,$0.11,-,-,"approved / XRP Interest Earned",2026-01-15 06:00:00
NXTjJ5ZImD2P2rjFxDDtIWdpYT2,Interest,,LINK,0.35598927,LINK,0.35598927,$6.51,-,-,"approved / LINK Interest Earned",2026-01-15 06:00:00
NXT9JYyw6umAMj1OsVFQi7SV,Interest,,DOGE,2.63704158,DOGE,2.63704158,$0.30,-,-,"approved / DOGE Interest Earned",2026-01-15 06:00:00
NXT2GZ1ekGBkEpWxMdbx2WL17xlUgtn,Interest,,SOL,0.02488339,SOL,0.02488339,$5.78,-,-,"approved / SOL Interest Earned",2026-01-15 06:00:00
NXTrqRaXJiWrWpd5AB5syXt,Interest,,ADA,1.36486876,ADA,1.36486876,$0.41,-,-,"approved / ADA Interest Earned",2026-01-15 06:00:00
NXTfojKprR7iZJVP9Tb465TKqzTy0GC1o,Locking Term Deposit,,ETH,-0.27196023,ETH,0.27196023,$815.88,-,-,"approved / Transfer from Savings Wallet to Term Wallet",2026-01-15 00:00:00
NXTL84yHDsFB6wkVruHUFYFOqI5fgg,Exchange,,DOGE,-1710.04272785,BTC,0.00534388,$427.51,14.91705234,DOGE,"approved / Exchange DOGE to BTC",2026-01-15 00:00:00
NXTvQxIhJLtg6BZ0WpNQDX18P2YZg,Interest,,BTC,0.00009361,BTC,0.00009361,$8.54,-,-,"approved / BTC Interest Earned",2026-01-14 06:00:00
NXTWjpKydw7gF5rKrVNLVpt6Hl,Interest,,ETH,0.00067941,ETH,0.00067941,$2.79,-,-,"approved / ETH Interest Earned",2026-01-14 06:00:00
NXT1X1NqUQV5KSWCS8f14sG5,Interest,,NEXO,1.79999069,NEXO,1.79999069,$1.52,-,-,"approved / NEXO Interest Earned",2026-01-14 06:00:00
NXTJtvVH3o8JNrTXEb7UDPP,Interest,,XRP,0.49660402,XRP,0.49660402,$0.22,-,-,"approved / XRP Interest Earned",2026-01-14 06:00:00
NXTDmGtqjggHhhHBBYARydLKL3kZhJOn,Interest,,LINK,0.26480342,LINK,0.26480342,$5.63,-,-,"approved / LINK Interest Earned",2026-01-14 06:00:00
NXT00GwUBJbxOTn3KP8EP1WDDZgcX0,Interest,,DOGE,2.51746004,DOGE,2.51746004,$1.00,-,-,"approved / DOGE Interest Earned",2026-01-14 06:00:00
NXT89URw7prNWQ2tYiyNE6qUq,Interest,,SOL,0.02393545,SOL,0.02393545,$5.79,-,-,"approved / SOL Interest Earned",2026-01-14 06:00:00
NXTOyZUzpuqlR8bJvnaBDTiMRiyuFIdSK,Interest,,ADA,0.73960105,ADA,0.73960105,$0.42,-,-,"approved / ADA Interest Earned",2026-01-14 06:00:00
NXThnmdpqk0tb12atowOFimqSPWbIlO,Interest,,BTC,0.00044507,BTC,0.00044507,$39.23,-,-,"approved / BTC Interest Earned",2026-01-13 06:00:00
NXTXi4rD8V7FTnexVg2YoUB,Interest,,ETH,0.00154554,ETH,0.00154554,$6.46,-,-,"approved / ETH Interest Earned",2026-01-13 06:00:00
NXT3d3Rn4fJ9SR99KunKET0pdEM8a6ENn,Interest,,NEXO,0.13066017,NEXO,0.13066017,$0.14,-,-,"approved / NEXO Interest Earned",2026-01-13 06:00:00
NXTida9xiDXyZBQhAqDj25dAuiObSnY6,Interest,,XRP,0.23637590,XRP,0.23637590,$0.50,-,-,"approved / XRP Interest Earned",2026-01-13 06:00:00
NXTY94UcvIPL0t8t5HJUW0H,Interest,,LINK,0.33092226,LINK,0.33092226,$2.74,-,-,"approved / LINK Interest Earned",2026-01-13 06:00:00
NXTrA6B9RHeTq9ctd7wf3wQuE9a,Interest,,DOGE,4.10329521,DOGE,4.10329521,$1.74,-,-,"approved / DOGE Interest Earned",2026-01-13 06:00:00
NXTOXLKp5bnpMscTHyDJ0WqAtp8a3,Interest,,SOL,0.03956613,SOL,0.03956613,$1.25,-,-,"approved / SOL Interest Earned",2026-01-13 06:00:00
NXTpwMxXs8Yvwb9IL1yiBd7GRLTfF,Interest,,ADA,0.17107917,ADA,0.17107917,$0.09,-,-,"approved / ADA Interest Earned",2026-01-13 06:00:00
NXTxOOLpVDfAVj6ZeYRXtpaIDf,Interest,,BTC,0.00012782,BTC,0.00012782,$8.87,-,-,"approved / BTC Interest Earned",2026-01-12 06:00:00
NXTyJBNTwJuW6cv5jeqTyFym2L3rANfv,Interest,,ETH,0.00386435,ETH,0.00386435,$11.76,-,-,"approved / ETH Interest Earned",2026-01-12 06:00:00
NXTZWlEO3b89UdFmVjPh6uiIW2m7lyEvZ,Interest,,NEXO,0.61187608,NEXO,0.61187608,$0.84,-,-,"approved / NEXO Interest Earned",2026-01-12 06:00:00
NXT63hkCh7frkOEitER1lWPtjLlB,Interest,,XRP,0.36879972,XRP,0.36879972,$0.31,-,-,"approved / XRP Interest Earned",2026-01-12 06:00:00
NXTwFeRrv8P9i7Xo1N41Jw0Q,Interest,,LINK,0.15730694,LINK,0.15730694,$2.38,-,-,"approved / LINK Interest Earned",2026-01-12 06:00:00
NXTnsWECvjGMAQ4hjogONomgDl6Plq8r,Interest,,DOGE,2.71263383,DOGE,2.71263383,$0.81,-,-,"approved / DOGE Interest Earned",2026-01-12 06:00:00
NXTS2kiTl14IWGtRXdVVJmZgD98,Interest,,SOL,0.02673828,SOL,0.02673828,$5.52,-,-,"approved / SOL Interest Earned",2026-01-12 06:00:00
NXTmMh6gYTlxda9KBxMeBHqLIVpaBrO,Interest,,ADA,1.16752823,ADA,1.16752823,$0.78,-,-,"approved / ADA Interest Earned",2026-01-12 06:00:00
NXTujdgUyGnZN3USvbIko4R3gHObe,Exchange,,EURX,-270.81606030,USDC,292.48134512,$292.48,0.80761345,EURX,"approved / Exchange EURX to USDC",2026-01-12 00:00:00
NXTxkw6mawnafXkaElPsyjoHyhu6,Withdrawal,,ETH,-0.42059197,ETH,0.42059197,$1261.78,-,-,"approved / ETH withdrawal",2026-01-12 00:00:00
NXTVXowX9wwDAwqo6jl5GUDgyuAkK,Interest,,BTC,0.00041672,BTC,0.00041672,$36.87,-,-,"approved / BTC Interest Earned",2026-01-11 06:00:00
NXTBrPJwfujS1MMZRQvyhG6GR0GYhY,Interest,,ETH,0.00485088,ETH,0.00485088,$13.00,-,-,"approved / ETH Interest Earned",2026-01-11 06:00:00
NXT8t7fpShsXtwszn45B5D0Sf3azLt,Interest,,NEXO,1.15229240,NEXO,1.15229240,$1.12,-,-,"approved / NEXO Interest Earned",2026-01-11 06:00:00
NXTvTap3OX5z4Cxm2hPCG1PGZfk67Dx,Interest,,XRP,0.47476905,XRP,0.47476905,$0.84,-,-,"approved / XRP Interest Earned",2026-01-11 06:00:00
NXTbJP054siyd3BYjsh1mVk,Interest,,LINK,0.47975832,LINK,0.47975832,$6.72,-,-,"approved / LINK Interest Earned",2026-01-11 06:00:00
NXTZp9tsyBrUjo0N32hee5qd,Interest,,DOGE,4.82177256,DOGE,4.82177256,$1.62,-,-,"approved / DOGE Interest Earned",2026-01-11 06:00:00
NXTYgRMo4AteUrpl5gA1JtAWOrf2D9O5,Interest,,SOL,0.02640745,SOL,0.02640745,$6.54,-,-,"approved / SOL Interest Earned",2026-01-11 06:00:00
NXTUWNUaELQNHJQtUdIVoagPN7NEZ,Interest,,ADA,1.31953534,ADA,1.31953534,$0.69,-,-,"approved / ADA Interest Earned",2026-01-11 06:00:00
NXTeLQqnCjagTIbvkpofwGcLPP,Exchange Cashback,,EURX,0.95098272,EURX,0.95098272,$1.34,-,-,"approved / 0.5 % on top of your Exchange transaction",2026-01-11 00:00:00
NXTunuKGPi1IKnyyzb1DtS7MHv4KwDT,Locking Term Deposit,,LINK,-88.28459702,LINK,88.28459702,$1324.27,-,-,"approved / Transfer from Savings Wallet to Term Wallet",2026-01-11 00:00:00
NXTJfPWaAlSvrci4OYt7ILi5uNIR,Interest,,BTC,0.00013744,BTC,0.00013744,$8.66,-,-,"approved / BTC Interest Earned",2026-01-10 06:00:00
NXTgXpczeGcuDMK5biMGc9Dv1Ay5dHzfy,Interest,,ETH,0.00440971,ETH,0.00440971,$17.40,-,-,"approved / ETH Interest Earned",2026-01-10 06:00:00
NXThc7DmG8frmbML7bd0Tyyca,Interest,,NEXO,1.86697866,NEXO,1.86697866,$2.37,-,-,"approved / NEXO Interest Earned",2026-01-10 06:00:00
NXTEFuOMS0MdkohukKZkJPkVpgK,Interest,,XRP,0.12977210,XRP,0.12977210,$0.23,-,-,"approved / XRP Interest Earned",2026-01-10 06:00:00
NXT63E2sNFytLCdDNZk8UnzLGDv8OOr4H,Interest,,LINK,0.43407098,LINK,0.43407098,$4.66,-,-,"approved / LINK Interest Earned",2026-01-10 06:00:00
NXT2ECbKThWf2XV9RaloXxA,Interest,,DOGE,2.92848128,DOGE,2.92848128,$0.59,-,-,"approved / DOGE Interest Earned",2026-01-10 06:00:00
NXTfzfMm5ml0A9YxQm9UixZ,Interest,,SOL,0.02160570,SOL,0.02160570,$0.53,-,-,"approved / SOL Interest Earned",2026-01-10 06:00:00
NXTs47laDQhXsCTcVLNwILSa,Interest,,ADA,0.53075958,ADA,0.53075958,$0.19,-,-,"approved / ADA Interest Earned",2026-01-10 06:00:00
NXTsfdIv6n2zYFRfHc7b70gLE,Fixed Term Interest,,LINK,7.78910240,LINK,7.78910240,$185.69,-,-,"approved / Term Deposit Interest",2026-01-10 05:00:00
NXTCIC4A7AhaYrr2tIUG5ACye9p41,Unlocking Term Deposit,,ETH,0.16963027,ETH,0.16963027,$508.89,-,-,"approved / Transfer from Term Wallet to Savings Wallet",2026-01-10 05:00:00
NXTptOA7Cx9K0S7es0AviyEKT0A0,Locking Term Deposit,,NEXO,-557.27281629,NEXO,557.27281629,$613.00,-,-,"approved / Transfer from Savings Wallet to Term Wallet",2026-01-10 00:00:00
NXTEwINOMBConVVfA3k6Zq4pfzc,Interest,,BTC,0.00039797,BTC,0.00039797,$32.78,-,-,"approved / BTC Interest Earned",2026-01-09 06:00:00
NXTlq8QFNLXTr9pO0XhnTCcKEAbl,Interest,,ETH,0.00169209,ETH,0.00169209,$6.16,-,-,"approved / ETH Interest Earned",2026-01-09 06:00:00
NXTK5TtkDzREOhB03akRlljvxI,Interest,,NEXO,1.14040386,NEXO,1.14040386,$1.07,-,-,"approved / NEXO Interest Earned",2026-01-09 06:00:00
NXTZmphQv0Jv51MV1vw3Fd4OG,Interest,,XRP,0.11452027,XRP,0.11452027,$0.27,-,-,"approved / XRP Interest Earned",2026-01-09 06:00:00
NXTDjltQlME6TpzjpjzB4As2u,Interest,,LINK,0.12736537,LINK,0.12736537,$0.80,-,-,"approved / LINK Interest Earned",2026-01-09 06:00:00
NXTJ0VHBRUKjJqLWmENE9ZUz,Interest,,DOGE,2.77974073,DOGE,2.77974073,$0.72,-,-,"approved / DOGE Interest Earned",2026-01-09 06:00:00
NXT7aQoO3Omlly3SmgBapcmQnmOXP2fa,Interest,,SOL,0.02572705,SOL,0.02572705,$4.89,-,-,"approved / SOL Interest Earned",2026-01-09 06:00:00
NXTjAH12nGQ4Nwmgr23IHfE,Interest,,ADA,0.85622491,ADA,0.85622491,$0.44,-,-,"approved / ADA Interest Earned",2026-01-09 06:00:00
NXTipXM3nTCWAqPOFLc7aPc0jl6,Locking Term Deposit,,ETH,-0.54895278,ETH,0.54895278,$1646.86,-,-,"approved / Transfer from Savings Wallet to Term Wallet",2026-01-09 00:00:00
NXTLalCbHUAIkYblQXI9PNsPMz,Credit Card Withdrawal Credit,Card,xUSD,-66.26000000,xUSD,66.26000000,$66.26,-,-,"authorized / Nexo Card Loan Withdrawal",2026-01-09 00:00:00
NXTocmfjb15M4E5vBoP0g3eQpmFR9u,Exchange Credit,Card,xUSD,-66.26000000,EURX,60.68000000,$66.26,-,-,"authorized / Nexo Card Loan Withdrawal",2026-01-09 00:00:00
NXTE1RjqQp5y7onpaTYjW4Psl,Nexo Card Purchase,Card,xUSD,-66.26000000,EURX,60.68000000,$66.26,-,-,"approved / MEDIAMARKT | COLOGNE",2026-01-09 00:00:00
NXTxjXVJGtyJaWnmrjpX5rab90,Cashback,,NEXO,0.34445454,NEXO,0.34445454,$0.33,-,-,"approved / MEDIAMARKT | COLOGNE",2026-01-09 00:00:00
NXTzzlWHtHIWZl1GuB2Ijr7,Interest,,BTC,0.00005021,BTC,0.00005021,$3.35,-,-,"approved / BTC Interest Earned",2026-01-08 06:00:00
NXTDDa2QJZGGcIQF8A5FhBmyuz,Interest,,ETH,0.00308077,ETH,0.00308077,$7.84,-,-,"approved / ETH Interest Earned",2026-01-08 06:00:00
NXT9vwWTUuga6UPB3i8slQXHMFeM,Interest,,NEXO,1.87518406,NEXO,1.87518406,$2.12,-,-,"approved / NEXO Interest Earned",2026-01-08 06:00:00
NXTBnEswDjGj6brwWT6spzaPAQhvwxB,Interest,,XRP,0.46037529,XRP,0.46037529,$0.96,-,-,"approved / XRP Interest Earned",2026-01-08 06:00:00
NXTBOccZus6IiMb2JQ5xLtpBvR3,Interest,,LINK,0.15393104,LINK,0.15393104,$1.76,-,-,"approved / LINK Interest Earned",2026-01-08 06:00:00
NXTnOnnsikwV4gcToeVsNlqNWNSypLVTq,Interest,,DOGE,4.20976867,DOGE,4.20976867,$1.80,-,-,"approved / DOGE Interest Earned",2026-01-08 06:00:00
NXTbR2S1HTEktsQxTdJ6nEaK83874g3,Interest,,SOL,0.01137422,SOL,0.01137422,$2.70,-,-,"approved / SOL Interest Earned",2026-01-08 06:00:00
NXTxglfdxu5xjBg1ngBKCk1W6K5,Interest,,ADA,0.53666323,ADA,0.53666323,$0.45,-,-,"approved / ADA Interest Earned",2026-01-08 06:00:00
NXTvlEm2ErtukLa4aDUbD4Ik,Interest,,BTC,0.00025598,BTC,0.00025598,$20.88,-,-,"approved / BTC Interest Earned",2026-01-07 06:00:00
NXTEo8xJU6JLfUESywMOGGXFKQ32CpXL,Interest,,ETH,0.00084216,ETH,0.00084216,$2.23,-,-,"approved / ETH Interest Earned",2026-01-07 06:00:00
NXT5eA0tvpDrBjiFFBxYW4fHIGuE1H8h,Interest,,NEXO,0.58101408,NEXO,0.58101408,$0.57,-,-,"approved / NEXO Interest Earned",2026-01-07 06:00:00
NXTW4uarTBxIrtJJr5shO1giLp2d8zoxX,Interest,,XRP,0.13432960,XRP,0.13432960,$0.22,-,-,"approved / XRP Interest Earned",2026-01-07 06:00:00
NXTt4KHJ9jlRK4GIVuDOIWW9C6pKDn,Interest,,LINK,0.44455207,LINK,0.44455207,$5.78,-,-,"approved / LINK Interest Earned",2026-01-07 06:00:00
NXT10zJO9Fuua2dNrwcRLjL89V,Interest,,DOGE,3.38551794,DOGE,3.38551794,$0.88,-,-,"approved / DOGE Interest Earned",2026-01-07 06:00:00
NXTLSQjwBjrousevEeBmIVSWkXtf2W,Interest,,SOL,0.00233292,SOL,0.00233292,$0.09,-,-,"approved / SOL Interest Earned",2026-01-07 06:00:00
NXT8PsESVQXwTvMiG16cCRb,Interest,,ADA,1.71014356,ADA,1.71014356,$1.18,-,-,"approved / ADA Interest Earned",2026-01-07 06:00:00
NXTkQ1jj0002CPAhYVJtDrqxL,Unlocking Term Deposit,,ETH,0.19250582,ETH,0.19250582,$577.52,-,-,"approved / Transfer from Term Wallet to Savings Wallet",2026-01-07 05:00:00
NXTeTJe2Aa4NdHXV3lQQxVyb5,Exchange Cashback,,NEXO,2.13281871,NEXO,2.13281871,$2.73,-,-,"approved / 1 % on top of your Exchange transaction",2026-01-07 00:00:00
NXT7TipYnlu1rH2xjaKCE3ZOGf,Exchange,,USDC,-301.09607579,EURX,278.79266277,$301.10,0.39005087,USDC,"approved / Exchange USDC to EURX",2026-01-07 00:00:00
NXTmTDIfdEGnKY0qTU7eQfLNLOPoVy,Interest,,BTC,0.00036655,BTC,0.00036655,$33.40,-,-,"approved / BTC Interest Earned",2026-01-06 06:00:00
NXTysn1ctNZy9nbOmi5XdQydF17Y,Interest,,ETH,0.00437285,ETH,0.00437285,$17.49,-,-,"approved / ETH Interest Earned",2026-01-06 06:00:00
NXT0FfTw1U2QDNPpz5DMkXtUyCR,Interest,,NEXO,1.70902633,NEXO,1.70902633,$1.43,-,-,"approved / NEXO Interest Earned",2026-01-06 06:00:00
NXTKVD9Q5xV5uRlYDdhpWZnhFmYAjpU0,Interest,,XRP,0.20058760,XRP,0.20058760,$0.21,-,-,"approved / XRP Interest Earned",2026-01-06 06:00:00
NXTfiLeqROdKXUDP4uLjQwiHIP13mW,Interest,,LINK,0.17920736,LINK,0.17920736,$2.30,-,-,"approved / LINK Interest Earned",2026-01-06 06:00:00
NXTLno6HBLgTmXLzEjGtTqrwc,Interest,,DOGE,1.18112618,DOGE,1.18112618,$0.14,-,-,"approved / DOGE Interest Earned",2026-01-06 06:00:00
NXTga796TdH5Dyt6vbQHOtaa4I,Interest,,SOL,0.03453797,SOL,0.03453797,$8.12,-,-,"approved / SOL Interest Earned",2026-01-06 06:00:00
NXTE7pAKBYT7xZWsVpnsBrJ8mD3jX5A3,Interest,,ADA,1.39282241,ADA,1.39282241,$0.90,-,-,"approved / ADA Interest Earned",2026-01-06 06:00:00
NXTmQlkgaDbh2UUvRd9PfYUV2m4d7U,Transfer In,,USDC,1407.66477665,USDC,1407.66477665,$1407.66,-,-,"approved / Transfer from Credit Line Wallet to Savings Wallet",2026-01-06 00:00:00
NXT2feX8IrMVI5wmJY8XE6d40JzeqYb,Exchange,,DOGE,-274.88615579,BTC,0.00085902,$68.72,0.45779132,DOGE,"approved / Exchange DOGE to BTC",2026-01-06 00:00:00
NXT9OG2lg5GAcSloZSHHFsYaU,Interest,,BTC,0.00022849,BTC,0.00022849,$16.42,-,-,"approved / BTC Interest Earned",2026-01-05 06:00:00
NXTQKIwFKBD2J7ZQlviNj8tz0SRD6z9NG,Interest,,ETH,0.00350219,ETH,0.00350219,$10.19,-,-,"approved / ETH Interest Earned",2026-01-05 06:00:00
NXTGASUenJMsN8KReSuBoN7dMCEJiPFW,Interest,,NEXO,1.60690178,NEXO,1.60690178,$1.87,-,-,"approved / NEXO Interest Earned",2026-01-05 06:00:00
NXTVIMECfDMj1icShWgpFzzdlfE,Interest,,XRP,0.22058279,XRP,0.22058279,$0.47,-,-,"approved / XRP Interest Earned",2026-01-05 06:00:00
NXTVVJygRPXPaSNvR3qODPN2SKyvOMYm,Interest,,LINK,0.31377804,LINK,0.31377804,$2.52,-,-,"approved / LINK Interest Earned",2026-01-05 06:00:00
NXTCKjuln4m6u6CPQEn3WiXV,Interest,,DOGE,0.70193188,DOGE,0.70193188,$0.31,-,-,"approved / DOGE Interest Earned",2026-01-05 06:00:00
NXTmesOBfa4e3M1bWfOJc09,Interest,,SOL,0.02706959,SOL,0.02706959,$3.67,-,-,"approved / SOL Interest Earned",2026-01-05 06:00:00
NXTLEPDX3UCUkVwAOp9djUx94xiwG,Interest,,ADA,0.84676939,ADA,0.84676939,$0.78,-,-,"approved / ADA Interest Earned",2026-01-05 06:00:00
NXT7GZAXKN7W9gRJz37e4247ZWih,Interest,,BTC,0.00049065,BTC,0.00049065,$41.64,-,-,"approved / BTC Interest Earned",2026-01-04 06:00:00
NXTJ1yjCYMZWq3SL0y1jpe0Uw8vS,Interest,,ETH,0.00367544,ETH,0.00367544,$13.00,-,-,"approved / ETH Interest Earned",2026-01-04 06:00:00
NXTv04NnrJvdoFPyOyvGiS52l3V0b,Interest,,NEXO,1.75623563,NEXO,1.75623563,$2.34,-,-,"approved / NEXO Interest Earned",2026-01-04 06:00:00
NXT4xflgn1w0WEtyFauFJt7GwN50PDG,Interest,,XRP,0.49827895,XRP,0.49827895,$1.24,-,-,"approved / XRP Interest Earned",2026-01-04 06:00:00
NXTKaLxMlPLY7BkoHfkv4hmT,Interest,,LINK,0.30406932,LINK,0.30406932,$7.19,-,-,"approved / LINK Interest Earned",2026-01-04 06:00:00
NXTNDIU6j750iFfCf8AIw4ixVrCW,Interest,,DOGE,3.66672921,DOGE,3.66672921,$1.65,-,-,"approved / DOGE Interest Earned",2026-01-04 06:00:00
NXTrpeUloRZAPADJdAN7pDNUSgPdaopT0,Interest,,SOL,0.03368035,SOL,0.03368035,$2.92,-,-,"approved / SOL Interest Earned",2026-01-04 06:00:00
NXTNBSWUNl55iuK6iqwVDVCp,Interest,,ADA,0.42949230,ADA,0.42949230,$0.11,-,-,"approved / ADA Interest Earned",2026-01-04 06:00:00
NXToZIVlATXIrRaoY4ehy6SHgR,Exchange,,DOGE,-743.71548074,BTC,0.00232411,$185.93,2.48357258,DOGE,"approved / Exchange DOGE to BTC",2026-01-04 00:00:00
NXTa2VlRjS4QnHg4zy5k2cTt6y9o,Interest,,BTC,0.00006027,BTC,0.00006027,$4.52,-,-,"approved / BTC Interest Earned",2026-01-03 06:00:00
NXTqDudrY9F8cmMy4tXvPl4obM9o1,Interest,,ETH,0.00080035,ETH,0.00080035,$2.42,-,-,"approved / ETH Interest Earned",2026-01-03 06:00:00
NXTYSxA8raoNrMOQzJnnk7U,Interest,,NEXO,0.39398496,NEXO,0.39398496,$0.53,-,-,"approved / NEXO Interest Earned",2026-01-03 06:00:00
NXTaIe8G7ClnWBI5OxwZighB9vwEw7MxI,Interest,,XRP,0.46106944,XRP,0.46106944,$0.64,-,-,"approved / XRP Interest Earned",2026-01-03 06:00:00
NXTrhl5KZ7HAk5IK2pAcOuvwDVK,Interest,,LINK,0.28922118,LINK,0.28922118,$6.62,-,-,"approved / LINK Interest Earned",2026-01-03 06:00:00
NXTeKDGKnZkXq1YuOPMEQg6zfrxt,Interest,,DOGE,3.89880311,DOGE,3.89880311,$1.29,-,-,"approved / DOGE Interest Earned",2026-01-03 06:00:00
NXTVpYhPq2BTF8aqQkSeIqWI2OpV6,Interest,,SOL,0.04698691,SOL,0.04698691,$10.01,-,-,"approved / SOL Interest Earned",2026-01-03 06:00:00
NXTTThiygULaa0uHK2uO9chanSb9ITR3v,Interest,,ADA,1.15222631,ADA,1.15222631,$1.12,-,-,"approved / ADA Interest Earned",2026-01-03 06:00:00
NXTRbfMLZs8qEPO1cV7c8CetZy1,Interest,,BTC,0.00041997,BTC,0.00041997,$38.13,-,-,"approved / BTC Interest Earned",2026-01-02 06:00:00
NXTLf5PVpvm3H0J5GUsgP7tMrn,Interest,,ETH,0.00308734,ETH,0.00308734,$12.57,-,-,"approved / ETH Interest Earned",2026-01-02 06:00:00
NXTX3FXCCeS7JgtCopVhq1BIS,Interest,,NEXO,1.00022132,NEXO,1.00022132,$1.30,-,-,"approved / NEXO Interest Earned",2026-01-02 06:00:00
NXTxYRIe80Kh0VM0F4kJPd2bG,Interest,,XRP,0.25216420,XRP,0.25216420,$0.58,-,-,"approved / XRP Interest Earned",2026-01-02 06:00:00
NXT9W2lSdXn3mGwzEEhUZpS0qsaUqWwco,Interest,,LINK,0.09496426,LINK,0.09496426,$1.83,-,-,"approved / LINK Interest Earned",2026-01-02 06:00:00
NXTtWB9EKGkTF3UsCmq9SJTj1h05D,Interest,,DOGE,4.37653376,DOGE,4.37653376,$0.47,-,-,"approved / DOGE Interest Earned",2026-01-02 06:00:00
NXTZtrTw3CI8PT7EedRlKRvSdAYCImyVg,Interest,,SOL,0.01055040,SOL,0.01055040,$1.25,-,-,"approved / SOL Interest Earned",2026-01-02 06:00:00
NXTp7jxXch3zyEvD9B92JRQ,Interest,,ADA,0.65000396,ADA,0.65000396,$0.30,-,-,"approved / ADA Interest Earned",2026-01-02 06:00:00
NXTHr92nZ4AdlQjnGmqpZCXNaCkFbp,Interest,,BTC,0.00002171,BTC,0.00002171,$1.60,-,-,"approved / BTC Interest Earned",2026-01-01 06:00:00
NXT5bABpv5OWEeCVwTeIXIkUJjYl73eWl,Interest,,ETH,0.00346451,ETH,0.00346451,$14.47,-,-,"approved / ETH Interest Earned",2026-01-01 06:00:00
NXTvgBya8jLk70VDoSr4d3sdYQkcUELYW,Interest,,NEXO,1.06712102,NEXO,1.06712102,$1.50,-,-,"approved / NEXO Interest Earned",2026-01-01 06:00:00
NXTsV58QoNvnKq0IwGl9GNYrzph,Interest,,XRP,0.15786885,XRP,0.15786885,$0.14,-,-,"approved / XRP Interest Earned",2026-01-01 06:00:00
NXTudZ6FEgKZhhnEgMDrDQJ,Interest,,LINK,0.34198228,LINK,0.34198228,$5.40,-,-,"approved / LINK Interest Earned",2026-01-01 06:00:00
NXT60ampyQFr6yPEmsrxxaiyTV0Xqj,Interest,,DOGE,3.61316755,DOGE,3.61316755,$0.88,-,-,"approved / DOGE Interest Earned",2026-01-01 06:00:00
NXTBKFj0iH6ManpwyiLRDBi4zr,Interest,,SOL,0.02835812,SOL,0.02835812,$4.26,-,-,"approved / SOL Interest Earned",2026-01-01 06:00:00
NXTTAyGCjZIppxqL2FUnmM8owT2yGHvlX,Interest,,ADA,1.16194716,ADA,1.16194716,$0.35,-,-,"approved / ADA Interest Earned",2026-01-01 06:00:00
NXTZEurHi0W3VcMZb5jC9A942s22f,Top up Crypto,,DOGE,2662.58790678,DOGE,2662.58790678,$665.65,-,-,"approved / f75d7fc3c95ba223305485b44dfa1fcefd2d3bdca79467ae184e5f50cbb7a518",2026-01-01 00:00:00
NXTB8C9wwS9xHtj9VkfD91sBCTX,Locking Term Deposit,,LINK,-129.87209218,LINK,129.87209218,$1948.08,-,-,"approved / Transfer from Savings Wallet to Term Wallet",2026-01-01 00:00:00
NXTRlEFApMU3xQ0WJpM2iVCvt2uD,Interest,,BTC,0.00029562,BTC,0.00029562,$20.42,-,-,"approved / BTC Interest Earned",2025-12-31 06:00:00
NXTyHaNX79T4CxPUyj5FNJCTD,Interest,,ETH,0.00288710,ETH,0.00288710,$11.80,-,-,"approved / ETH Interest Earned",2025-12-31 06:00:00
NXTNbQv9DUURzf9lhLlJrVSk7n,Interest,,NEXO,1.47434421,NEXO,1.47434421,$1.37,-,-,"approved / NEXO Interest Earned",2025-12-31 06:00:00
NXTloJ1fFrwdHkHG5oqa3vnm4FAlP,Interest,,XRP,0.27969292,XRP,0.27969292,$0.52,-,-,"approved / XRP Interest Earned",2025-12-31 06:00:00
NXTJU6wgZFSOfjTwGkH4tsMsxQG2Hn,Interest,,LINK,0.44198534,LINK,0.44198534,$2.73,-,-,"approved / LINK Interest Earned",2025-12-31 06:00:00
NXTBGXNy5PyembIygjy3Fa6RzLFYWPr,Interest,,DOGE,3.09478902,DOGE,3.09478902,$1.21,-,-,"approved / DOGE Interest Earned",2025-12-31 06:00:00
NXTpOn9c6d6gzVA98GwteUHuM5,Interest,,SOL,0.00495607,SOL,0.00495607,$0.21,-,-,"approved / SOL Interest Earned",2025-12-31 06:00:00
NXTvVgatAcTVUTXlyazbgqOmZM4S3ite,Interest,,ADA,1.90750989,ADA,1.90750989,$0.75,-,-,"approved / ADA Interest Earned",2025-12-31 06:00:00
NXT5dz39hroxASivXJXalg3SxRUal,Fixed Term Interest,,XRP,19.56278994,XRP,19.56278994,$32.36,-,-,"approved / Term Deposit Interest",2025-12-31 05:00:00
NXTjS8ydsYk70IIfgXhdWnmyQ6fK,Top up Crypto,,USDC,1995.79552090,USDC,1995.79552090,$1995.80,-,-,"approved / cb8c2e08ab05c6b43f6ff2403d6e7b98a690a24de6d573f2c117515c77d1c4b9",2025-12-31 00:00:00
NXTu8iKk0At9W3QIFs0WxZLCT,Interest,,BTC,0.00027156,BTC,0.00027156,$16.85,-,-,"approved / BTC Interest Earned",2025-12-30 06:00:00
NXTP75BG6pBVotEpyJYNcLggG6xeng7v,Interest,,ETH,0.00068398,ETH,0.00068398,$1.35,-,-,"approved / ETH Interest Earned",2025-12-30 06:00:00
NXTpXkNg7KcUL1asPrZtBMYcQViISQ9yA,Interest,,NEXO,0.33912004,NEXO,0.33912004,$0.43,-,-,"approved / NEXO Interest Earned",2025-12-30 06:00:00
NXT0G63Z3WZbnL8IHrPObgmoQ,Interest,,XRP,0.49718501,XRP,0.49718501,$0.60,-,-,"approved / XRP Interest Earned",2025-12-30 06:00:00
NXT2YRlUpkah5IIhn1eDzvZzCeiR2PIi,Interest,,LINK,0.30581347,LINK,0.30581347,$3.02,-,-,"approved / LINK Interest Earned",2025-12-30 06:00:00
NXTG8BXqwM4oZmaBGg2kVD5xv,Interest,,DOGE,0.65016250,DOGE,0.65016250,$0.10,-,-,"approved / DOGE Interest Earned",2025-12-30 06:00:00
NXTr0DqwRtowlBsYQ6Gj1iz0L7RYw,Interest,,SOL,0.04414179,SOL,0.04414179,$1.56,-,-,"approved / SOL Interest Earned",2025-12-30 06:00:00
NXTtA3WHvtATEcwOU0G8HFme,Interest,,ADA,0.29803404,ADA,0.29803404,$0.34,-,-,"approved / ADA Interest Earned",2025-12-30 06:00:00
NXTf5FeELYmyxoO6skepz0Kr,Interest,,BTC,0.00048421,BTC,0.00048421,$43.88,-,-,"approved / BTC Interest Earned",2025-12-29 06:00:00
NXTEdkPr9ZEnNmUOjpv0BQzZKvYZTdyCd,Interest,,ETH,0.00054577,ETH,0.00054577,$1.25,-,-,"approved / ETH Interest Earned",2025-12-29 06:00:00
NXTur0sHewXLFF344ehKBzJpTzvzv,Interest,,NEXO,1.60040411,NEXO,1.60040411,$1.42,-,-,"approved / NEXO Interest Earned",2025-12-29 06:00:00
NXTRXx0OORIY37IIqWl0YTtDY,Interest,,XRP,0.27866477,XRP,0.27866477,$0.69,-,-,"approved / XRP Interest Earned",2025-12-29 06:00:00
NXT4HBMbT2c30RKSUFimR8Ww6K,Interest,,LINK,0.23417565,LINK,0.23417565,$3.16,-,-,"approved / LINK Interest Earned",2025-12-29 06:00:00
NXTJrjCzgWPzREc6iPb1nNn6,Interest,,DOGE,1.34721224,DOGE,1.34721224,$0.50,-,-,"approved / DOGE Interest Earned",2025-12-29 06:00:00
NXTVJA0AnkbOnWF9xAaNJRv,Interest,,SOL,0.00590970,SOL,0.00590970,$0.21,-,-,"approved / SOL Interest Earned",2025-12-29 06:00:00
NXT00KEcqYmpySa69qAIHUoOUGF,Interest,,ADA,1.35276992,ADA,1.35276992,$0.76,-,-,"approved / ADA Interest Earned",2025-12-29 06:00:00
NXTZy99AViZap8k282TxHuEaeKVL,Interest,,BTC,0.00035637,BTC,0.00035637,$28.67,-,-,"approved / BTC Interest Earned",2025-12-28 06:00:00
NXTsBc5QoEV74U4RdQPC3cNoRAPggPaEM,Interest,,ETH,0.00205992,ETH,0.00205992,$3.93,-,-,"approved / ETH Interest Earned",2025-12-28 06:00:00
NXT2vulvOSSPmhIyQF57QA2GFvUgu,Interest,,NEXO,1.62359387,NEXO,1.62359387,$2.15,-,-,"approved / NEXO Interest Earned",2025-12-28 06:00:00
NXT1z938JAUyzaJwhz1emu9l,Interest,,XRP,0.42613286,XRP,0.42613286,$0.78,-,-,"approved / XRP Interest Earned",2025-12-28 06:00:00
NXTFxLeh6NAJ03IV2JIGJZM9,Interest,,LINK,0.16735960,LINK,0.16735960,$2.19,-,-,"approved / LINK Interest Earned",2025-12-28 06:00:00
NXT5dkMqmJZlVYTAiahDz4Vgy8UfZ,Interest,,DOGE,3.82786605,DOGE,3.82786605,$0.36,-,-,"approved / DOGE Interest Earned",2025-12-28 06:00:00
NXTOZwvYaWkalzmTExMrVGXasa8c1jmnh,Interest,,SOL,0.04325067,SOL,0.04325067,$3.39,-,-,"approved / SOL Interest Earned",2025-12-28 06:00:00
NXTsRxUuQovzhFUap8a01PSuPzieu4,Interest,,ADA,1.55727993,ADA,1.55727993,$0.65,-,-,"approved / ADA Interest Earned",2025-12-28 06:00:00
NXTE6SLh6sMSaEiSpwkhMnQlVJRJsAon,Exchange,,BTC,-0.00209903,NEXO,152.65687275,$167.92,0.00001117,BTC,"approved / Exchange BTC to NEXO",2025-12-28 00:00:00
NXT6UZzX0dOXV00KNkqQ0A2mMEQK,Interest,,BTC,0.00004726,BTC,0.00004726,$3.12,-,-,"approved / BTC Interest Earned",2025-12-27 06:00:00
NXTdnGqBdqfJfhiIt3nRvRm61,Interest,,ETH,0.00471007,ETH,0.00471007,$15.45,-,-,"approved / ETH Interest Earned",2025-12-27 06:00:00
NXTMztSUbdvbXm2eGEEBGO393,Interest,,NEXO,0.81272052,NEXO,0.81272052,$0.79,-,-,"approved / NEXO Interest Earned",2025-12-27 06:00:00
NXTcg7ef2x9mZXoFxrGsAXAPPN4fDIc,Interest,,XRP,0.13486723,XRP,0.13486723,$0.12,-,-,"approved / XRP Interest Earned",2025-12-27 06:00:00
NXTJ5E85ECCozVCtvu2m3FM,Interest,,LINK,0.12125560,LINK,0.12125560,$2.82,-,-,"approved / LINK Interest Earned",2025-12-27 06:00:00
NXTwTg3iMJxodMUlpO2mQ8tOtU,Interest,,DOGE,4.12665189,DOGE,4.12665189,$1.37,-,-,"approved / DOGE Interest Earned",2025-12-27 06:00:00
NXTpAXAxrgNhZsFBg687Ip9OC23Cd,Interest,,SOL,0.00239610,SOL,0.00239610,$0.06,-,-,"approved / SOL Interest Earned",2025-12-27 06:00:00
NXTuDkkcoX7FmCgxlq9I3K3S7sL7xSMe,Interest,,ADA,1.20795137,ADA,1.20795137,$0.36,-,-,"approved / ADA Interest Earned",2025-12-27 06:00:00
NXTM2xNYw0dthw6eG1DJ43d7YIqT9bFi,Interest,,BTC,0.00011011,BTC,0.00011011,$7.43,-,-,"approved / BTC Interest Earned",2025-12-26 06:00:00
NXTUHQ86tU9N5NaAUySx1MpBtg,Interest,,ETH,0.00232026,ETH,0.00232026,$5.85,-,-,"approved / ETH Interest Earned",2025-12-26 06:00:00
NXTGE7MxaeVBvagkaTlzapd4,Interest,,NEXO,1.64289637,NEXO,1.64289637,$2.23,-,-,"approved / NEXO Interest Earned",2025-12-26 06:00:00
NXTHW7Foi5dyeUMsx0MVMYUC2k5Orrqp,Interest,,XRP,0.26626900,XRP,0.26626900,$0.42,-,-,"approved / XRP Interest Earned",2025-12-26 06:00:00
NXTkRHASvwG5tL1q8ORnUEVFKbtDDY,Interest,,LINK,0.05622822,LINK,0.05622822,$0.85,-,-,"approved / LINK Interest Earned",2025-12-26 06:00:00
NXTyADSgwnqPgar0J8vYU2GVNM,Interest,,DOGE,3.38590574,DOGE,3.38590574,$1.32,-,-,"approved / DOGE Interest Earned",2025-12-26 06:00:00
NXT0zwP4y4ufkdFikitO4G2,Interest,,SOL,0.04822768,SOL,0.04822768,$5.89,-,-,"approved / SOL Interest Earned",2025-12-26 06:00:00
NXTsF8LozojrpVV6uZSzQwVCn2pYXv5j,Interest,,ADA,0.34824595,ADA,0.34824595,$0.18,-,-,"approved / ADA Interest Earned",2025-12-26 06:00:00
NXTOrPcij2rXhEHcrA3Pu4H3,Manual Repayment,,USD,378.80033588,USD,0.00000000,$378.80,-,-,"approved / Fiat Repayment",2025-12-26 00:00:00
NXTou3f3BCKB5ilb0HoagUdlb30HeMc,Interest,,BTC,0.00015412,BTC,0.00015412,$9.46,-,-,"approved / BTC Interest Earned",2025-12-25 06:00:00
NXTteDSq6XSCPqvYBBFzmOk7XZBOb,Interest,,ETH,0.00063262,ETH,0.00063262,$1.60,-,-,"approved / ETH Interest Earned",2025-12-25 06:00:00
NXT6HOhdh96r4RERCze1iITf,Interest,,NEXO,1.30596790,NEXO,1.30596790,$1.54,-,-,"approved / NEXO Interest Earned",2025-12-25 06:00:00
NXTBse31CXhjmaRvoC2BOulj,Interest,,XRP,0.06755474,XRP,0.06755474,$0.05,-,-,"approved / XRP Interest Earned",2025-12-25 06:00:00
NXTNlqIDoRE87M2lMvDQaRp3LJyASXtx,Interest,,LINK,0.32777090,LINK,0.32777090,$4.17,-,-,"approved / LINK Interest Earned",2025-12-25 06:00:00
NXTCKoSyPioeTzCk8Du8notayj0zmqdq2,Interest,,DOGE,2.90171960,DOGE,2.90171960,$0.48,-,-,"approved / DOGE Interest Earned",2025-12-25 06:00:00
NXTpQv8zyXGA2mCrqwST26m25f,Interest,,SOL,0.00550144,SOL,0.00550144,$0.64,-,-,"approved / SOL Interest Earned",2025-12-25 06:00:00
NXTq9uNkYNGs1VxF3eMh4qEL3OrK29kB,Interest,,ADA,0.29998052,ADA,0.29998052,$0.17,-,-,"approved / ADA Interest Earned",2025-12-25 06:00:00
NXT05y5gSDezz3i8YqOCrBuk,Fixed Term Interest,,BTC,0.00562381,BTC,0.00562381,$416.33,-,-,"approved / Term Deposit Interest",2025-12-25 05:00:00
NXTi13bqY2GSMdJ227ZuDXmqOw,Exchange Cashback,,USDC,2.67944015,USDC,2.67944015,$3.07,-,-,"approved / 0.25 % on top of your Exchange transaction",2025-12-25 00:00:00
NXT5KgWsXesgiTu3dcZ7TNqypg0XPvbL,Deposit To Exchange,,EUR,1076.04000000,EURX,1076.04000000,$1199.26,1.93288072,EUR,"approved / EUR Top Up",2025-12-25 00:00:00
NXT7QV2Dk5xfQ3rpRBsdqOm6ZTf,Exchange Deposited On,,EUR,-1076.04000000,EURX,1076.04000000,$1199.26,-,-,"approved / EUR to EURX",2025-12-25 00:00:00
NXTR76Mk8L93UQXO4wGARzfPq08oO1H,Interest,,BTC,0.00019920,BTC,0.00019920,$17.10,-,-,"approved / BTC Interest Earned",2025-12-24 06:00:00
NXTTqAeiZ4EE8p8IaW2jXenFwbMogjem,Interest,,ETH,0.00295005,ETH,0.00295005,$6.17,-,-,"approved / ETH Interest Earned",2025-12-24 06:00:00
NXTneVKlkcpI4EcgML36gVEt4RaRQONUe,Interest,,NEXO,1.64600848,NEXO,1.64600848,$1.77,-,-,"approved / NEXO Interest Earned",2025-12-24 06:00:00
NXTYksto9WFWh4tSsMh8dSIaDH,Interest,,XRP,0.25831110,XRP,0.25831110,$0.57,-,-,"approved / XRP Interest Earned",2025-12-24 06:00:00
NXTdMOTG1HTrSNlmhPaxLSlRHiT,Interest,,LINK,0.13386898,LINK,0.13386898,$0.89,-,-,"approved / LINK Interest Earned",2025-12-24 06:00:00
NXTjj12fgBISk7UkxQgUyFhA5XUzi,Interest,,DOGE,2.07636442,DOGE,2.07636442,$0.70,-,-,"approved / DOGE Interest Earned",2025-12-24 06:00:00
NXTuF2UAoakMsDY6m1rPwmLr,Interest,,SOL,0.03029233,SOL,0.03029233,$1.91,-,-,"approved / SOL Interest Earned",2025-12-24 06:00:00
NXTBXaqtHzEdWFBLdaOobBq,Interest,,ADA,0.24109380,ADA,0.24109380,$0.21,-,-,"approved / ADA Interest Earned",2025-12-24 06:00:00
NXT11BnNRwKTmSlB8e7Thcrqj0aC6c5L,Top up Crypto,,XRP,241.69467382,XRP,241.69467382,$362.54,-,-,"approved / 9e8d85b833bae2bf28abc89fbae8e6016004cfa20c38579a83a68cbb066caf0b",2025-12-24 00:00:00
NXTiGLSgxQZL51HLqbJNwwLJaRD,Exchange To Withdraw,,EURX,504.74000000,EUR,504.74000000,$523.38,-,-,"approved / EURX to EUR",2025-12-24 00:00:00
NXTgS7kAESdpjaByIFfRbnCgGTlQ,Withdraw Exchanged,,EUR,-504.74000000,EUR,504.74000000,$523.38,-,-,"approved / EUR withdrawal",2025-12-24 00:00:00
NXTQ8RNCj57yFtCcM355tDd4l,Interest,,BTC,0.00029824,BTC,0.00029824,$20.53,-,-,"approved / BTC Interest Earned",2025-12-23 06:00:00
NXTccdANiF1ODBuyIhkO7Oo,Interest,,ETH,0.00387774,ETH,0.00387774,$9.01,-,-,"approved / ETH Interest Earned",2025-12-23 06:00:00
NXTnSYvWVz1rYeszmhtm8UYFgT,Interest,,NEXO,0.62101362,NEXO,0.62101362,$0.68,-,-,"approved / NEXO Interest Earned",2025-12-23 06:00:00
NXTxRJ4zWaWNV5RBtl0TFNfIl3uTuDKwS,Interest,,XRP,0.49657730,XRP,0.49657730,$0.61,-,-,"approved / XRP Interest Earned",2025-12-23 06:00:00
NXTyceiAnl0ceWjKibWwUt8ljLwf9P,Interest,,LINK,0.25392161,LINK,0.25392161,$2.15,-,-,"approved / LINK Interest Earned",2025-12-23 06:00:00
NXTIbXPPYmdHHn9sECMd8Fty8,Interest,,DOGE,4.70879043,DOGE,4.70879043,$1.33,-,-,"approved / DOGE Interest Earned",2025-12-23 06:00:00
NXTn5YQJtGF2U4buJuNkDlxUjYWuTjp,Interest,,SOL,0.01948700,SOL,0.01948700,$1.83,-,-,"approved / SOL Interest Earned",2025-12-23 06:00:00
NXT5YLk7TqkWQpp2Aycg7LUfcxFkY,Interest,,ADA,1.89641053,ADA,1.89641053,$1.77,-,-,"approved / ADA Interest Earned",2025-12-23 06:00:00
NXTBpCHi6xchMKgYTh15tDRkmXQHiGw,Interest,,BTC,0.00040475,BTC,0.00040475,$29.32,-,-,"approved / BTC Interest Earned",2025-12-22 06:00:00
NXTlDTL9f2i9YEeVQ9tSPhaHOj4h1w,Interest,,ETH,0.00102615,ETH,0.00102615,$4.23,-,-,"approved / ETH Interest Earned",2025-12-22 06:00:00
NXT3TxZYSzlcyAnXL9vGrTxuPfr,Interest,,NEXO,0.24293989,NEXO,0.24293989,$0.20,-,-,"approved / NEXO Interest Earned",2025-12-22 06:00:00
NXTt1UZeqjirsUvEwVUn16F1N2LC,Interest,,XRP,0.15575791,XRP,0.15575791,$0.27,-,-,"approved / XRP Interest Earned",2025-12-22 06:00:00
NXT5mbMDfIouQ6i1DNEvpyBBDnt,Interest,,LINK,0.11287125,LINK,0.11287125,$1.26,-,-,"approved / LINK Interest Earned",2025-12-22 06:00:00
NXT6lyAvQJXJ1LlRZ7v5g2ZnpdjMT8,Interest,,DOGE,3.00837324,DOGE,3.00837324,$0.31,-,-,"approved / DOGE Interest Earned",2025-12-22 06:00:00
NXT3YDn2JZLLcBgLjBLJWtPfr,Interest,,SOL,0.03255767,SOL,0.03255767,$3.23,-,-,"approved / SOL Interest Earned",2025-12-22 06:00:00
NXTAP8c5yOPLcSZlpnqpZUIX,Interest,,ADA,0.44344347,ADA,0.44344347,$0.44,-,-,"approved / ADA Interest Earned",2025-12-22 06:00:00
NXTlWxaHSa24YnOc7b3qY8YzOhF,Interest,,BTC,0.00006642,BTC,0.00006642,$4.53,-,-,"approved / BTC Interest Earned",2025-12-21 06:00:00
NXTMQ9BSB7TXAbqxZWpB9WTe1Et,Interest,,ETH,0.00245157,ETH,0.00245157,$9.92,-,-,"approved / ETH Interest Earned",2025-12-21 06:00:00
NXTBON0xFRB243RXZTpxFAGsHEekF2M,Interest,,NEXO,1.90511432,NEXO,1.90511432,$1.79,-,-,"approved / NEXO Interest Earned",2025-12-21 06:00:00
NXTFDzRQkNiSJKX3YjtWaRh1iRrqF5vC,Interest,,XRP,0.16281165,XRP,0.16281165,$0.31,-,-,"approved / XRP Interest Earned",2025-12-21 06:00:00
NXTqTCRyszKofgQTwOEWPBY5YSx1DyIhF,Interest,,LINK,0.40778090,LINK,0.40778090,$3.00,-,-,"approved / LINK Interest Earned",2025-12-21 06:00:00
NXTiButlEdJHEiIEiwTiaeRwc3kZCQOAQ,Interest,,DOGE,3.81826373,DOGE,3.81826373,$0.74,-,-,"approved / DOGE Interest Earned",2025-12-21 06:00:00
NXTiz7mck1pdfR9YoY3gg1qbvFuGti,Interest,,SOL,0.00270035,SOL,0.00270035,$0.30,-,-,"approved / SOL Interest Earned",2025-12-21 06:00:00
NXTgelL6vRGt672mFSfovyAM8p9YH,Interest,,ADA,0.65014437,ADA,0.65014437,$0.26,-,-,"approved / ADA Interest Earned",2025-12-21 06:00:00
NXTSAFHowewkvivPKcFLSDI2,Deposit To Exchange,,EUR,717.06000000,EURX,717.06000000,$792.02,-,-,"approved / EUR Top Up",2025-12-21 00:00:00
NXTtOPpF6tFGXpCNFzA7CpltJTries2,Exchange Deposited On,,EUR,-717.06000000,EURX,717.06000000,$792.02,-,-,"approved / EUR to EURX",2025-12-21 00:00:00
NXTnEwwp8waJmInPJwDmoBZo8L93,Interest,,BTC,0.00048591,BTC,0.00048591,$44.91,-,-,"approved / BTC Interest Earned",2025-12-20 06:00:00
NXTGd8jQP9LZRGzSadjbOD26hKU,Interest,,ETH,0.00173821,ETH,0.00173821,$3.49,-,-,"approved / ETH Interest Earned",2025-12-20 06:00:00
NXT9RJVinYY43FCvCBMmmYIHX12reukX,Interest,,NEXO,0.63062556,NEXO,0.63062556,$0.58,-,-,"approved / NEXO Interest Earned",2025-12-20 06:00:00
NXTcFHEvREvH6avUscM4kpz,Interest,,XRP,0.17585413,XRP,0.17585413,$0.42,-,-,"approved / XRP Interest Earned",2025-12-20 06:00:00
NXTlAvHhVit7oIVuc7qyg2qls114gW,Interest,,LINK,0.18107046,LINK,0.18107046,$2.44,-,-,"approved / LINK Interest Earned",2025-12-20 06:00:00
NXTB8B3I2AFZ636HBM7fyYBN8rfBo,Interest,,DOGE,4.64653457,DOGE,4.64653457,$1.57,-,-,"approved / DOGE Interest Earned",2025-12-20 06:00:00
NXTnDejJ2gTwPGj389BaBsDKyeFB,Interest,,SOL,0.02937412,SOL,0.02937412,$4.38,-,-,"approved / SOL Interest Earned",2025-12-20 06:00:00
NXT33id8W7P6j77Whw399jpbWCFJW,Interest,,ADA,0.84843327,ADA,0.84843327,$0.68,-,-,"approved / ADA Interest Earned",2025-12-20 06:00:00
NXT4o06hkY2e0DIMaRVeIWN,Exchange,,XRP,-217.26930880,NEXO,296.27633018,$325.90,0.61272017,XRP,"approved / Exchange XRP to NEXO",2025-12-20 00:00:00
NXTwHqLYO7llmIKZFR6TM2kGu5EcEPfQ,Interest,,BTC,0.00026968,BTC,0.00026968,$22.98,-,-,"approved / BTC Interest Earned",2025-12-19 06:00:00
NXTwWY4wrREDr4JqKcAYdaJ25y,Interest,,ETH,0.00451279,ETH,0.00451279,$17.02,-,-,"approved / ETH Interest Earned",2025-12-19 06:00:00
NXTCXXEKWYI31OxKib0bjwYvmAfAJ90Yi,Interest,,NEXO,1.13803973,NEXO,1.13803973,$1.01,-,-,"approved / NEXO Interest Earned",2025-12-19 06:00:00
NXTBi7w6XRshydidZU8WsPL,Interest,,XRP,0.33450493,XRP,0.33450493,$0.31,-,-,"approved / XRP Interest Earned",2025-12-19 06:00:00
NXT6CJj5AWE4JTuXLUvM0T2kSSE,Interest,,LINK,0.47048990,LINK,0.47048990,$5.14,-,-,"approved / LINK Interest Earned",2025-12-19 06:00:00
NXTXBgo05rbn7yPiyC4qbP8r5uwfIoeha,Interest,,DOGE,4.43336837,DOGE,4.43336837,$1.44,-,-,"approved / DOGE Interest Earned",2025-12-19 06:00:00
NXTGLcWsNKk6GSiW3EXlMtq4o,Interest,,SOL,0.00132094,SOL,0.00132094,$0.07,-,-,"approved / SOL Interest Earned",2025-12-19 06:00:00
NXTTiB7LVJe7haxEUemMp9G7JW,Interest,,ADA,1.31362716,ADA,1.31362716,$1.43,-,-,"approved / ADA Interest Earned",2025-12-19 06:00:00
NXTJU0wdm8XO4s7F6ooaDB8,Exchange Cashback,,NEXO,2.86894990,NEXO,2.86894990,$3.74,-,-,"approved / 0.5 % on top of your Exchange transaction",2025-12-19 00:00:00
NXTlfIp6otACidDNVmIrd3wOSUPq60B6,Interest,,BTC,0.00030447,BTC,0.00030447,$26.44,-,-,"approved / BTC Interest Earned",2025-12-18 06:00:00
NXTCRFG8K2N3i8g5TCiP5bUtVehky,Interest,,ETH,0.00282267,ETH,0.00282267,$9.10,-,-,"approved / ETH Interest Earned",2025-12-18 06:00:00
NXTHa6f379Izfz6jAVs6ERIzfX8FCa,Interest,,NEXO,1.40735700,NEXO,1.40735700,$1.49,-,-,"approved / NEXO Interest Earned",2025-12-18 06:00:00
NXTQOnUCi0OVJMD3LYdnWq7,Interest,,XRP,0.15898438,XRP,0.15898438,$0.17,-,-,"approved / XRP Interest Earned",2025-12-18 06:00:00
NXTBKT5Jq0jCrGg5lfA8ppY5QYgWkw,Interest,,LINK,0.28104188,LINK,0.28104188,$2.23,-,-,"approved / LINK Interest Earned",2025-12-18 06:00:00
NXTbq4Cm0vxQs8XWuxt2Pme,Interest,,DOGE,0.86303192,DOGE,0.86303192,$0.33,-,-,"approved / DOGE Interest Earned",2025-12-18 06:00:00
NXThZ3NbagTOmWwhePqOA5O6,Interest,,SOL,0.01749130,SOL,0.01749130,$0.81,-,-,"approved / SOL Interest Earned",2025-12-18 06:00:00
NXTIPtAhz7tVJLqiXfrZtBV2Hj,Interest,,ADA,1.52169929,ADA,1.52169929,$0.91,-,-,"approved / ADA Interest Earned",2025-12-18 06:00:00
NXTugYZRULvfzOv5R4bztgo15oUTa0Tp,Interest,,BTC,0.00009394,BTC,0.00009394,$8.60,-,-,"approved / BTC Interest Earned",2025-12-17 06:00:00
NXTiqAR0WC7cR2ZkNHiedXGMS,Interest,,ETH,0.00271056,ETH,0.00271056,$8.11,-,-,"approved / ETH Interest Earned",2025-12-17 06:00:00
NXTPT0tiYejU6AUEYes0m9gbHy8,Interest,,NEXO,1.52522183,NEXO,1.52522183,$1.60,-,-,"approved / NEXO Interest Earned",2025-12-17 06:00:00
NXTWKqZbYHFbRs7SQ4hFsRbfcG8d,Interest,,XRP,0.07422718,XRP,0.07422718,$0.10,-,-,"approved / XRP Interest Earned",2025-12-17 06:00:00
NXTNNldJJ10mhbltEnmsgzecb0aasm,Interest,,LINK,0.33548331,LINK,0.33548331,$5.01,-,-,"approved / LINK Interest Earned",2025-12-17 06:00:00
NXTJiSV9Qho7A1QifxWSXLV6IS4ZED,Interest,,DOGE,1.55485810,DOGE,1.55485810,$0.32,-,-,"approved / DOGE Interest Earned",2025-12-17 06:00:00
NXTnDOhnHHJMNXcFnrhpvF5Y,Interest,,SOL,0.02245977,SOL,0.02245977,$2.45,-,-,"approved / SOL Interest Earned",2025-12-17 06:00:00
NXTZnhIQE8OWTcMXvEtulJVHuPSc3Z,Interest,,ADA,0.26053924,ADA,0.26053924,$0.25,-,-,"approved / ADA Interest Earned",2025-12-17 06:00:00
NXTUbDTMMUKavcG5yaLTAcNXmQGW,Fixed Term Interest,,NEXO,27.24992280,NEXO,27.24992280,$38.19,-,-,"approved / Term Deposit Interest",2025-12-17 05:00:00
NXTGDOspZPCBLM81j7HBE5AwlBahE,Exchange,,EURX,-259.24172597,USDC,279.98106404,$279.98,1.12731749,EURX,"approved / Exchange EURX to USDC",2025-12-17 00:00:00
NXTJ4qggafY7QyJlh0zj4ZYbB,Interest,,BTC,0.00034593,BTC,0.00034593,$28.63,-,-,"approved / BTC Interest Earned",2025-12-16 06:00:00
NXT3ORB8FGzMHQjlXhPCP674tqNh4tXS,Interest,,ETH,0.00450513,ETH,0.00450513,$9.75,-,-,"approved / ETH Interest Earned",2025-12-16 06:00:00
NXTgdtigy2V3olpSah225y6D,Interest,,NEXO,1.16351825,NEXO,1.16351825,$0.95,-,-,"approved / NEXO Interest Earned",2025-12-16 06:00:00
NXTaipZUpoAXYDbVMTONOKHN4,Interest,,XRP,0.08675290,XRP,0.08675290,$0.08,-,-,"approved / XRP Interest Earned",2025-12-16 06:00:00
NXTs8R3E1eBuX0doncX0bPXL17iXXi,Interest,,LINK,0.24197281,LINK,0.24197281,$3.27,-,-,"approved / LINK Interest Earned",2025-12-16 06:00:00
NXT2BY9Kml9ASUSKtlIgIXFlxlP,Interest,,DOGE,1.74429189,DOGE,1.74429189,$0.40,-,-,"approved / DOGE Interest Earned",2025-12-16 06:00:00
NXTOFD84rOo4COeMwoYSQKPOttCdaD0,Interest,,SOL,0.00915419,SOL,0.00915419,$2.02,-,-,"approved / SOL Interest Earned",2025-12-16 06:00:00
NXTaI43JOLXyWCFRzVo5Y4wLZITr,Interest,,ADA,1.34533864,ADA,1.34533864,$0.97,-,-,"approved / ADA Interest Earned",2025-12-16 06:00:00
NXTdLrIEDhljKPmUho8XinBCA,Interest,,BTC,0.00017243,BTC,0.00017243,$12.90,-,-,"approved / BTC Interest Earned",2025-12-15 06:00:00
NXTJrS0xUOt7QED0esehsstvFR,Interest,,ETH,0.00457549,ETH,0.00457549,$8.32,-,-,"approved / ETH Interest Earned",2025-12-15 06:00:00
NXTbK3CdqcWxRxN9lLmJzxZCaGtb,Interest,,NEXO,0.23054836,NEXO,0.23054836,$0.24,-,-,"approved / NEXO Interest Earned",2025-12-15 06:00:00
NXTNqXdSajEUDMv0j5a0XF2ML6Nnj0Mp,Interest,,XRP,0.30768352,XRP,0.30768352,$0.30,-,-,"approved / XRP Interest Earned",2025-12-15 06:00:00
NXTGX3efSclCyN1Zr5Qxs64r9a,Interest,,LINK,0.25173418,LINK,0.25173418,$6.07,-,-,"approved / LINK Interest Earned",2025-12-15 06:00:00
NXTvpyRkPJaZfBPox44X5ZqQSd,Interest,,DOGE,1.30040919,DOGE,1.30040919,$0.14,-,-,"approved / DOGE Interest Earned",2025-12-15 06:00:00
NXTG9dJVgliqVfk4kNEyxcLBPfT4qlPA,Interest,,SOL,0.00348546,SOL,0.00348546,$0.73,-,-,"approved / SOL Interest Earned",2025-12-15 06:00:00
NXTG8L5uAVthOgxDkduTslfKh,Interest,,ADA,0.78334727,ADA,0.78334727,$0.79,-,-,"approved / ADA Interest Earned",2025-12-15 06:00:00
NXTbdQB5J5RKYcjU4HaMaNX2vWrm,Transfer In,,DAI,2085.11199097,DAI,2085.11199097,$2085.11,-,-,"approved / Transfer from Credit Line Wallet to Savings Wallet",2025-12-15 00:00:00
NXTRdJHrz9o5cOfCZUBglR2k3Znn4Y,Interest,,BTC,0.00019047,BTC,0.00019047,$13.45,-,-,"approved / BTC Interest Earned",2025-12-14 06:00:00
NXT0HxgxBcLET8WoVedvwZfxVlSeK9xNb,Interest,,ETH,0.00385183,ETH,0.00385183,$7.79,-,-,"approved / ETH Interest Earned",2025-12-14 06:00:00
NXTcvSN51Z8um0CP091aqlaHOAO,Interest,,NEXO,1.24410051,NEXO,1.24410051,$1.71,-,-,"approved / NEXO Interest Earned",2025-12-14 06:00:00
NXTPjbh5NxT7hB1bh92WBaOK0aIOd29E,Interest,,XRP,0.37455719,XRP,0.37455719,$0.50,-,-,"approved / XRP Interest Earned",2025-12-14 06:00:00
NXTv0PQCZ0WfPCRF2gIAOT4,Interest,,LINK,0.23279735,LINK,0.23279735,$2.14,-,-,"approved / LINK Interest Earned",2025-12-14 06:00:00
NXTBN7wRIgKkc13hmy1TJTCrGPkcEg,Interest,,DOGE,1.87658907,DOGE,1.87658907,$0.13,-,-,"approved / DOGE Interest Earned",2025-12-14 06:00:00
NXTzDwhihTqB8ELx95P6OtHxLKUlice,Interest,,SOL,0.02388180,SOL,0.02388180,$2.00,-,-,"approved / SOL Interest Earned",2025-12-14 06:00:00
NXTAJjYgfAKlwQneVDntyiXSDou,Interest,,ADA,0.48027915,ADA,0.48027915,$0.44,-,-,"approved / ADA Interest Earned",2025-12-14 06:00:00
NXT83o1wNjhNjqdcKkZbA7fP,Deposit To Exchange,,EUR,670.49000000,EURX,670.49000000,$735.74,-,-,"approved / EUR Top Up",2025-12-14 00:00:00
NXTNDkqkQfe97MG2WZ5boCSSumT0F,Exchange Deposited On,,EUR,-670.49000000,EURX,670.49000000,$735.74,-,-,"approved / EUR to EURX",2025-12-14 00:00:00
NXT48ZCxPdveT4NDAN6q84kczpAlppcsf,Interest,,BTC,0.00033467,BTC,0.00033467,$27.71,-,-,"approved / BTC Interest Earned",2025-12-13 06:00:00
NXTCgwduNf8v6bvxgn2HdfqlllI,Interest,,ETH,0.00358249,ETH,0.00358249,$10.16,-,-,"approved / ETH Interest Earned",2025-12-13 06:00:00
NXTz9lEKSWhmfy5UF8TEcjLGv3OZs,Interest,,NEXO,1.74926002,NEXO,1.74926002,$1.98,-,-,"approved / NEXO Interest Earned",2025-12-13 06:00:00
NXTLuiblMA7Xn4Fmt1MD3ShceKj3iyKr,Interest,,XRP,0.42434753,XRP,0.42434753,$0.53,-,-,"approved / XRP Interest Earned",2025-12-13 06:00:00
NXTg9oZcpLBpfzzycny48vbVpuuA63,Interest,,LINK,0.41160933,LINK,0.41160933,$4.04,-,-,"approved / LINK Interest Earned",2025-12-13 06:00:00
NXTUiSga74045IcJt7V8fG0CQmloXl,Interest,,DOGE,3.53503474,DOGE,3.53503474,$0.77,-,-,"approved / DOGE Interest Earned",2025-12-13 06:00:00
NXTb1qrKtf1uY3Kl1RojkQzGu5,Interest,,SOL,0.04036968,SOL,0.04036968,$8.17,-,-,"approved / SOL Interest Earned",2025-12-13 06:00:00
NXTiceW4usFWgLlywp8motR,Interest,,ADA,0.72874347,ADA,0.72874347,$0.26,-,-,"approved / ADA Interest Earned",2025-12-13 06:00:00
NXT35WAqTbsW49EQymdrwhMrE5Yd,Interest,,BTC,0.00017165,BTC,0.00017165,$13.82,-,-,"approved / BTC Interest Earned",2025-12-12 06:00:00
NXTorw73wAlh97PmX5D8VzdYLVsXJbz,Interest,,ETH,0.00177313,ETH,0.00177313,$4.74,-,-,"approved / ETH Interest Earned",2025-12-12 06:00:00
NXTDwuDtjMJKnI3WM71PAG72,Interest,,NEXO,1.46332479,NEXO,1.46332479,$1.47,-,-,"approved / NEXO Interest Earned",2025-12-12 06:00:00
NXTQ8cxVmeg0kkrcRQTR6AEc4P3HNG69d,Interest,,XRP,0.49249583,XRP,0.49249583,$0.76,-,-,"approved / XRP Interest Earned",2025-12-12 06:00:00
NXTr6GUzCzUq0iaoFfsUzsrTzrb,Interest,,LINK,0.28953310,LINK,0.28953310,$2.90,-,-,"approved / LINK Interest Earned",2025-12-12 06:00:00
NXTVVLAoKOGQIB0qJtGPs6xL8JRpYuBti,Interest,,DOGE,2.58395013,DOGE,2.58395013,$0.72,-,-,"approved / DOGE Interest Earned",2025-12-12 06:00:00
NXTMXKaIJxVKyPYd3OH0JXpVN,Interest,,SOL,0.03113745,SOL,0.03113745,$0.70,-,-,"approved / SOL Interest Earned",2025-12-12 06:00:00
NXTIi4omEIq8PdFEs2GuFdquKQ4uW,Interest,,ADA,1.77394601,ADA,1.77394601,$0.67,-,-,"approved / ADA Interest Earned",2025-12-12 06:00:00
NXTVdtmmLn8Dr7ndDeJ5VHt7h3,Exchange To Withdraw,,EURX,592.74000000,EUR,592.74000000,$629.41,-,-,"approved / EURX to EUR",2025-12-12 00:00:00
NXTTizGhPmDHMuxM9STwpTRiee,Withdraw Exchanged,,EUR,-592.74000000,EUR,592.74000000,$629.41,-,-,"approved / EUR withdrawal",2025-12-12 00:00:00
NXTp6AUuMZ693IO39Kb98cMxaSv,Interest,,BTC,0.00039508,BTC,0.00039508,$34.82,-,-,"approved / BTC Interest Earned",2025-12-11 06:00:00
NXThwm4ci6OymbL34w7v88b,Interest,,ETH,0.00240496,ETH,0.00240496,$7.94,-,-,"approved / ETH Interest Earned",2025-12-11 06:00:00
NXTrXdlC5bj8LnI5asmPGRUQxGYd,Interest,,NEXO,1.23476003,NEXO,1.23476003,$1.50,-,-,"approved / NEXO Interest Earned",2025-12-11 06:00:00
NXTJ4d7srB4wUEBmY6jZuQo,Interest,,XRP,0.28775548,XRP,0.28775548,$0.19,-,-,"approved / XRP Interest Earned",2025-12-11 06:00:00
NXTHE1lFi50K1gv1wCzGGSuu,Interest,,LINK,0.42344025,LINK,0.42344025,$5.56,-,-,"approved / LINK Interest Earned",2025-12-11 06:00:00
NXThATZusTCgXaRsIKhSubJOrSc4b5z,Interest,,DOGE,0.68458407,DOGE,0.68458407,$0.06,-,-,"approved / DOGE Interest Earned",2025-12-11 06:00:00
NXTLX5wuF1FSPBWsVCEEx2w2hnB0,Interest,,SOL,0.04658376,SOL,0.04658376,$4.81,-,-,"approved / SOL Interest Earned",2025-12-11 06:00:00
NXTDDcES23LrZJTCqS3BiQvA0h,Interest,,ADA,1.49965552,ADA,1.49965552,$1.53,-,-,"approved / ADA Interest Earned",2025-12-11 06:00:00
NXT1OSibwBkOIqZGy2Nq2oXvI6V,Interest,,BTC,0.00012692,BTC,0.00012692,$11.41,-,-,"approved / BTC Interest Earned",2025-12-10 06:00:00
NXTGmH5JlLpLsTc4Ybnm72fa2n,Interest,,ETH,0.00266918,ETH,0.00266918,$4.85,-,-,"approved / ETH Interest Earned",2025-12-10 06:00:00
NXTtcTiwoHNAmsyrAQ97yAc,Interest,,NEXO,1.64051595,NEXO,1.64051595,$2.12,-,-,"approved / NEXO Interest Earned",2025-12-10 06:00:00
NXT4mWMqujd7JYe2bMBDHQKhs,Interest,,XRP,0.14828473,XRP,0.14828473,$0.33,-,-,"approved / XRP Interest Earned",2025-12-10 06:00:00
NXTDNmmoZAqnt1xRDK1bYvUNlbVbzG,Interest,,LINK,0.28298673,LINK,0.28298673,$4.88,-,-,"approved / LINK Interest Earned",2025-12-10 06:00:00
NXTDN4H66LoS51JhEpLK77g,Interest,,DOGE,2.00354064,DOGE,2.00354064,$0.71,-,-,"approved / DOGE Interest Earned",2025-12-10 06:00:00
NXTE5BuQWaJVMU0w2YqE7GVQsG,Interest,,SOL,0.03708455,SOL,0.03708455,$2.58,-,-,"approved / SOL Interest Earned",2025-12-10 06:00:00
NXToGVCA1OQasqildahC1FX,Interest,,ADA,0.61091877,ADA,0.61091877,$0.72,-,-,"approved / ADA Interest Earned",2025-12-10 06:00:00
NXT4SwKZJPcyOy3H9fmOq9G,Interest,,BTC,0.00030336,BTC,0.00030336,$20.30,-,-,"approved / BTC Interest Earned",2025-12-09 06:00:00
NXTf7O8Xvjqh2UCQDRtS6Wp6fQTJ5TY,Interest,,ETH,0.00377152,ETH,0.00377152,$12.02,-,-,"approved / ETH Interest Earned",2025-12-09 06:00:00
NXT5kMEU5m0lQuEECGDwmWAmWfpKKnYI,Interest,,NEXO,1.63233191,NEXO,1.63233191,$2.12,-,-,"approved / NEXO Interest Earned",2025-12-09 06:00:00
NXTlW1lLaY0h1cengt7tlm8Eje9,Interest,,XRP,0.48196990,XRP,0.48196990,$0.85,-,-,"approved / XRP Interest Earned",2025-12-09 06:00:00
NXT6g5W4pCLtMXL7v4nPbC6xPylcPhX,Interest,,LINK,0.32166900,LINK,0.32166900,$2.46,-,-,"approved / LINK Interest Earned",2025-12-09 06:00:00
NXTsPdFxJ834MDPUw4BmVEahuQf7P,Interest,,DOGE,3.92753952,DOGE,3.92753952,$0.94,-,-,"approved / DOGE Interest Earned",2025-12-09 06:00:00
NXTa7AvFQ1QAd5GPD6F9DZ5KZ649z,Interest,,SOL,0.01107449,SOL,0.01107449,$2.37,-,-,"approved / SOL Interest Earned",2025-12-09 06:00:00
NXTxjyEAX2KYXTGOyMYN8Uv0Y,Interest,,ADA,0.61592961,ADA,0.61592961,$0.44,-,-,"approved / ADA Interest Earned",2025-12-09 06:00:00
NXTKHQsUfh5jfE613GFO7XJjt8vCVU,Interest,,BTC,0.00034365,BTC,0.00034365,$28.26,-,-,"approved / BTC Interest Earned",2025-12-08 06:00:00
NXTwD8W11zVsGHmUEMtslNmh38QU,Interest,,ETH,0.00245849,ETH,0.00245849,$5.71,-,-,"approved / ETH Interest Earned",2025-12-08 06:00:00
NXTpwIGFDaqyA4RHH8sRZBSiMt,Interest,,NEXO,1.15172332,NEXO,1.15172332,$1.19,-,-,"approved / NEXO Interest Earned",2025-12-08 06:00:00
NXTSywlxUihOc0S6p7nNhXf5wK,Interest,,XRP,0.08251484,XRP,0.08251484,$0.18,-,-,"approved / XRP Interest Earned",2025-12-08 06:00:00
NXTvCqmeX0fh0oY3W5kAMbbcmNo,Interest,,LINK,0.44026919,LINK,0.44026919,$5.84,-,-,"approved / LINK Interest Earned",2025-12-08 06:00:00
NXTTHwIzeGFZDz69YiwKEpC8nh3K,Interest,,DOGE,1.85687568,DOGE,1.85687568,$0.55,-,-,"approved / DOGE Interest Earned",2025-12-08 06:00:00
NXThkoLqc2aBQ8T22GXItD1pCn,Interest,,SOL,0.00320677,SOL,0.00320677,$0.77,-,-,"approved / SOL Interest Earned",2025-12-08 06:00:00
NXTya7xSk90h7WNhK51F1HDWViqX,Interest,,ADA,0.83149227,ADA,0.83149227,$0.89,-,-,"approved / ADA Interest Earned",2025-12-08 06:00:00
NXTUI6VhWRZK4PADck8bkWaOUIKY7,Exchange,,ETH,-0.04277701,NEXO,116.66457489,$128.33,0.00008964,ETH,"approved / Exchange ETH to NEXO",2025-12-08 00:00:00
NXT1SW2MLnduKUVK4dWnXYvAO,Interest,,BTC,0.00045062,BTC,0.00045062,$37.56,-,-,"approved / BTC Interest Earned",2025-12-07 06:00:00
NXT02RNJzH7wvfidnAGzqgQI,Interest,,ETH,0.00277203,ETH,0.00277203,$9.02,-,-,"approved / ETH Interest Earned",2025-12-07 06:00:00
NXT02RQEgcW0qIqJvYaQ0u4Fzi6qy,Interest,,NEXO,0.12532527,NEXO,0.12532527,$0.12,-,-,"approved / NEXO Interest Earned",2025-12-07 06:00:00
NXTN4vOEi8eiMaMC1O4l0PMrzyfLvcy1,Interest,,XRP,0.31735446,XRP,0.31735446,$0.27,-,-,"approved / XRP Interest Earned",2025-12-07 06:00:00
NXTyDsS3t4iWQiY7fVxVHAVtGq62KNWzO,Interest,,LINK,0.17856099,LINK,0.17856099,$1.54,-,-,"approved / LINK Interest Earned",2025-12-07 06:00:00
NXT0UYsj3YEif6tq7vvUZatZZ,Interest,,DOGE,1.06221191,DOGE,1.06221191,$0.22,-,-,"approved / DOGE Interest Earned",2025-12-07 06:00:00
NXTCg7dVawTomfSFxzu7Mrjj,Interest,,SOL,0.01613609,SOL,0.01613609,$1.83,-,-,"approved / SOL Interest Earned",2025-12-07 06:00:00
NXTL25J43ogY4Ne1YHWFq41,Interest,,ADA,1.47864265,ADA,1.47864265,$1.37,-,-,"approved / ADA Interest Earned",2025-12-07 06:00:00
NXTZpEn7oBIdV3Si6buB4flH3TBK5HoB,Interest,,BTC,0.00014323,BTC,0.00014323,$10.78,-,-,"approved / BTC Interest Earned",2025-12-06 06:00:00
NXTLztncjujc1NZyyLNqnWo,Interest,,ETH,0.00160480,ETH,0.00160480,$3.91,-,-,"approved / ETH Interest Earned",2025-12-06 06:00:00
NXTkgYQyYFdGcutMxasXnyBCTKO2,Interest,,NEXO,0.57715710,NEXO,0.57715710,$0.63,-,-,"approved / NEXO Interest Earned",2025-12-06 06:00:00
NXTYcUTYztvWSSRN3cWstLnx,Interest,,XRP,0.24171316,XRP,0.24171316,$0.19,-,-,"approved / XRP Interest Earned",2025-12-06 06:00:00
NXTygntUVbKWDWa92e1Y1fH4Ix4YLLVh4,Interest,,LINK,0.43029159,LINK,0.43029159,$5.98,-,-,"approved / LINK Interest Earned",2025-12-06 06:00:00
NXT2uJPTKZJGfAOeaat6Lmk,Interest,,DOGE,3.31462541,DOGE,3.31462541,$1.13,-,-,"approved / DOGE Interest Earned",2025-12-06 06:00:00
NXT4709b4RLf7nYemJkiI6VqP6ZDP6D,Interest,,SOL,0.04194330,SOL,0.04194330,$10.49,-,-,"approved / SOL Interest Earned",2025-12-06 06:00:00
NXTjBHygQ384WTSO49KZ6AEfgIcNH,Interest,,ADA,0.79010936,ADA,0.79010936,$0.61,-,-,"approved / ADA Interest Earned",2025-12-06 06:00:00
NXTEkuJgooDVR2aQtOp3mBql2m,Interest,,BTC,0.00039540,BTC,0.00039540,$35.55,-,-,"approved / BTC Interest Earned",2025-12-05 06:00:00
NXTnryVfwEH5qngGSMUQh6Jxb8Ms0ws,Interest,,ETH,0.00105705,ETH,0.00105705,$3.49,-,-,"approved / ETH Interest Earned",2025-12-05 06:00:00
NXTERXCPAbmjZm88AGMq7GINJnC4,Interest,,NEXO,1.68079765,NEXO,1.68079765,$1.51,-,-,"approved / NEXO Interest Earned",2025-12-05 06:00:00
NXTGnnQbkKxKP7XWQThaB2TGNVzC9ED1Z,Interest,,XRP,0.26093710,XRP,0.26093710,$0.61,-,-,"approved / XRP Interest Earned",2025-12-05 06:00:00
NXTiKSfTout1xjuJy4BmPzKpuK,Interest,,LINK,0.30965272,LINK,0.30965272,$4.99,-,-,"approved / LINK Interest Earned",2025-12-05 06:00:00
NXTtUzAPwedEbj0ajYDmPnUkTOCS,Interest,,DOGE,0.53250204,DOGE,0.53250204,$0.15,-,-,"approved / DOGE Interest Earned",2025-12-05 06:00:00
NXTrFqn8AyXJcaIASTUm1jt5BV,Interest,,SOL,0.04151465,SOL,0.04151465,$2.52,-,-,"approved / SOL Interest Earned",2025-12-05 06:00:00
NXTPFMNrEAdYPLE4s6RPNIavEp,Interest,,ADA,1.78447952,ADA,1.78447952,$1.51,-,-,"approved / ADA Interest Earned",2025-12-05 06:00:00
NXTqZp17nMNK0b0OmQa6OfBmtD4XR,Exchange To Withdraw,,EURX,623.63000000,EUR,623.63000000,$685.97,-,-,"approved / EURX to EUR",2025-12-05 00:00:00
NXTtLiSFtvvwsIcPExXHCa7Fm,Withdraw Exchanged,,EUR,-623.63000000,EUR,623.63000000,$685.97,-,-,"approved / EUR withdrawal",2025-12-05 00:00:00
NXTDPYS1OJIOci2xN6DZvI2TeG,Interest,,BTC,0.00044705,BTC,0.00044705,$29.98,-,-,"approved / BTC Interest Earned",2025-12-04 06:00:00
NXTPGKeSaTh9hsypSfgKFdJ,Interest,,ETH,0.00494558,ETH,0.00494558,$14.47,-,-,"approved / ETH Interest Earned",2025-12-04 06:00:00
NXT2E7YP41V8lESDsP8EaDIhjpu,Interest,,NEXO,0.79015763,NEXO,0.79015763,$0.80,-,-,"approved / NEXO Interest Earned",2025-12-04 06:00:00
NXTTIb8UzJKMPzbHwSm9ZOwdtUPigSZl9,Interest,,XRP,0.09266306,XRP,0.09266306,$0.05,-,-,"approved / XRP Interest Earned",2025-12-04 06:00:00
NXT0bcpGdNUzSVU6ncXXRJ3FqqjRASH1,Interest,,LINK,0.26257395,LINK,0.26257395,$5.73,-,-,"approved / LINK Interest Earned",2025-12-04 06:00:00
NXTv0XPqvtiDwrVFFBKEJa5ctVUdB,Interest,,DOGE,4.70241366,DOGE,4.70241366,$0.60,-,-,"approved / DOGE Interest Earned",2025-12-04 06:00:00
NXTdhUP4v7xBoLSc9UYWcxuAvO,Interest,,SOL,0.00979801,SOL,0.00979801,$1.63,-,-,"approved / SOL Interest Earned",2025-12-04 06:00:00
NXTwhRmVJ8dX02y5z5mEo9iHwyVVoi,Interest,,ADA,0.61634960,ADA,0.61634960,$0.39,-,-,"approved / ADA Interest Earned",2025-12-04 06:00:00
NXTeDwiguHzCclbWH7DqzNrR6dr,Unlocking Term Deposit,,NEXO,378.55220382,NEXO,378.55220382,$416.41,-,-,"approved / Transfer from Term Wallet to Savings Wallet",2025-12-04 05:00:00
NXTcHmCwCfSMxiU3xE50u2cTrLr2or62K,Deposit To Exchange,,EUR,1470.21000000,EURX,1470.21000000,$1513.68,-,-,"approved / EUR Top Up",2025-12-04 00:00:00
NXTvZhBYO5OrsKDWFzLFa5i,Exchange Deposited On,,EUR,-1470.21000000,EURX,1470.21000000,$1513.68,-,-,"approved / EUR to EURX",2025-12-04 00:00:00
NXTroUDeUsJvWnZEoM6sDlAjXh,Exchange,,NEXO,-75.98291381,USDC,83.58120520,$83.58,0.50279268,NEXO,"approved / Exchange NEXO to USDC",2025-12-04 00:00:00
NXTPDMzituNpdP1RZsUnlUHOnTfaL0O,Exchange,,NEXO,-303.92829388,USDC,334.32112327,$334.32,2.39233836,NEXO,"approved / Exchange NEXO to USDC",2025-12-04 00:00:00
NXTImSm20l7GcRzBGz3qADSgoViygu3,Interest,,BTC,0.00037799,BTC,0.00037799,$28.35,-,-,"approved / BTC Interest Earned",2025-12-03 06:00:00
NXThwsFgWpeBHRSR3eHht41,Interest,,ETH,0.00308789,ETH,0.00308789,$9.12,-,-,"approved / ETH Interest Earned",2025-12-03 06:00:00
NXTLyUWvRq84ky8xU5689EfqbrXqQru,Interest,,NEXO,1.76715622,NEXO,1.76715622,$1.51,-,-,"approved / NEXO Interest Earned",2025-12-03 06:00:00
NXTboafLz8jW78xK4QQOTVUXyGHO2,Interest,,XRP,0.30497112,XRP,0.30497112,$0.55,-,-,"approved / XRP Interest Earned",2025-12-03 06:00:00
NXTNbWmbSJz4wHezQq3VbrGpq27YcQkEJ,Interest,,LINK,0.47403548,LINK,0.47403548,$5.77,-,-,"approved / LINK Interest Earned",2025-12-03 06:00:00
NXTsl7pMyJsZ8UDR80ivF7g7,Interest,,DOGE,3.70637685,DOGE,3.70637685,$1.06,-,-,"approved / DOGE Interest Earned",2025-12-03 06:00:00
NXTOBqCPrUKoPYSIZA4FEf70,Interest,,SOL,0.03738181,SOL,0.03738181,$9.68,-,-,"approved / SOL Interest Earned",2025-12-03 06:00:00
NXTI6hSrOB7To12W6srR0kRN3pSVW2,Interest,,ADA,0.20073955,ADA,0.20073955,$0.14,-,-,"approved / ADA Interest Earned",2025-12-03 06:00:00
NXTZ3wZkDtJRrYLpi4ojsaIK,Interest,,BTC,0.00005422,BTC,0.00005422,$4.77,-,-,"approved / BTC Interest Earned",2025-12-02 06:00:00
NXTXTToXSDmLQAkCHfEshVjVM2,Interest,,ETH,0.00479665,ETH,0.00479665,$17.63,-,-,"approved / ETH Interest Earned",2025-12-02 06:00:00
NXTcr1IkGLINSJQswlZgJKFent,Interest,,NEXO,1.44472393,NEXO,1.44472393,$1.66,-,-,"approved / NEXO Interest Earned",2025-12-02 06:00:00
NXTf7oA1yds5294f1nHIM3XDcY,Interest,,XRP,0.48390153,XRP,0.48390153,$0.93,-,-,"approved / XRP Interest Earned",2025-12-02 06:00:00
NXTWb3p7qwbEpGVvZEvRw1CoZU,Interest,,LINK,0.06357762,LINK,0.06357762,$0.67,-,-,"approved / LINK Interest Earned",2025-12-02 06:00:00
NXTP7FeO0UVt3U887VJxVdyCaK,Interest,,DOGE,1.44035405,DOGE,1.44035405,$0.31,-,-,"approved / DOGE Interest Earned",2025-12-02 06:00:00
NXTyL1iVnCbgQGabE4rdApnnbUuHE,Interest,,SOL,0.01476584,SOL,0.01476584,$3.53,-,-,"approved / SOL Interest Earned",2025-12-02 06:00:00
NXTIMOpuT0Ei0uHQQIurt1nV37W74Gk,Interest,,ADA,0.64209691,ADA,0.64209691,$0.58,-,-,"approved / ADA Interest Earned",2025-12-02 06:00:00
NXTRWliCxbpa9DIZBeUzPonNv1U7RDv,Interest,,BTC,0.00020071,BTC,0.00020071,$15.05,-,-,"approved / BTC Interest Earned",2025-12-01 06:00:00
NXTiX0EScpnGRDdhCUPhIYY5bRWcTjvsz,Interest,,ETH,0.00241377,ETH,0.00241377,$5.46,-,-,"approved / ETH Interest Earned",2025-12-01 06:00:00
NXTnJB4Ccgz8H7wKN1yNoyW2xa7rP3UAU,Interest,,NEXO,1.24689926,NEXO,1.24689926,$1.69,-,-,"approved / NEXO Interest Earned",2025-12-01 06:00:00
NXT07kHuH4Ba03oM6KK07AbzNKmf6c1p,Interest,,XRP,0.14325309,XRP,0.14325309,$0.27,-,-,"approved / XRP Interest Earned",2025-12-01 06:00:00
NXTSFfVinwId3H9cP6wnCZmzbN,Interest,,LINK,0.28024350,LINK,0.28024350,$5.38,-,-,"approved / LINK Interest Earned",2025-12-01 06:00:00
NXTetxLOwRK3vEJLww3uOQxINBsw30,Interest,,DOGE,2.52433303,DOGE,2.52433303,$0.31,-,-,"approved / DOGE Interest Earned",2025-12-01 06:00:00
NXTvjtTPwYdCPG8kVyt2LSfZxssjXcYi,Interest,,SOL,0.04498096,SOL,0.04498096,$6.94,-,-,"approved / SOL Interest Earned",2025-12-01 06:00:00
NXTCbTHsdYw1k6WTr9aRK9BrZWJ,Interest,,ADA,1.29828261,ADA,1.29828261,$1.27,-,-,"approved / ADA Interest Earned",2025-12-01 06:00:00
NXTZzFmYCROQ0aV2j1qv8E5a0sZZ,Interest,,BTC,0.00041107,BTC,0.00041107,$25.76,-,-,"approved / BTC Interest Earned",2025-11-30 06:00:00
NXT5HgL80XDQLHBxsK57DHpDXlqelu,Interest,,ETH,0.00282669,ETH,0.00282669,$11.09,-,-,"approved / ETH Interest Earned",2025-11-30 06:00:00
NXTM3A10MFOC9G6urF2V7oa45,Interest,,NEXO,0.19009666,NEXO,0.19009666,$0.19,-,-,"approved / NEXO Interest Earned",2025-11-30 06:00:00
NXTz3auLlCPdRmxpLg00GWDpSP,Interest,,XRP,0.11128666,XRP,0.11128666,$0.26,-,-,"approved / XRP Interest Earned",2025-11-30 06:00:00
NXT8zXii51d6COupbtoxiiNs,Interest,,LINK,0.23320560,LINK,0.23320560,$5.48,-,-,"approved / LINK Interest Earned",2025-11-30 06:00:00
NXT7k2OUEHNks2vldYieHaHl4HX4zt,Interest,,DOGE,1.61634103,DOGE,1.61634103,$0.23,-,-,"approved / DOGE Interest Earned",2025-11-30 06:00:00
NXTuyoARsGbMIGuekPRxK4t7qKSGtH3,Interest,,SOL,0.04421822,SOL,0.04421822,$4.56,-,-,"approved / SOL Interest Earned",2025-11-30 06:00:00
NXTBcjpP0kMI4fT1mjb16G8hB2D,Interest,,ADA,1.98771776,ADA,1.98771776,$2.08,-,-,"approved / ADA Interest Earned",2025-11-30 06:00:00
NXTBRpYvwnIRDHHaaRLzDC19f4F,Interest,,BTC,0.00021903,BTC,0.00021903,$19.51,-,-,"approved / BTC Interest Earned",2025-11-29 06:00:00
NXTHjGXiXjySRUpBamEO6cySH,Interest,,ETH,0.00322999,ETH,0.00322999,$13.21,-,-,"approved / ETH Interest Earned",2025-11-29 06:00:00
NXTysD1ZNiKlhkVqIw8PqZXfL8IqbB5ha,Interest,,NEXO,0.12009149,NEXO,0.12009149,$0.11,-,-,"approved / NEXO Interest Earned",2025-11-29 06:00:00
NXTE3wcCg6Drrn8JTLCj4zPuecZ5d,Interest,,XRP,0.28149639,XRP,0.28149639,$0.54,-,-,"approved / XRP Interest Earned",2025-11-29 06:00:00
NXTIwTacvrDQ5oQkf9k3D4XDOPO1uo,Interest,,LINK,0.26104182,LINK,0.26104182,$5.61,-,-,"approved / LINK Interest Earned",2025-11-29 06:00:00
NXTUpVvxQMUPkrzhWns6W0f3lCWLoB,Interest,,DOGE,3.19615745,DOGE,3.19615745,$0.59,-,-,"approved / DOGE Interest Earned",2025-11-29 06:00:00
NXTVQBHU3VaGvVYCLcwsSGeqLFnYuyrc,Interest,,SOL,0.02176369,SOL,0.02176369,$4.36,-,-,"approved / SOL Interest Earned",2025-11-29 06:00:00
NXTbMImqVt8Tg3f74GX17pQ3LPTK,Interest,,ADA,0.77542104,ADA,0.77542104,$0.38,-,-,"approved / ADA Interest Earned",2025-11-29 06:00:00
NXT5UoPJ2dyEGG32Fi2u4WPyyhsL,Transfer Out,,USDT,-1423.47431549,USDT,1423.47431549,$1423.47,-,-,"approved / Transfer from Savings Wallet to Credit Line Wallet",2025-11-29 00:00:00
NXT0QdBPX0Cy2Q1tbMEHyjlSFrolKL,Interest,,BTC,0.00049558,BTC,0.00049558,$41.48,-,-,"approved / BTC Interest Earned",2025-11-28 06:00:00
NXTVTnV75QymCtPuhMjKdihqEsXucpwwR,Interest,,ETH,0.00108453,ETH,0.00108453,$3.39,-,-,"approved / ETH Interest Earned",2025-11-28 06:00:00
NXTczDezt6XIXXgjIpPfNDTW0,Interest,,NEXO,1.97471963,NEXO,1.97471963,$1.64,-,-,"approved / NEXO Interest Earned",2025-11-28 06:00:00
NXTgj14HoSbxrIvP6xu6Jd8nuaEVL,Interest,,XRP,0.19621748,XRP,0.19621748,$0.26,-,-,"approved / XRP Interest Earned",2025-11-28 06:00:00
NXToiz9JLqZcGRZyxOYi73IlQj,Interest,,LINK,0.35247390,LINK,0.35247390,$8.30,-,-,"approved / LINK Interest Earned",2025-11-28 06:00:00
NXTPyCLA6C4evgcm0pLCL34xTImo,Interest,,DOGE,3.03905199,DOGE,3.03905199,$0.63,-,-,"approved / DOGE Interest Earned",2025-11-28 06:00:00
NXT1eKJxOjaubfkz13hjoCUlWtMuTHBkH,Interest,,SOL,0.03462663,SOL,0.03462663,$2.61,-,-,"approved / SOL Interest Earned",2025-11-28 06:00:00
NXTjOZUbe9AJdszzFuTqz0zQb,Interest,,ADA,0.37605735,ADA,0.37605735,$0.24,-,-,"approved / ADA Interest Earned",2025-11-28 06:00:00
NXTP9RlWFLzovEUWzoW2Uy6k5gBp,Exchange,,EURX,-454.52766717,USDC,490.88988054,$490.89,3.42790215,EURX,"approved / Exchange EURX to USDC",2025-11-28 00:00:00
NXTY3k7HAeyDimVVBHXTuSc3LRY,Exchange To Withdraw,,EURX,788.82000000,EUR,788.82000000,$816.27,-,-,"approved / EURX to EUR",2025-11-28 00:00:00
NXT3WMdN4f9IWdLlzOy23h9G,Withdraw Exchanged,,EUR,-788.82000000,EUR,788.82000000,$816.27,-,-,"approved / EUR withdrawal",2025-11-28 00:00:00
NXTM8zTVhZRxRRiXIcFH9ONo5T70s,Interest,,BTC,0.00033056,BTC,0.00033056,$30.99,-,-,"approved / BTC Interest Earned",2025-11-27 06:00:00
NXTUPKcghujuFAlBHHyn8rK8b4w3,Interest,,ETH,0.00497776,ETH,0.00497776,$11.04,-,-,"approved / ETH Interest Earned",2025-11-27 06:00:00
NXTDZAX0t3l9n7uQsTKluXIBBL8fQW9X,Interest,,NEXO,1.79269867,NEXO,1.79269867,$2.07,-,-,"approved / NEXO Interest Earned",2025-11-27 06:00:00
NXTC8BpVQfyI808J4cU2O7lWmRKx,Interest,,XRP,0.15057486,XRP,0.15057486,$0.28,-,-,"approved / XRP Interest Earned",2025-11-27 06:00:00
NXTCQePN3KSa9EyghpZLNJ1KCN5,Interest,,LINK,0.05349308,LINK,0.05349308,$0.84,-,-,"approved / LINK Interest Earned",2025-11-27 06:00:00
NXTnPU2P2jwN61FFgVqoJypS3a,Interest,,DOGE,3.63169258,DOGE,3.63169258,$1.54,-,-,"approved / DOGE Interest Earned",2025-11-27 06:00:00
NXTrKLWTZWtQNpXr0cy4kAxVvOsCvJQb,Interest,,SOL,0.00119957,SOL,0.00119957,$0.09,-,-,"approved / SOL Interest Earned",2025-11-27 06:00:00
NXTJ5mLuMSJdYRJAFtFnPuPXeDtZ,Interest,,ADA,1.62063115,ADA,1.62063115,$0.80,-,-,"approved / ADA Interest Earned",2025-11-27 06:00:00
NXTTdZDcVjxI68rFGh8LZSJKj,Deposit To Exchange,,EUR,1021.83000000,EURX,1021.83000000,$1050.95,-,-,"approved / EUR Top Up",2025-11-27 00:00:00
NXTeqyGQQze1eqZFGOH5zgFvp,Exchange Deposited On,,EUR,-1021.83000000,EURX,1021.83000000,$1050.95,-,-,"approved / EUR to EURX",2025-11-27 00:00:00
NXTqQr7XUARHF22eWncpLGtEfuR,Interest,,BTC,0.00045443,BTC,0.00045443,$33.86,-,-,"approved / BTC Interest Earned",2025-11-26 06:00:00
NXTV4RkDDLkwgjSqyokz27y,Interest,,ETH,0.00317224,ETH,0.00317224,$10.73,-,-,"approved / ETH Interest Earned",2025-11-26 06:00:00
NXTFeXktOK6DoC4JLwEJVe7YpBQe,Interest,,NEXO,0.14272593,NEXO,0.14272593,$0.13,-,-,"approved / NEXO Interest Earned",2025-11-26 06:00:00
NXT7CnGjw7CAgwITjmXHw7b6RJkpN,Interest,,XRP,0.26576793,XRP,0.26576793,$0.23,-,-,"approved / XRP Interest Earned",2025-11-26 06:00:00
NXTXcDSGfNoAv5HjaidBbsHpP,Interest,,LINK,0.11269192,LINK,0.11269192,$1.67,-,-,"approved / LINK Interest Earned",2025-11-26 06:00:00
NXTMA3NujTuuQb72chsHphAkQaz9io,Interest,,DOGE,2.46584090,DOGE,2.46584090,$0.84,-,-,"approved / DOGE Interest Earned",2025-11-26 06:00:00
NXToRlqiYr9umhAJ0I1gzyh0WLZDPam,Interest,,SOL,0.00287603,SOL,0.00287603,$0.57,-,-,"approved / SOL Interest Earned",2025-11-26 06:00:00
NXTdbgyJaQrWubuOEsJzQFKshaY,Interest,,ADA,0.10272647,ADA,0.10272647,$0.06,-,-,"approved / ADA Interest Earned",2025-11-26 06:00:00
NXTrPfYsHbCXPYiARBLKrIAp7j,Fixed Term Interest,,LINK,21.96994660,LINK,21.96994660,$525.11,-,-,"approved / Term Deposit Interest",2025-11-26 05:00:00
NXTuKBooPsJzRv6o9DQYTw42UtRK,Interest,,BTC,0.00015044,BTC,0.00015044,$9.48,-,-,"approved / BTC Interest Earned",2025-11-25 06:00:00
NXTnxgTDZo9nJsA4qES5mUIvG18p,Interest,,ETH,0.00131051,ETH,0.00131051,$4.33,-,-,"approved / ETH Interest Earned",2025-11-25 06:00:00
NXTYIPqe5oJX3DLBcawNDotLhSyvyYIl2,Interest,,NEXO,1.28129484,NEXO,1.28129484,$1.80,-,-,"approved / NEXO Interest Earned",2025-11-25 06:00:00
NXTmKRBgs8Owa2LoPD0gHy7KjtL0d,Interest,,XRP,0.38755192,XRP,0.38755192,$0.47,-,-,"approved / XRP Interest Earned",2025-11-25 06:00:00
NXT9aPWXgVdYAz0CIW8UMf61aPIiV,Interest,,LINK,0.06073411,LINK,0.06073411,$1.43,-,-,"approved / LINK Interest Earned",2025-11-25 06:00:00
NXTZMVQ3RIzhPndPGE386p9168Sei,Interest,,DOGE,2.88885108,DOGE,2.88885108,$0.51,-,-,"approved / DOGE Interest Earned",2025-11-25 06:00:00
NXTH2bnfTyrDdN8nblqhMLAl4Le0Aap,Interest,,SOL,0.04940347,SOL,0.04940347,$10.14,-,-,"approved / SOL Interest Earned",2025-11-25 06:00:00
NXTSTO8i3j2XX4k3oKLMt16t,Interest,,ADA,0.52812355,ADA,0.52812355,$0.42,-,-,"approved / ADA Interest Earned",2025-11-25 06:00:00
NXTOu3mXBBNzem5MqkjbNAYJ1Yn,Exchange Cashback,,NEXO,4.89216765,NEXO,4.89216765,$6.57,-,-,"approved / 0.25 % on top of your Exchange transaction",2025-11-25 00:00:00
NXT4LRgnCqvk3wgwDMIBQzrL,Exchange,,NEXO,-86.08833512,USDC,94.69716863,$94.70,0.31779852,NEXO,"approved / Exchange NEXO to USDC",2025-11-25 00:00:00
NXT3rxUB07lewIcq50k12aeycH,Interest,,BTC,0.00007242,BTC,0.00007242,$4.44,-,-,"approved / BTC Interest Earned",2025-11-24 06:00:00
NXThGsrNcIXzuDLZY1rsaj8RjHZle1oe,Interest,,ETH,0.00101641,ETH,0.00101641,$2.27,-,-,"approved / ETH Interest Earned",2025-11-24 06:00:00
NXTZ24bjQNY5WLpJafq5W2JU,Interest,,NEXO,0.79728342,NEXO,0.79728342,$0.76,-,-,"approved / NEXO Interest Earned",2025-11-24 06:00:00
NXTht67PisEIPndcqrmeg69Iga85Roth,Interest,,XRP,0.42386867,XRP,0.42386867,$0.89,-,-,"approved / XRP Interest Earned",2025-11-24 06:00:00
NXTtcwaUXY3CsYCnbgYv4qD6ju8,Interest,,LINK,0.44324343,LINK,0.44324343,$8.29,-,-,"approved / LINK Interest Earned",2025-11-24 06:00:00
NXTSbn9BqMM8BLoLRy8MfYzsaxnAYv,Interest,,DOGE,3.19839579,DOGE,3.19839579,$1.18,-,-,"approved / DOGE Interest Earned",2025-11-24 06:00:00
NXTcE6oQcbHzuzftyyrdB6yL2xNKGqp,Interest,,SOL,0.04707486,SOL,0.04707486,$8.88,-,-,"approved / SOL Interest Earned",2025-11-24 06:00:00
NXTpYbd3XaeE71Ot4KYY5Bg5egRAdcMkf,Interest,,ADA,0.23173912,ADA,0.23173912,$0.06,-,-,"approved / ADA Interest Earned",2025-11-24 06:00:00
NXT9AM64P7hkftk23DgYI7Cq,Manual Repayment,,USD,173.64362754,USD,0.00000000,$173.64,-,-,"approved / Fiat Repayment",2025-11-24 00:00:00
NXTAo7Nirp0AUi0P2O3Soi2aBecjt,Interest,,BTC,0.00047520,BTC,0.00047520,$43.38,-,-,"approved / BTC Interest Earned",2025-11-23 06:00:00
NXTPAB2sQQA4FUKgerUT0TLEFFgK,Interest,,ETH,0.00303070,ETH,0.00303070,$8.26,-,-,"approved / ETH Interest Earned",2025-11-23 06:00:00
NXTOxpGzFRTfYvAK9MOx9VHjDGa6S,Interest,,NEXO,0.17270331,NEXO,0.17270331,$0.23,-,-,"approved / NEXO Interest Earned",2025-11-23 06:00:00
NXT8gP1BNCvrCnSW7nVL7GLMJgp8LmCey,Interest,,XRP,0.12046685,XRP,0.12046685,$0.05,-,-,"approved / XRP Interest Earned",2025-11-23 06:00:00
NXTxFzx1uEgAvcPXYms5fdMBKjSiG,Interest,,LINK,0.16854596,LINK,0.16854596,$1.12,-,-,"approved / LINK Interest Earned",2025-11-23 06:00:00
NXToDDXbmxQDKjzxHPagqd77rt,Interest,,DOGE,4.82596183,DOGE,4.82596183,$1.10,-,-,"approved / DOGE Interest Earned",2025-11-23 06:00:00
NXTKb9SPKIm0yCGDtgnmXrGVdbe,Interest,,SOL,0.03325103,SOL,0.03325103,$8.62,-,-,"approved / SOL Interest Earned",2025-11-23 06:00:00
NXTMobQSg9JNtqUjMQwGXjuCuza,Interest,,ADA,0.52446310,ADA,0.52446310,$0.21,-,-,"approved / ADA Interest Earned",2025-11-23 06:00:00
NXTDVKsQovROAUKiTqXzoYfe7t,Exchange Cashback,,USDC,4.24535070,USDC,4.24535070,$5.20,-,-,"approved / 1 % on top of your Exchange transaction",2025-11-23 00:00:00
NXT31OZMJVo5ONhD17MSJaeRDD,Interest,,BTC,0.00037881,BTC,0.00037881,$34.02,-,-,"approved / BTC Interest Earned",2025-11-22 06:00:00
NXTxWRiwK5nWoKf75NdguCgSUllte,Interest,,ETH,0.00107350,ETH,0.00107350,$4.20,-,-,"approved / ETH Interest Earned",2025-11-22 06:00:00
NXTJW2NGhLn8L9qXkJNZ7OuzzQWXf,Interest,,NEXO,1.03355038,NEXO,1.03355038,$1.45,-,-,"approved / NEXO Interest Earned",2025-11-22 06:00:00
NXTWkVksToucmLac8dsCe0t,Interest,,XRP,0.20881026,XRP,0.20881026,$0.46,-,-,"approved / XRP Interest Earned",2025-11-22 06:00:00
NXT0RtOd5kpyEiRdA6YqJMsoJK,Interest,,LINK,0.11554204,LINK,0.11554204,$1.80,-,-,"approved / LINK Interest Earned",2025-11-22 06:00:00
NXTKl9vFInCpXF3p5ovNZmlot0jV5bJxS,Interest,,DOGE,1.74729473,DOGE,1.74729473,$0.69,-,-,"approved / DOGE Interest Earned",2025-11-22 06:00:00
NXTvuecpifbRwwHEX7q9dj3YP6,Interest,,SOL,0.02347318,SOL,0.02347318,$0.78,-,-,"approved / SOL Interest Earned",2025-11-22 06:00:00
NXTMxxftFY6Vefp88vbSnQLpVeSDuEUw,Interest,,ADA,0.84721350,ADA,0.84721350,$0.27,-,-,"approved / ADA Interest Earned",2025-11-22 06:00:00
NXTF0TSiFL3lQYJy1ft0qcmxAjWY,Deposit To Exchange,,EUR,822.87000000,EURX,822.87000000,$844.68,-,-,"approved / EUR Top Up",2025-11-22 00:00:00
NXTmXyzlDLrZ7vYvTNYE1bt9c2,Exchange Deposited On,,EUR,-822.87000000,EURX,822.87000000,$844.68,-,-,"approved / EUR to EURX",2025-11-22 00:00:00
NXTzCxxLgkXHuGP7pttvVWRm7Iylvedm,Locking Term Deposit,,LINK,-115.13098617,LINK,115.13098617,$1726.96,-,-,"approved / Transfer from Savings Wallet to Term Wallet",2025-11-22 00:00:00
NXTv4Qi09QTEq7oE06jhYMPXCOB,Credit Card Withdrawal Credit,Card,xUSD,-123.76000000,xUSD,123.76000000,$123.76,-,-,"authorized / Nexo Card Loan Withdrawal",2025-11-22 00:00:00
NXTrPtgBKidxgr2yr0UqMAgFlBCM,Exchange Credit,Card,xUSD,-123.76000000,EURX,112.09000000,$123.76,-,-,"authorized / Nexo Card Loan Withdrawal",2025-11-22 00:00:00
NXT4rIbUwanWNHwXVyXPViqIzon,Nexo Card Purchase,Card,xUSD,-123.76000000,EURX,112.09000000,$123.76,-,-,"approved / REWE MARKT | BERLIN",2025-11-22 00:00:00
NXTQbX1q54zD6m0SXS7lmxgGbT4OuAX,Cashback,,NEXO,1.51418259,NEXO,1.51418259,$1.24,-,-,"approved / REWE MARKT | BERLIN",2025-11-22 00:00:00
NXTNVGakvtiXu8z98wXD16INByQcS6kp,Interest,,BTC,0.00013025,BTC,0.00013025,$8.35,-,-,"approved / BTC Interest Earned",2025-11-21 06:00:00
NXTMSuyzmKJiYJWj2EZRpjtw,Interest,,ETH,0.00083822,ETH,0.00083822,$2.48,-,-,"approved / ETH Interest Earned",2025-11-21 06:00:00
NXTDPysAoVHFDbecGtQjbQTO,Interest,,NEXO,0.87651448,NEXO,0.87651448,$1.05,-,-,"approved / NEXO Interest Earned",2025-11-21 06:00:00
NXTwwqyGMORd3ziCObgkQJpkd1yD4v,Interest,,XRP,0.05163190,XRP,0.05163190,$0.10,-,-,"approved / XRP Interest Earned",2025-11-21 06:00:00
NXTmJx7ioIyRadfqBKoyeTGFgN,Interest,,LINK,0.38072503,LINK,0.38072503,$9.03,-,-,"approved / LINK Interest Earned",2025-11-21 06:00:00
NXTJE88PbieihIIShojJ0ZJ0,Interest,,DOGE,0.53135295,DOGE,0.53135295,$0.11,-,-,"approved / DOGE Interest Earned",2025-11-21 06:00:00
NXTk4v7NxuhAnLBrkbWu6s1974sYZKj,Interest,,SOL,0.03794359,SOL,0.03794359,$6.09,-,-,"approved / SOL Interest Earned",2025-11-21 06:00:00
NXT5oesJ8XDBVORCkUsNm21MCEL1wg4,Interest,,ADA,0.34754349,ADA,0.34754349,$0.29,-,-,"approved / ADA Interest Earned",2025-11-21 06:00:00
NXToVwoFsQMfzB2uft4xnQvbkfcYf4pf,Interest,,BTC,0.00026206,BTC,0.00026206,$17.02,-,-,"approved / BTC Interest Earned",2025-11-20 06:00:00
NXTKDJ5vVLg5fEbczCdJep5xu7pYVNKmB,Interest,,ETH,0.00198689,ETH,0.00198689,$6.02,-,-,"approved / ETH Interest Earned",2025-11-20 06:00:00
NXTCZC1Bdynu705XCN00NDookJAZSuU,Interest,,NEXO,1.16136958,NEXO,1.16136958,$1.02,-,-,"approved / NEXO Interest Earned",2025-11-20 06:00:00
NXThaH31KR8SnhfvbvrDCWK6YSsD,Interest,,XRP,0.27494265,XRP,0.27494265,$0.68,-,-,"approved / XRP Interest Earned",2025-11-20 06:00:00
NXTE9DtBrUzCFWjyJsu6QVJ,Interest,,LINK,0.42437980,LINK,0.42437980,$3.39,-,-,"approved / LINK Interest Earned",2025-11-20 06:00:00
NXTx1TaASTl1O1eG5WDM123BxcOJ3zxEK,Interest,,DOGE,3.23984783,DOGE,3.23984783,$0.52,-,-,"approved / DOGE Interest Earned",2025-11-20 06:00:00
NXTeWdBowiLkOcH34rkl6oWnKorbyR,Interest,,SOL,0.04408775,SOL,0.04408775,$9.43,-,-,"approved / SOL Interest Earned",2025-11-20 06:00:00
NXTJ8RQaLOlB2uisivDZcx6p2IrD6,Interest,,ADA,0.15230691,ADA,0.15230691,$0.16,-,-,"approved / ADA Interest Earned",2025-11-20 06:00:00
NXT7ovgmaqcD1kN8ozPnDVJB,Interest,,BTC,0.00027165,BTC,0.00027165,$18.34,-,-,"approved / BTC Interest Earned",2025-11-19 06:00:00
NXTGbR03adCSXVBwYybk0l9z3DK,Interest,,ETH,0.00419083,ETH,0.00419083,$8.17,-,-,"approved / ETH Interest Earned",2025-11-19 06:00:00
NXTiFVy6gYP7XkqOtjx5KWHX,Interest,,NEXO,0.60239143,NEXO,0.60239143,$0.81,-,-,"approved / NEXO Interest Earned",2025-11-19 06:00:00
NXT1yVt7Nq4RlQtreGXQPVRfxBFbudIO,Interest,,XRP,0.11603603,XRP,0.11603603,$0.13,-,-,"approved / XRP Interest Earned",2025-11-19 06:00:00
NXTB6AsgWrEexibePppqdglkmy,Interest,,LINK,0.29294375,LINK,0.29294375,$5.60,-,-,"approved / LINK Interest Earned",2025-11-19 06:00:00
NXT5DDTaAPB8oCiLaADZNlfjrGGIO,Interest,,DOGE,1.38017782,DOGE,1.38017782,$0.36,-,-,"approved / DOGE Interest Earned",2025-11-19 06:00:00
NXTnoZk0OXpAsKfcSQoQx4XJ7SUOoiY9,Interest,,SOL,0.00604592,SOL,0.00604592,$0.69,-,-,"approved / SOL Interest Earned",2025-11-19 06:00:00
NXTdITxJl9iy7Ck75ep3TWvkXihJ5bRCX,Interest,,ADA,1.43981835,ADA,1.43981835,$1.18,-,-,"approved / ADA Interest Earned",2025-11-19 06:00:00
NXT5jFTkf2wt2WZnpbEvti4xznLyNqUaI,Interest,,BTC,0.00018102,BTC,0.00018102,$13.68,-,-,"approved / BTC Interest Earned",2025-11-18 06:00:00
NXTZfWIJgFCxeJQsXLkmg4MlVVGNPD,Interest,,ETH,0.00399543,ETH,0.00399543,$7.41,-,-,"approved / ETH Interest Earned",2025-11-18 06:00:00
NXTWKcbuSqXnZnVHOg1XkiaKV1dz6,Interest,,NEXO,0.93595211,NEXO,0.93595211,$1.03,-,-,"approved / NEXO Interest Earned",2025-11-18 06:00:00
NXTnKC9Pg6NC1VMqPYORDk6DFygv,Interest,,XRP,0.15844594,XRP,0.15844594,$0.35,-,-,"approved / XRP Interest Earned",2025-11-18 06:00:00
NXTtyuOCMtoiwxIZPK8vUsE5gzcW4V,Interest,,LINK,0.34167101,LINK,0.34167101,$6.80,-,-,"approved / LINK Interest Earned",2025-11-18 06:00:00
NXTzoTO7sabgyK8NfTEKSYQ8hv,Interest,,DOGE,1.68121138,DOGE,1.68121138,$0.52,-,-,"approved / DOGE Interest Earned",2025-11-18 06:00:00
NXTGn6xVcClZgevQOcgU6CX,Interest,,SOL,0.01664774,SOL,0.01664774,$1.69,-,-,"approved / SOL Interest Earned",2025-11-18 06:00:00
NXTAL6tQyRgXJWPV5Ayp9XEo2XRKcdh,Interest,,ADA,0.61244961,ADA,0.61244961,$0.17,-,-,"approved / ADA Interest Earned",2025-11-18 06:00:00
NXTRkaN4pTB1DS4rplhZjKddi9FS,Exchange Cashback,,NEXO,4.24153558,NEXO,4.24153558,$5.79,-,-,"approved / 0.25 % on top of your Exchange transaction",2025-11-18 00:00:00
NXTXOliVymFGanyPtf3mCqLNc47l6,Exchange,,EURX,-294.16222814,USDC,317.69520639,$317.70,2.89241239,EURX,"approved / Exchange EURX to USDC",2025-11-18 00:00:00
NXT5ArCzqz5HOWv5yIMC3Ywk,Credit Card Withdrawal Credit,Card,xUSD,-167.51000000,xUSD,167.51000000,$167.51,-,-,"authorized / Nexo Card Loan Withdrawal",2025-11-18 00:00:00
NXT9CB3QJUFthtHaAYuJOGZfXpcU,Exchange Credit,Card,xUSD,-167.51000000,EURX,151.40000000,$167.51,-,-,"authorized / Nexo Card Loan Withdrawal",2025-11-18 00:00:00
NXTJsEYRCEQwgI3QR6Czkf8u12HWr,Nexo Card Purchase,Card,xUSD,-167.51000000,EURX,151.40000000,$167.51,-,-,"approved / SHELL 1234 | FRANKFURT",2025-11-18 00:00:00
NXTppjBegVfY40gaXzeohvVzCDe6nO,Cashback,,NEXO,1.64231027,NEXO,1.64231027,$1.68,-,-,"approved / SHELL 1234 | FRANKFURT",2025-11-18 00:00:00
NXTXnIG5B2vR4MZey7zh50bfgTlx5,Interest,,BTC,0.00017132,BTC,0.00017132,$15.32,-,-,"approved / BTC Interest Earned",2025-11-17 06:00:00
NXTU3eJaFmhSp9K9upkSreShCIcwthowf,Interest,,ETH,0.00266897,ETH,0.00266897,$8.58,-,-,"approved / ETH Interest Earned",2025-11-17 06:00:00
NXTdIThTEYpFGYGVZuQj3wPPP2j4S3Vgn,Interest,,NEXO,1.49729146,NEXO,1.49729146,$1.69,-,-,"approved / NEXO Interest Earned",2025-11-17 06:00:00
NXT3FATQZEzEb6rXn8TJZDjoNfD3Q,Interest,,XRP,0.16046120,XRP,0.16046120,$0.13,-,-,"approved / XRP Interest Earned",2025-11-17 06:00:00
NXT5REHCr7dN8x35AuhUhMEpn,Interest,,LINK,0.36910367,LINK,0.36910367,$6.42,-,-,"approved / LINK Interest Earned",2025-11-17 06:00:00
NXTewNtgzGA5aYJmTYdgWZfTJOj5,Interest,,DOGE,3.25907846,DOGE,3.25907846,$0.65,-,-,"approved / DOGE Interest Earned",2025-11-17 06:00:00
NXTXnVLDzdMVBR7X28rXmsaZunUx2y9,Interest,,SOL,0.00808459,SOL,0.00808459,$1.18,-,-,"approved / SOL Interest Earned",2025-11-17 06:00:00
NXTqzapjyMB15ZyREcum50sJgQSY,Interest,,ADA,1.02334373,ADA,1.02334373,$1.16,-,-,"approved / ADA Interest Earned",2025-11-17 06:00:00
NXTDffmwFliFm38VHenMGHNRELvMMY,Interest,,BTC,0.00020908,BTC,0.00020908,$14.81,-,-,"approved / BTC Interest Earned",2025-11-16 06:00:00
NXTXek98uY08gCUlH6gnH7f3VT97eqxqR,Interest,,ETH,0.00285132,ETH,0.00285132,$9.96,-,-,"approved / ETH Interest Earned",2025-11-16 06:00:00
NXTgLwC0800TgdtDlffSfpuNw,Interest,,NEXO,1.96585624,NEXO,1.96585624,$1.81,-,-,"approved / NEXO Interest Earned",2025-11-16 06:00:00
NXTnlYsBHPgc9TwIPtCTRoXu2hI8,Interest,,XRP,0.43203870,XRP,0.43203870,$1.04,-,-,"approved / XRP Interest Earned",2025-11-16 06:00:00
NXT61LvdtfMTgzgRxNQfdU0RGiPiT,Interest,,LINK,0.31893614,LINK,0.31893614,$2.51,-,-,"approved / LINK Interest Earned",2025-11-16 06:00:00
NXT5jfYwNkWZJxjGNEXRUaJiXN6NEVI,Interest,,DOGE,2.32024030,DOGE,2.32024030,$0.27,-,-,"approved / DOGE Interest Earned",2025-11-16 06:00:00
NXTjcOC0IMTplChLfu3Yu92Xb,Interest,,SOL,0.02333739,SOL,0.02333739,$4.41,-,-,"approved / SOL Interest Earned",2025-11-16 06:00:00
NXTyXcIk5laW02q7y87cJpfFTFB7qc3,Interest,,ADA,1.86652058,ADA,1.86652058,$2.09,-,-,"approved / ADA Interest Earned",2025-11-16 06:00:00
NXTCGVdnuj6UnsrMqFLUSoHPjnBAD0,Interest,,BTC,0.00025682,BTC,0.00025682,$18.72,-,-,"approved / BTC Interest Earned",2025-11-15 06:00:00
NXTZ2s1C2kzipyHRF3I2EEW71M,Interest,,ETH,0.00455979,ETH,0.00455979,$13.12,-,-,"approved / ETH Interest Earned",2025-11-15 06:00:00
NXT0SivlUW217WDCIrqj7DCeKvs,Interest,,NEXO,1.39986284,NEXO,1.39986284,$1.76,-,-,"approved / NEXO Interest Earned",2025-11-15 06:00:00
NXTOmMdcSJrczyTjUSvG7uOwvl,Interest,,XRP,0.08421411,XRP,0.08421411,$0.17,-,-,"approved / XRP Interest Earned",2025-11-15 06:00:00
NXTAbQ4V1cC1Jedpt9PZeLVFKyteH,Interest,,LINK,0.14012816,LINK,0.14012816,$2.64,-,-,"approved / LINK Interest Earned",2025-11-15 06:00:00
NXTUB5yeTDAfNOFPrCKyOWx2Ra,Interest,,DOGE,3.57281277,DOGE,3.57281277,$0.66,-,-,"approved / DOGE Interest Earned",2025-11-15 06:00:00
NXTvLxGMrkooTJlArbrDpHkjpvnfy,Interest,,SOL,0.01927033,SOL,0.01927033,$1.00,-,-,"approved / SOL Interest Earned",2025-11-15 06:00:00
NXT1nKfCTvqsshlLrb32kSWDnwf4QU,Interest,,ADA,0.16123989,ADA,0.16123989,$0.11,-,-,"approved / ADA Interest Earned",2025-11-15 06:00:00
NXTuiSD1gl2VJtXMffX0G3ui,Transfer Out,,USDC,-1407.66477665,USDC,1407.66477665,$1407.66,-,-,"approved / Transfer from Savings Wallet to Credit Line Wallet",2025-11-15 00:00:00
NXTb3ZuCRmM1VsooPIbBwXuic,Exchange,,XRP,-120.87780729,NEXO,164.83337358,$181.32,0.64133476,XRP,"approved / Exchange XRP to NEXO",2025-11-15 00:00:00
NXTi29gIW7RvjjrWyL6RBStud,Exchange,,EURX,-78.37568993,USDC,84.64574513,$84.65,0.63526154,EURX,"approved / Exchange EURX to USDC",2025-11-15 00:00:00
NXTlJ9c7oxxK6AkkvoxJfeZWlPZ,Interest,,BTC,0.00016597,BTC,0.00016597,$11.81,-,-,"approved / BTC Interest Earned",2025-11-14 06:00:00
NXThO1sxPFlzmsGL7pDg7GBLTFW,Interest,,ETH,0.00406872,ETH,0.00406872,$14.97,-,-,"approved / ETH Interest Earned",2025-11-14 06:00:00
NXTpIxMiubqvZJv80N6Y9L2501p,Interest,,NEXO,0.78774552,NEXO,0.78774552,$0.79,-,-,"approved / NEXO Interest Earned",2025-11-14 06:00:00
NXTrmL0DuqhImcKKqI6nrrTNPGABH,Interest,,XRP,0.24211400,XRP,0.24211400,$0.56,-,-,"approved / XRP Interest Earned",2025-11-14 06:00:00
NXTRC0N21Ad0M4f7nGX65BuDwAuOe,Interest,,LINK,0.31072583,LINK,0.31072583,$4.56,-,-,"approved / LINK Interest Earned",2025-11-14 06:00:00
NXTQxPq2QmR8w38Ju29rVbu,Interest,,DOGE,3.77587097,DOGE,3.77587097,$0.85,-,-,"approved / DOGE Interest Earned",2025-11-14 06:00:00
NXTXovcZUqlIeZHkuBscid11H29AkxZF,Interest,,SOL,0.02103908,SOL,0.02103908,$4.75,-,-,"approved / SOL Interest Earned",2025-11-14 06:00:00
NXTGrpU11PmFnSfV0iIxu7LmVN,Interest,,ADA,1.60021248,ADA,1.60021248,$1.36,-,-,"approved / ADA Interest Earned",2025-11-14 06:00:00
NXTfzZkC7ZBl1zzszEIeJ3GQKK,Interest,,BTC,0.00043398,BTC,0.00043398,$30.80,-,-,"approved / BTC Interest Earned",2025-11-13 06:00:00
NXTRhmZEAElQkyXQAhZeMGqc0,Interest,,ETH,0.00313361,ETH,0.00313361,$8.59,-,-,"approved / ETH Interest Earned",2025-11-13 06:00:00
NXTpPLUxWFvA71Q4HZj09nN,Interest,,NEXO,0.68989736,NEXO,0.68989736,$0.84,-,-,"approved / NEXO Interest Earned",2025-11-13 06:00:00
NXTgYeLTu2eT86pEAl5Y9RzcRyJq,Interest,,XRP,0.11547497,XRP,0.11547497,$0.12,-,-,"approved / XRP Interest Earned",2025-11-13 06:00:00
NXTpotndp3XLGTWMOAPwWHirTIULkgD,Interest,,LINK,0.16619360,LINK,0.16619360,$3.60,-,-,"approved / LINK Interest Earned",2025-11-13 06:00:00
NXT65zFem7D5CDiDosa5sOOT6fM20oYz4,Interest,,DOGE,3.99379919,DOGE,3.99379919,$0.53,-,-,"approved / DOGE Interest Earned",2025-11-13 06:00:00
NXTta3gXrkVI0j9bQpZwRtzR6hTA,Interest,,SOL,0.01005655,SOL,0.01005655,$0.77,-,-,"approved / SOL Interest Earned",2025-11-13 06:00:00
NXTaXrtvMMelctNsufNd4l1PYeN,Interest,,ADA,0.22373872,ADA,0.22373872,$0.13,-,-,"approved / ADA Interest Earned",2025-11-13 06:00:00
NXTrdHjaoOkXkVTQeUxhWzzaHP,Interest,,BTC,0.00037767,BTC,0.00037767,$23.98,-,-,"approved / BTC Interest Earned",2025-11-12 06:00:00
NXT9TLCFROAlcvfRgdDahoI2bOHLgn,Interest,,ETH,0.00356100,ETH,0.00356100,$11.95,-,-,"approved / ETH Interest Earned",2025-11-12 06:00:00
NXT2KeqNw5ADMvyhlAeBTYQP,Interest,,NEXO,0.11219754,NEXO,0.11219754,$0.12,-,-,"approved / NEXO Interest Earned",2025-11-12 06:00:00
NXTovgUVxWH6xECm0GUZcTnOS7P7s,Interest,,XRP,0.27521417,XRP,0.27521417,$0.54,-,-,"approved / XRP Interest Earned",2025-11-12 06:00:00
NXTEmnsQeCWQkPxsoL9Tm5qbp,Interest,,LINK,0.40435650,LINK,0.40435650,$9.23,-,-,"approved / LINK Interest Earned",2025-11-12 06:00:00
NXTyFDbxI7arnQ5oTQev8Ui79KPk5xLr,Interest,,DOGE,1.90937177,DOGE,1.90937177,$0.52,-,-,"approved / DOGE Interest Earned",2025-11-12 06:00:00
NXTUQJfChjDGbHBK9ydZuBLWTOZDr,Interest,,SOL,0.00314037,SOL,0.00314037,$0.26,-,-,"approved / SOL Interest Earned",2025-11-12 06:00:00
NXTt5iEgHzuzGfMP93aenX0,Interest,,ADA,1.26717079,ADA,1.26717079,$1.07,-,-,"approved / ADA Interest Earned",2025-11-12 06:00:00
NXTpsWlRARbdKKX882byNPjCb1DkJ,Locking Term Deposit,,BTC,-0.01700969,BTC,0.01700969,$1360.78,-,-,"approved / Transfer from Savings Wallet to Term Wallet",2025-11-12 00:00:00
NXTvb9kw2YjAP4XvQGEGIPvveNAcL4fof,Interest,,BTC,0.00005928,BTC,0.00005928,$3.85,-,-,"approved / BTC Interest Earned",2025-11-11 06:00:00
NXTvwUnCbVil0zmBx9iftD7SVUV,Interest,,ETH,0.00264486,ETH,0.00264486,$10.49,-,-,"approved / ETH Interest Earned",2025-11-11 06:00:00
NXTbph8OyaMdJfZoWoMueU6tcuMKi,Interest,,NEXO,0.58892343,NEXO,0.58892343,$0.51,-,-,"approved / NEXO Interest Earned",2025-11-11 06:00:00
NXTBPgkVroW5GcF0fsjjLpscQIWop,Interest,,XRP,0.41940005,XRP,0.41940005,$0.97,-,-,"approved / XRP Interest Earned",2025-11-11 06:00:00
NXTBCLdSsbrq3GROp2x4fcOj8DhN,Interest,,LINK,0.10963158,LINK,0.10963158,$1.41,-,-,"approved / LINK Interest Earned",2025-11-11 06:00:00
NXTK66LyWvdC1F0iMUTEYjgIy3WBQAEVw,Interest,,DOGE,1.94311961,DOGE,1.94311961,$0.43,-,-,"approved / DOGE Interest Earned",2025-11-11 06:00:00
NXTaNvKMTxmpta9aWxYpEM2UtvdKFC,Interest,,SOL,0.02867912,SOL,0.02867912,$5.27,-,-,"approved / SOL Interest Earned",2025-11-11 06:00:00
NXTqLSmzQQseSjWHfepIikd,Interest,,ADA,0.85354156,ADA,0.85354156,$0.41,-,-,"approved / ADA Interest Earned",2025-11-11 06:00:00
NXTXH7d7VIFMEiWtweyjkBsrCWf4PiePj,Exchange,,LINK,-6.22078717,ETH,0.03110394,$93.31,0.06033332,LINK,"approved / Exchange LINK to ETH",2025-11-11 00:00:00
NXThB3WuIleZK6vyXHBO0tAdOVa,Interest,,BTC,0.00016537,BTC,0.00016537,$15.27,-,-,"approved / BTC Interest Earned",2025-11-10 06:00:00
NXTRl6I3vCdobimhTjNdFZcrJ8yNv9k0,Interest,,ETH,0.00321561,ETH,0.00321561,$7.81,-,-,"approved / ETH Interest Earned",2025-11-10 06:00:00
NXTNakcWEm6YW4OAqXBo6Trb,Interest,,NEXO,0.87534119,NEXO,0.87534119,$0.83,-,-,"approved / NEXO Interest Earned",2025-11-10 06:00:00
NXTYVs67wzWEdx3Wws6nuexA,Interest,,XRP,0.41403761,XRP,0.41403761,$0.60,-,-,"approved / XRP Interest Earned",2025-11-10 06:00:00
NXTv2mUqmsTo6vHAjzEAystj1YDGa,Interest,,LINK,0.29703789,LINK,0.29703789,$4.81,-,-,"approved / LINK Interest Earned",2025-11-10 06:00:00
NXTj2zXIOOs2T9Q1bbSsXwSKGy,Interest,,DOGE,2.78551643,DOGE,2.78551643,$0.83,-,-,"approved / DOGE Interest Earned",2025-11-10 06:00:00
NXTCr4VVJRB4Ei8tN5P8aIb,Interest,,SOL,0.00909406,SOL,0.00909406,$1.98,-,-,"approved / SOL Interest Earned",2025-11-10 06:00:00
NXTgciRa9blItv2iCqQPonE1VlXS,Interest,,ADA,0.90124924,ADA,0.90124924,$0.51,-,-,"approved / ADA Interest Earned",2025-11-10 06:00:00
NXTxcDm4vY2nOyreVvFQ0ub2,Top up Crypto,,BTC,0.05647187,BTC,0.05647187,$4517.75,-,-,"approved / 8a8e1e4eb2435ad84e0ad052f27b81fb2058605ef05aa58dfbe32c262ec6ab32",2025-11-10 00:00:00
NXTOhcc9hoHyx6RHKT2OZM6rQnB,Top up Crypto,,SOL,5.61987991,SOL,5.61987991,$786.78,-,-,"approved / 97e4c95a9abadaea479b14b228f8ed4d7cb51f2fdbffc5c087aa9df130e8e31d",2025-11-10 00:00:00
NXTBhpRmQaAgGMRz3FMrWELWZ8wzj,Top up Crypto,,USDC,731.99594914,USDC,731.99594914,$732.00,-,-,"approved / f5073c92cc2666708bfec800b3e418410f7886a2f7c2ec03f3081bc6ac9901d0",2025-11-10 00:00:00
NXTISP04L14mtFSw3LgJDfpp3FzN,Interest,,BTC,0.00025692,BTC,0.00025692,$16.63,-,-,"approved / BTC Interest Earned",2025-11-09 06:00:00
NXTYbm66QYzwWiyu1KkSPrcc2P,Interest,,ETH,0.00433879,ETH,0.00433879,$14.88,-,-,"approved / ETH Interest Earned",2025-11-09 06:00:00
NXTdsUWtKIumi2yOT2Rmo304xSZma4dcd,Interest,,NEXO,0.36837547,NEXO,0.36837547,$0.44,-,-,"approved / NEXO Interest Earned",2025-11-09 06:00:00
NXTIGTYtZ7kN6u7dH6UMdTdq,Interest,,XRP,0.41933993,XRP,0.41933993,$0.69,-,-,"approved / XRP Interest Earned",2025-11-09 06:00:00
NXTfVyHNFYiiNGv9VsCRpCavSeZ9c,Interest,,LINK,0.14928129,LINK,0.14928129,$2.15,-,-,"approved / LINK Interest Earned",2025-11-09 06:00:00
NXTPTaLEmBF8fKhtPLDz1OUgYA,Interest,,DOGE,2.06983188,DOGE,2.06983188,$0.57,-,-,"approved / DOGE Interest Earned",2025-11-09 06:00:00
NXTD1hGYn5AGPwfO2Wk5kjAAFQaRmN,Interest,,SOL,0.03481388,SOL,0.03481388,$1.52,-,-,"approved / SOL Interest Earned",2025-11-09 06:00:00
NXTkINPS7asKYJguMDjuLEsIlI7G,Interest,,ADA,0.26268802,ADA,0.26268802,$0.16,-,-,"approved / ADA Interest Earned",2025-11-09 06:00:00
NXTTTcpIZgjfoSKuzABEfou7OLJV,Fixed Term Interest,,BTC,0.00816120,BTC,0.00816120,$520.80,-,-,"approved / Term Deposit Interest",2025-11-09 05:00:00
NXTOFlzH5YaNFw1kL9dEz5iHNUEx,Locking Term Deposit,,ETH,-0.22416330,ETH,0.22416330,$672.49,-,-,"approved / Transfer from Savings Wallet to Term Wallet",2025-11-09 00:00:00
NXTzI13HaHT1nDXeynqoplg0N0Gb,Exchange,,USDC,-499.30575509,EURX,462.32014360,$499.31,2.42272041,USDC,"approved / Exchange USDC to EURX",2025-11-09 00:00:00
NXTJUTrNddpvxFenuGOrODCvdcNgz5x,Interest,,BTC,0.00011620,BTC,0.00011620,$9.10,-,-,"approved / BTC Interest Earned",2025-11-08 06:00:00
NXTIc7LjC4g3GIRDgfw5AX8gJDZBJS,Interest,,ETH,0.00251320,ETH,0.00251320,$7.46,-,-,"approved / ETH Interest Earned",2025-11-08 06:00:00
NXTe1S1u8mlwHKABjwwopOVFryOf4,Interest,,NEXO,0.48373281,NEXO,0.48373281,$0.45,-,-,"approved / NEXO Interest Earned",2025-11-08 06:00:00
NXTeuY5AE1a2mjFm3CDxKYn,Interest,,XRP,0.36517959,XRP,0.36517959,$0.40,-,-,"approved / XRP Interest Earned",2025-11-08 06:00:00
NXTkhG6A8aHY6a45hSaCZIS,Interest,,LINK,0.19249510,LINK,0.19249510,$3.49,-,-,"approved / LINK Interest Earned",2025-11-08 06:00:00
NXTD56h2FihTO5mWdBfeZSrlPE37vO,Interest,,DOGE,1.25112752,DOGE,1.25112752,$0.31,-,-,"approved / DOGE Interest Earned",2025-11-08 06:00:00
NXT9fM5SAhJNgwLvyVzcLQGorqbSj6,Interest,,SOL,0.04258955,SOL,0.04258955,$7.92,-,-,"approved / SOL Interest Earned",2025-11-08 06:00:00
NXTxSmCmRhfeq9RCwrPAVuWKf6cRcyZja,Interest,,ADA,1.69528943,ADA,1.69528943,$1.95,-,-,"approved / ADA Interest Earned",2025-11-08 06:00:00
NXTkJsjVG3krloimKN4dflIXVoqZC6,Exchange Cashback,,USDC,4.70662615,USDC,4.70662615,$3.88,-,-,"approved / 0.5 % on top of your Exchange transaction",2025-11-08 00:00:00
NXTSCwpkWjAoN1YEZGOg6NkVW,Referral Bonus,,BTC,0.00056603,BTC,0.00056603,$25.00,-,-,"approved / Referral bonus",2025-11-08 00:00:00
NXTLlc6pZVpUJR2ReiBLM0xm8,Interest,,BTC,0.00025401,BTC,0.00025401,$15.98,-,-,"approved / BTC Interest Earned",2025-11-07 06:00:00
NXTgOmQzJ2vnGcgr1YXkAsA122w,Interest,,ETH,0.00389735,ETH,0.00389735,$12.02,-,-,"approved / ETH Interest Earned",2025-11-07 06:00:00
NXTtv74EZPtUM8qBsAkYJRZbzia,Interest,,NEXO,1.63041607,NEXO,1.63041607,$1.86,-,-,"approved / NEXO Interest Earned",2025-11-07 06:00:00
NXTzx51iP1VU2Sl6TRMKnQqiigBWxajm,Interest,,XRP,0.23597408,XRP,0.23597408,$0.16,-,-,"approved / XRP Interest Earned",2025-11-07 06:00:00
NXTTa48SC2x1sOCmOGfCQ69ipBTjdJRtS,Interest,,LINK,0.45184081,LINK,0.45184081,$6.67,-,-,"approved / LINK Interest Earned",2025-11-07 06:00:00
NXTamNP0WYAaeiXjY03SGFqyp7HmUA,Interest,,DOGE,2.27618380,DOGE,2.27618380,$0.49,-,-,"approved / DOGE Interest Earned",2025-11-07 06:00:00
NXT6F6QLETfmauPLrA4iIwz,Interest,,SOL,0.02311658,SOL,0.02311658,$3.66,-,-,"approved / SOL Interest Earned",2025-11-07 06:00:00
NXT1jMVfIndO3aguyDWGQRd2,Interest,,ADA,1.17969258,ADA,1.17969258,$1.23,-,-,"approved / ADA Interest Earned",2025-11-07 06:00:00
NXTaeduCoUx3ftBfnPeKIinbrDyMN,Interest,,BTC,0.00026471,BTC,0.00026471,$23.30,-,-,"approved / BTC Interest Earned",2025-11-06 06:00:00
NXTCZ1lXYGPoipnFVqChgup2Luu,Interest,,ETH,0.00431996,ETH,0.00431996,$10.84,-,-,"approved / ETH Interest Earned",2025-11-06 06:00:00
NXT5xZIxkkCoVniXPslnfN5ixcbZLy4Q,Interest,,NEXO,0.97121819,NEXO,0.97121819,$1.35,-,-,"approved / NEXO Interest Earned",2025-11-06 06:00:00
NXTE6LZbfC5khQK3xn1Zy9YU,Interest,,XRP,0.32004240,XRP,0.32004240,$0.43,-,-,"approved / XRP Interest Earned",2025-11-06 06:00:00
NXTKFsWYajzPdJNnMEELaOlKvg,Interest,,LINK,0.48702941,LINK,0.48702941,$4.04,-,-,"approved / LINK Interest Earned",2025-11-06 06:00:00
NXTSPRdTvLaB9YiaXvXnUfxMCWVrx,Interest,,DOGE,1.15801203,DOGE,1.15801203,$0.45,-,-,"approved / DOGE Interest Earned",2025-11-06 06:00:00
NXTBWhsUmM45P8AAAdkD3zhWjf,Interest,,SOL,0.02261352,SOL,0.02261352,$2.01,-,-,"approved / SOL Interest Earned",2025-11-06 06:00:00
NXTdPXMjpPyMQBxZNmpjQhwj1xNSOwn,Interest,,ADA,1.43055709,ADA,1.43055709,$0.79,-,-,"approved / ADA Interest Earned",2025-11-06 06:00:00
NXTsALoWe4EMg9hJrpjv2eo5ndLAP,Interest,,BTC,0.00042608,BTC,0.00042608,$31.06,-,-,"approved / BTC Interest Earned",2025-11-05 06:00:00
NXTYu9kOT3aNrSeRKLMG4wyrJ6n,Interest,,ETH,0.00224841,ETH,0.00224841,$6.24,-,-,"approved / ETH Interest Earned",2025-11-05 06:00:00
NXT9RvB64mwF20lNfjzVwwq2DPf1Or0a,Interest,,NEXO,0.21087318,NEXO,0.21087318,$0.22,-,-,"approved / NEXO Interest Earned",2025-11-05 06:00:00
NXT1qWFWga88zHdq8VEHazlSh1Oii,Interest,,XRP,0.41828530,XRP,0.41828530,$0.61,-,-,"approved / XRP Interest Earned",2025-11-05 06:00:00
NXTrHD1GwLKbqcUqLhxWR6vb0,Interest,,LINK,0.11663745,LINK,0.11663745,$1.09,-,-,"approved / LINK Interest Earned",2025-11-05 06:00:00
NXT5kNK5a5rN6wE8LCohH0bsM4SusM,Interest,,DOGE,3.98436497,DOGE,3.98436497,$0.54,-,-,"approved / DOGE Interest Earned",2025-11-05 06:00:00
NXTVfOrIXr2hcfFILbnv8ISb9CKhjnO,Interest,,SOL,0.04370776,SOL,0.04370776,$2.20,-,-,"approved / SOL Interest Earned",2025-11-05 06:00:00
NXT54YyJtuuvExJRbVl3az7Jds3,Interest,,ADA,1.47823216,ADA,1.47823216,$1.38,-,-,"approved / ADA Interest Earned",2025-11-05 06:00:00
NXTbnuOpwHEGWNTBF4JYjI4lC92,Exchange Cashback,,NEXO,4.88983505,NEXO,4.88983505,$5.76,-,-,"approved / 0.5 % on top of your Exchange transaction",2025-11-05 00:00:00
NXTflKYLChn7VJwmsf8dDOTcn2Slie,Withdrawal,,USDC,-325.04790920,USDC,325.04790920,$325.05,-,-,"approved / USDC withdrawal",2025-11-05 00:00:00
NXTN1RzmM5unOzuUpJzgTjJKo,Interest,,BTC,0.00006060,BTC,0.00006060,$4.64,-,-,"approved / BTC Interest Earned",2025-11-04 06:00:00
NXTWef1PFg3FmCbbXDxDkZafHADISIi,Interest,,ETH,0.00323788,ETH,0.00323788,$12.74,-,-,"approved / ETH Interest Earned",2025-11-04 06:00:00
NXTihrWKsVyuriJZk0sUmYLC,Interest,,NEXO,1.49063943,NEXO,1.49063943,$1.79,-,-,"approved / NEXO Interest Earned",2025-11-04 06:00:00
NXTNsnYq0ePlz4SJfz9bQInnggykWJhW,Interest,,XRP,0.38662304,XRP,0.38662304,$0.63,-,-,"approved / XRP Interest Earned",2025-11-04 06:00:00
NXTcUmo8n4zDX7qXrZHQfdeALc94fy8J,Interest,,LINK,0.16110433,LINK,0.16110433,$2.81,-,-,"approved / LINK Interest Earned",2025-11-04 06:00:00
NXTVct3k4jI205zHc72Lpi7V,Interest,,DOGE,3.69669753,DOGE,3.69669753,$1.18,-,-,"approved / DOGE Interest Earned",2025-11-04 06:00:00
NXTsqjdtedD9fZ5g5xeWgRfEmiRK,Interest,,SOL,0.01363303,SOL,0.01363303,$3.20,-,-,"approved / SOL Interest Earned",2025-11-04 06:00:00
NXT9sC1k5IOrh0CNt45e5nB,Interest,,ADA,0.68793044,ADA,0.68793044,$0.73,-,-,"approved / ADA Interest Earned",2025-11-04 06:00:00
NXT9yaE8IH2JUcqa8mhDCeYQMr,Deposit To Exchange,,EUR,469.10000000,EURX,469.10000000,$510.22,-,-,"approved / EUR Top Up",2025-11-04 00:00:00
NXTEOGmNswA6d8lfsrs5nUk,Exchange Deposited On,,EUR,-469.10000000,EURX,469.10000000,$510.22,-,-,"approved / EUR to EURX",2025-11-04 00:00:00
NXTgoJEjV6rLlXy35SeHNAtKfysO,Locking Term Deposit,,NEXO,-378.55220382,NEXO,378.55220382,$416.41,-,-,"approved / Transfer from Savings Wallet to Term Wallet",2025-11-04 00:00:00
NXTW5pIDl4oaDoopwxTfQsZjfqW,Interest,,BTC,0.00036702,BTC,0.00036702,$34.59,-,-,"approved / BTC Interest Earned",2025-11-03 06:00:00
NXTZniQrKrBOAFdGxdgRDptKu6pAHkgX,Interest,,ETH,0.00256095,ETH,0.00256095,$7.79,-,-,"approved / ETH Interest Earned",2025-11-03 06:00:00
NXTCcPNtsuCdNOa1YOpYe6lUacld7Au,Interest,,NEXO,1.02318195,NEXO,1.02318195,$1.21,-,-,"approved / NEXO Interest Earned",2025-11-03 06:00:00
NXTP4irfrjzDgetKif1Ap0G,Interest,,XRP,0.34116437,XRP,0.34116437,$0.81,-,-,"approved / XRP Interest Earned",2025-11-03 06:00:00
NXTc9o8iPcxOfPMceVptngoklx8,Interest,,LINK,0.10792625,LINK,0.10792625,$2.40,-,-,"approved / LINK Interest Earned",2025-11-03 06:00:00
NXTpZzrhsFsXLAaqFAqUTKwBCPM1pPIM,Interest,,DOGE,4.08473182,DOGE,4.08473182,$0.50,-,-,"approved / DOGE Interest Earned",2025-11-03 06:00:00
NXTwZfQ98zYIeE37wpNd4zgD9n,Interest,,SOL,0.00969000,SOL,0.00969000,$1.29,-,-,"approved / SOL Interest Earned",2025-11-03 06:00:00
NXTj2W65ySPuIRRzV2J3Ujm4Uy5j,Interest,,ADA,0.86820759,ADA,0.86820759,$0.70,-,-,"approved / ADA Interest Earned",2025-11-03 06:00:00
NXTqnJMb3HNspYzCQjzCvi1t9vyVFgoh,Top up Crypto,,DOGE,3871.08684833,DOGE,3871.08684833,$967.77,-,-,"approved / 42bb253fc37597f2e16b7669251782d89c28dd842e3f8413f4a91a9929e5e0d1",2025-11-03 00:00:00
NXTfIBXYds4FFmeL0Bz5oLDui2rG3ED,Withdrawal,,DOGE,-2599.15016063,DOGE,2599.15016063,$649.79,-,-,"approved / DOGE withdrawal",2025-11-03 00:00:00
NXTUKB2MH2iNsWqAszDYbVoV,Interest,,BTC,0.00046785,BTC,0.00046785,$36.81,-,-,"approved / BTC Interest Earned",2025-11-02 06:00:00
NXTYenitnEP1w6wRj4PPoF7VmcJ,Interest,,ETH,0.00376533,ETH,0.00376533,$10.64,-,-,"approved / ETH Interest Earned",2025-11-02 06:00:00
NXTskYosx9xIMppAy64sX0RyTvNwrfMq5,Interest,,NEXO,0.26858365,NEXO,0.26858365,$0.32,-,-,"approved / NEXO Interest Earned",2025-11-02 06:00:00
NXTBu63ePzIO63gWsqDRdKYm,Interest,,XRP,0.46808951,XRP,0.46808951,$0.30,-,-,"approved / XRP Interest Earned",2025-11-02 06:00:00
NXTThY1HrNom5YA0v5bTKRl,Interest,,LINK,0.26908403,LINK,0.26908403,$3.91,-,-,"approved / LINK Interest Earned",2025-11-02 06:00:00
NXTChU9z7a9U4rY5i0hQ8qKc3mBAn,Interest,,DOGE,3.01023613,DOGE,3.01023613,$0.40,-,-,"approved / DOGE Interest Earned",2025-11-02 06:00:00
NXTf1MuNrzrbkp1dsyw2iYY,Interest,,SOL,0.02162783,SOL,0.02162783,$2.29,-,-,"approved / SOL Interest Earned",2025-11-02 06:00:00
NXTUxeKUTN3NwUNEB0qfLb584HalXv,Interest,,ADA,0.30908298,ADA,0.30908298,$0.19,-,-,"approved / ADA Interest Earned",2025-11-02 06:00:00
NXTgd5f0rqZZ3zWJQHWVPpFyskWfWjs9x,Exchange,,EURX,-115.59106333,USDC,124.83834840,$124.84,1.05692989,EURX,"approved / Exchange EURX to USDC",2025-11-02 00:00:00
NXTEx7QxGz7Q8IjreSYzA65LGL9btLvYe,Exchange,,LINK,-27.92405489,ETH,0.13962027,$418.86,0.26256788,LINK,"approved / Exchange LINK to ETH",2025-11-02 00:00:00
NXT0tN2RXrJjOn8ATwISUkAD5,Interest,,BTC,0.00025542,BTC,0.00025542,$22.07,-,-,"approved / BTC Interest Earned",2025-11-01 06:00:00
NXTlay0n74ffY5XfHjW2ZYIzIZ55oC,Interest,,ETH,0.00144404,ETH,0.00144404,$5.54,-,-,"approved / ETH Interest Earned",2025-11-01 06:00:00
NXTBFJ82oQJcYVAZ2SMBPIY9,Interest,,NEXO,0.37438226,NEXO,0.37438226,$0.47,-,-,"approved / NEXO Interest Earned",2025-11-01 06:00:00
NXTMBEtKeY1HQ0UCeKtLIsFL,Interest,,XRP,0.31141624,XRP,0.31141624,$0.58,-,-,"approved / XRP Interest Earned",2025-11-01 06:00:00
NXTZnqFzG17QyjKQl6WLNuf2HjJWG,Interest,,LINK,0.37049339,LINK,0.37049339,$4.97,-,-,"approved / LINK Interest Earned",2025-11-01 06:00:00
NXTFiYOE4yV7chCiDjIyLorR,Interest,,DOGE,2.24134950,DOGE,2.24134950,$0.71,-,-,"approved / DOGE Interest Earned",2025-11-01 06:00:00
NXTs35ptAuFzGTn8uQaEogkX3nuvc0tPc,Interest,,SOL,0.03347493,SOL,0.03347493,$7.49,-,-,"approved / SOL Interest Earned",2025-11-01 06:00:00
NXTMPTGSrcwFm8ttDd5gjoOudy9hMy,Interest,,ADA,0.34125891,ADA,0.34125891,$0.12,-,-,"approved / ADA Interest Earned",2025-11-01 06:00:00
NXTCkScP6enlBTUjYozmJaantTiss,Exchange,,DOGE,-429.99317287,BTC,0.00134373,$107.50,2.13306735,DOGE,"approved / Exchange DOGE to BTC",2025-11-01 00:00:00
NXTBR4k4Y8RsEk3NvSURdFFi7mGHDu,Interest,,BTC,0.00035290,BTC,0.00035290,$23.43,-,-,"approved / BTC Interest Earned",2025-10-31 06:00:00
NXTydR9mSJwsUJH1qbQFQMJX,Interest,,ETH,0.00295995,ETH,0.00295995,$11.35,-,-,"approved / ETH Interest Earned",2025-10-31 06:00:00
NXT811BmXdHJifyazwtBF6uPGy,Interest,,NEXO,0.46631572,NEXO,0.46631572,$0.59,-,-,"approved / NEXO Interest Earned",2025-10-31 06:00:00
NXTv9kDraxBGYY1sdexpgkpseFL5aX,Interest,,XRP,0.19750022,XRP,0.19750022,$0.39,-,-,"approved / XRP Interest Earned",2025-10-31 06:00:00
NXT49bWZY1TC7zcMYq4FzkXudLHbL,Interest,,LINK,0.42493459,LINK,0.42493459,$4.18,-,-,"approved / LINK Interest Earned",2025-10-31 06:00:00
NXTqJKAeLK1432iq9IgwLGs4Cv,Interest,,DOGE,4.42692641,DOGE,4.42692641,$1.55,-,-,"approved / DOGE Interest Earned",2025-10-31 06:00:00
NXTsF8JENnpbuZVcOAkMqOYcof4LVu,Interest,,SOL,0.03873363,SOL,0.03873363,$7.76,-,-,"approved / SOL Interest Earned",2025-10-31 06:00:00
NXTD0joIBCrBww6Oe3T9QSm,Interest,,ADA,0.63269668,ADA,0.63269668,$0.66,-,-,"approved / ADA Interest Earned",2025-10-31 06:00:00
NXTPqPEBqUhArQEPcyLasni,Top up Crypto,,XRP,875.03223333,XRP,875.03223333,$1312.55,-,-,"approved / 54fa7116b520f8a6df6e0441827d5814368c9a89ab04ce522a1bf1867245f9e2",2025-10-31 00:00:00
NXTCHaQdlpUDDTHpaNIkLAolYQLDWiJ,Interest,,BTC,0.00025250,BTC,0.00025250,$20.69,-,-,"approved / BTC Interest Earned",2025-10-30 06:00:00
NXTlIiokyX7x1OqB4MRnHui,Interest,,ETH,0.00437275,ETH,0.00437275,$10.90,-,-,"approved / ETH Interest Earned",2025-10-30 06:00:00
NXTJp9eMoXGsnsOLG3aPutf,Interest,,NEXO,0.35965530,NEXO,0.35965530,$0.46,-,-,"approved / NEXO Interest Earned",2025-10-30 06:00:00
NXT3d5uJLeInbSyrpPlV9SjhB,Interest,,XRP,0.42923351,XRP,0.42923351,$0.79,-,-,"approved / XRP Interest Earned",2025-10-30 06:00:00
NXTzTRcy5TbXaIdxcMkFsNfZ,Interest,,LINK,0.26008796,LINK,0.26008796,$2.57,-,-,"approved / LINK Interest Earned",2025-10-30 06:00:00
NXTTiEbOAWwkCiJa5ZacRlF8NX6,Interest,,DOGE,3.38140932,DOGE,3.38140932,$1.25,-,-,"approved / DOGE Interest Earned",2025-10-30 06:00:00
NXTTrBtEKg58RJEJHr9Wp4FcT3Yar,Interest,,SOL,0.04426887,SOL,0.04426887,$9.34,-,-,"approved / SOL Interest Earned",2025-10-30 06:00:00
NXTZWBninK3ggSK5HOO4ur5ob,Interest,,ADA,1.43418048,ADA,1.43418048,$1.26,-,-,"approved / ADA Interest Earned",2025-10-30 06:00:00
NXTKFFEIDbugzt32NLqO8JodDGS,Top up Crypto,,DOGE,4348.78803599,DOGE,4348.78803599,$1087.20,-,-,"approved / 20fd6fedeb32f7e716739049da401245600854678d99215f8529600bc82e2e56",2025-10-30 00:00:00
NXTlhKzsCQ9jtLDaDqSsT7dG3V,Interest,,BTC,0.00017803,BTC,0.00017803,$15.67,-,-,"approved / BTC Interest Earned",2025-10-29 06:00:00
NXTBdyeMvpq2Eyz2luVxaoaU,Interest,,ETH,0.00463340,ETH,0.00463340,$18.30,-,-,"approved / ETH Interest Earned",2025-10-29 06:00:00
NXTiEIBnyyuYycyAacT3fNq,Interest,,NEXO,0.23997764,NEXO,0.23997764,$0.28,-,-,"approved / NEXO Interest Earned",2025-10-29 06:00:00
NXTanchkXobwbqjm6UJRw1JZ,Interest,,XRP,0.05360643,XRP,0.05360643,$0.08,-,-,"approved / XRP Interest Earned",2025-10-29 06:00:00
NXTSAi7vYEstY8KitU7rruFhbISKvvn2,Interest,,LINK,0.48612911,LINK,0.48612911,$3.30,-,-,"approved / LINK Interest Earned",2025-10-29 06:00:00
NXT8jkXxhMdRxoYgAiHbaBNU3ziv9,Interest,,DOGE,4.30370710,DOGE,4.30370710,$1.54,-,-,"approved / DOGE Interest Earned",2025-10-29 06:00:00
NXTxmaBQNfEfAvBdhpepuBqR,Interest,,SOL,0.01893265,SOL,0.01893265,$2.04,-,-,"approved / SOL Interest Earned",2025-10-29 06:00:00
NXTnQt64KtCJTV5NGAUsSKAyho2S,Interest,,ADA,1.94039542,ADA,1.94039542,$1.83,-,-,"approved / ADA Interest Earned",2025-10-29 06:00:00
NXT6i4u8OdluoJEALXMq4y4J8W58c9wH2,Interest,,BTC,0.00015559,BTC,0.00015559,$13.38,-,-,"approved / BTC Interest Earned",2025-10-28 06:00:00
NXTMaMz6AuDUOT7s0tXtpSt7OD,Interest,,ETH,0.00088329,ETH,0.00088329,$2.99,-,-,"approved / ETH Interest Earned",2025-10-28 06:00:00
NXTaEENe9vnfJP7juMZLemEn,Interest,,NEXO,1.27547833,NEXO,1.27547833,$1.78,-,-,"approved / NEXO Interest Earned",2025-10-28 06:00:00
NXTY0t0rLWEbUH1Wte8aZzeUe,Interest,,XRP,0.06814165,XRP,0.06814165,$0.07,-,-,"approved / XRP Interest Earned",2025-10-28 06:00:00
NXT08fR7kHvqx8cYIvavUTYtZqSMPpP,Interest,,LINK,0.26204765,LINK,0.26204765,$1.74,-,-,"approved / LINK Interest Earned",2025-10-28 06:00:00
NXTYarK3XSttH99p5SjfHQKyj6ToxY,Interest,,DOGE,4.64821476,DOGE,4.64821476,$0.36,-,-,"approved / DOGE Interest Earned",2025-10-28 06:00:00
NXTMQbBHjtLu8xQRmmoSidl9s0F,Interest,,SOL,0.02817946,SOL,0.02817946,$5.19,-,-,"approved / SOL Interest Earned",2025-10-28 06:00:00
NXTEF7I9ck8SLMHSQ2rnfQ4YxfHII,Interest,,ADA,1.06373467,ADA,1.06373467,$0.32,-,-,"approved / ADA Interest Earned",2025-10-28 06:00:00
NXT1joQqaSyzFWBOod7fXwubIVfSQGF,Transfer Out,,DAI,-2085.11199097,DAI,2085.11199097,$2085.11,-,-,"approved / Transfer from Savings Wallet to Credit Line Wallet",2025-10-28 00:00:00
NXTtUixcTmzmaxs0VB7dfcug2,Withdrawal,,USDC,-712.67312724,USDC,712.67312724,$712.67,-,-,"approved / USDC withdrawal",2025-10-28 00:00:00
NXTbNbN11CyGLzk1ssGUb0CGO7,Interest,,BTC,0.00003084,BTC,0.00003084,$2.80,-,-,"approved / BTC Interest Earned",2025-10-27 06:00:00
NXTCreHAKgL31kDyacibMCNX9AP2rnXxO,Interest,,ETH,0.00478134,ETH,0.00478134,$10.72,-,-,"approved / ETH Interest Earned",2025-10-27 06:00:00
NXTQ23faUY5ik2nKK6jnwaIqBZ5dLOB,Interest,,NEXO,1.31965755,NEXO,1.31965755,$1.36,-,-,"approved / NEXO Interest Earned",2025-10-27 06:00:00
NXTxiVQcwRAFeHBw6Q82Zq2Fjv,Interest,,XRP,0.10933663,XRP,0.10933663,$0.22,-,-,"approved / XRP Interest Earned",2025-10-27 06:00:00
NXTpw6yjmhAxYLMGrextY81PkU6lGl,Interest,,LINK,0.37258233,LINK,0.37258233,$5.43,-,-,"approved / LINK Interest Earned",2025-10-27 06:00:00
NXTazeC5Kk3x946Oj4L6HnUT1,Interest,,DOGE,4.82560704,DOGE,4.82560704,$1.35,-,-,"approved / DOGE Interest Earned",2025-10-27 06:00:00
NXTBl4AspGd6Y3YfmGlVf9yb3rd8R5,Interest,,SOL,0.02059105,SOL,0.02059105,$2.96,-,-,"approved / SOL Interest Earned",2025-10-27 06:00:00
NXT7sOocr6esbGJt30DcLAuP,Interest,,ADA,0.37890879,ADA,0.37890879,$0.32,-,-,"approved / ADA Interest Earned",2025-10-27 06:00:00
NXTpPGNdzSgVaI5z52Dm7tO4fJ,Top up Crypto,,DOGE,5323.81838950,DOGE,5323.81838950,$1330.95,-,-,"approved / 6d39b37663897dbb88f76f788adac47f44ffcbb778eb498e65c20f1eab3d4841",2025-10-27 00:00:00
NXTcWbyoYMYDQ4QW7WdSh0h,Transfer In,,USDT,2159.38091228,USDT,2159.38091228,$2159.38,-,-,"approved / Transfer from Credit Line Wallet to Savings Wallet",2025-10-27 00:00:00
NXTTqfToWLZcWDePdEOzfnF4qndTfU,Interest,,BTC,0.00017524,BTC,0.00017524,$15.95,-,-,"approved / BTC Interest Earned",2025-10-26 06:00:00
NXT2pzCQyoIY7eO2fxGLcdC5k0aG,Interest,,ETH,0.00429459,ETH,0.00429459,$17.66,-,-,"approved / ETH Interest Earned",2025-10-26 06:00:00
NXT0Ib8wUAucRB4KpbDBnYDX4HiTA3DJr,Interest,,NEXO,0.73559085,NEXO,0.73559085,$0.95,-,-,"approved / NEXO Interest Earned",2025-10-26 06:00:00
NXTCOAnVPYcDmzsYRR1FDyTt9ubPsiZ,Interest,,XRP,0.08657702,XRP,0.08657702,$0.04,-,-,"approved / XRP Interest Earned",2025-10-26 06:00:00
NXT1ARe1QBzm0Vyk5P2D6JkZ0e9Y5EIzu,Interest,,LINK,0.36251119,LINK,0.36251119,$2.58,-,-,"approved / LINK Interest Earned",2025-10-26 06:00:00
NXTCC4aAZLkKjmRH7o2PouQNQh,Interest,,DOGE,4.47606174,DOGE,4.47606174,$0.62,-,-,"approved / DOGE Interest Earned",2025-10-26 06:00:00
NXTB9LdvHlw9G7qIFWOpdj2QTCHzF,Interest,,SOL,0.01858083,SOL,0.01858083,$2.89,-,-,"approved / SOL Interest Earned",2025-10-26 06:00:00
NXT7qnh2G1V5gOpV5O3Ofa6WhdLjN,Interest,,ADA,1.86210374,ADA,1.86210374,$1.15,-,-,"approved / ADA Interest Earned",2025-10-26 06:00:00
NXT4GldxirWDkqlJ4TjMDXjBvG,Exchange Cashback,,NEXO,3.88434701,NEXO,3.88434701,$4.24,-,-,"approved / 0.25 % on top of your Exchange transaction",2025-10-26 00:00:00
NXTiW5YMIm3WSyVlbHP32wMIfWk,Withdrawal,,USDC,-1249.58029063,USDC,1249.58029063,$1249.58,-,-,"approved / USDC withdrawal",2025-10-26 00:00:00
NXTMPRHgl5aVDcExJ72UK9Af26k,Interest,,BTC,0.00027718,BTC,0.00027718,$23.50,-,-,"approved / BTC Interest Earned",2025-10-25 06:00:00
NXT7r2uFWTGZH8tBXiWbFyhKksn,Interest,,ETH,0.00260271,ETH,0.00260271,$8.08,-,-,"approved / ETH Interest Earned",2025-10-25 06:00:00
NXTeKkjlvUHvX5zU9BIlV2Of6Xpq,Interest,,NEXO,1.58226497,NEXO,1.58226497,$2.23,-,-,"approved / NEXO Interest Earned",2025-10-25 06:00:00
NXTaaRzkRcza43ZdKAlDrcSMdVJpVHlj,Interest,,XRP,0.17936308,XRP,0.17936308,$0.29,-,-,"approved / XRP Interest Earned",2025-10-25 06:00:00
NXTn0RAbGCOtrgQz0DBirRSvauCmABAj,Interest,,LINK,0.42635927,LINK,0.42635927,$3.32,-,-,"approved / LINK Interest Earned",2025-10-25 06:00:00
NXTWhNXqS7s6SyrYhUCCOyw63U,Interest,,DOGE,1.50319129,DOGE,1.50319129,$0.16,-,-,"approved / DOGE Interest Earned",2025-10-25 06:00:00
NXTLl8Y2YD1gIbf0MJkRckIBqqV,Interest,,SOL,0.02167750,SOL,0.02167750,$4.04,-,-,"approved / SOL Interest Earned",2025-10-25 06:00:00
NXTWXFypJ9k2Vwn0iIcQkFTqO8avF,Interest,,ADA,0.41961470,ADA,0.41961470,$0.21,-,-,"approved / ADA Interest Earned",2025-10-25 06:00:00
NXTl4gmSddZp0EPZpTD17XDoGz,Transfer Out,,USDT,-2159.38091228,USDT,2159.38091228,$2159.38,-,-,"approved / Transfer from Savings Wallet to Credit Line Wallet",2025-10-25 00:00:00
NXTTUud2ML9uRnLhR9EHf3h,Interest,,BTC,0.00027457,BTC,0.00027457,$25.68,-,-,"approved / BTC Interest Earned",2025-10-24 06:00:00
NXTsVYdZSCOZCkNwmEMMxCa,Interest,,ETH,0.00224428,ETH,0.00224428,$5.91,-,-,"approved / ETH Interest Earned",2025-10-24 06:00:00
NXTzEwz2kHP5J0kclexZsYM,Interest,,NEXO,1.73240870,NEXO,1.73240870,$1.91,-,-,"approved / NEXO Interest Earned",2025-10-24 06:00:00
NXTKkj7pk7pejxOu0dMT9rX,Interest,,XRP,0.17577177,XRP,0.17577177,$0.27,-,-,"approved / XRP Interest Earned",2025-10-24 06:00:00
NXTKYYrWMUp2sp4KiYbIT9oh7qqkJ,Interest,,LINK,0.35732767,LINK,0.35732767,$2.37,-,-,"approved / LINK Interest Earned",2025-10-24 06:00:00
NXTy4LM6hpEmDtxj4xK1NJ3v9giyeoDo,Interest,,DOGE,2.49948958,DOGE,2.49948958,$0.47,-,-,"approved / DOGE Interest Earned",2025-10-24 06:00:00
NXTDj0Nyx3ibMhYoaKO23tidkgv,Interest,,SOL,0.02063833,SOL,0.02063833,$5.09,-,-,"approved / SOL Interest Earned",2025-10-24 06:00:00
NXTtqSiKgo0GB4CiC8xT1jf,Interest,,ADA,0.53751624,ADA,0.53751624,$0.30,-,-,"approved / ADA Interest Earned",2025-10-24 06:00:00
NXTxzctMg6ZSbXU66HOcvzkiRY,Fixed Term Interest,,XRP,9.02947853,XRP,9.02947853,$8.93,-,-,"approved / Term Deposit Interest",2025-10-24 05:00:00
NXT4ugoxIFvqx6cPLjTbssV0wrVDce,Interest,,BTC,0.00007704,BTC,0.00007704,$6.70,-,-,"approved / BTC Interest Earned",2025-10-23 06:00:00
NXTZCwXUD9UDSnEtoalBY0F,Interest,,ETH,0.00095786,ETH,0.00095786,$2.78,-,-,"approved / ETH Interest Earned",2025-10-23 06:00:00
NXTxkkqUQyjBIZ9BAiB3Qi61R,Interest,,NEXO,0.71620349,NEXO,0.71620349,$0.80,-,-,"approved / NEXO Interest Earned",2025-10-23 06:00:00
NXT7yziLnGSZLzPbq4GyQkRWWqvbGZV,Interest,,XRP,0.47438561,XRP,0.47438561,$0.40,-,-,"approved / XRP Interest Earned",2025-10-23 06:00:00
NXT7u0ApalOtBTF2EvpBeRbZ,Interest,,LINK,0.26341942,LINK,0.26341942,$4.47,-,-,"approved / LINK Interest Earned",2025-10-23 06:00:00
NXTD1UiTlRkNDgeCx2AhEAdsM,Interest,,DOGE,2.87135934,DOGE,2.87135934,$0.34,-,-,"approved / DOGE Interest Earned",2025-10-23 06:00:00
NXTZzIckgAJm1lblz7JIf8qQqZd,Interest,,SOL,0.02761657,SOL,0.02761657,$1.31,-,-,"approved / SOL Interest Earned",2025-10-23 06:00:00
NXTC2bn9ym2cvacKmzCprJ01BIWAoI,Interest,,ADA,1.13809765,ADA,1.13809765,$1.22,-,-,"approved / ADA Interest Earned",2025-10-23 06:00:00
NXTwn2c1lIJNWkvj9uZ6ZmYdz,Fixed Term Interest,,ETH,0.13898044,ETH,0.13898044,$408.25,-,-,"approved / Term Deposit Interest",2025-10-23 05:00:00
NXTAtuKr2FleGKAbzqVvggcfYxmUfTpbR,Interest,,BTC,0.00008191,BTC,0.00008191,$5.63,-,-,"approved / BTC Interest Earned",2025-10-22 06:00:00
NXTAZoiSNFddk9mKIKL7eYcas6YoUEg,Interest,,ETH,0.00072931,ETH,0.00072931,$2.38,-,-,"approved / ETH Interest Earned",2025-10-22 06:00:00
NXTzWgNy5V6QMUdFgO0NYuwahmBnGRb,Interest,,NEXO,1.66300777,NEXO,1.66300777,$2.22,-,-,"approved / NEXO Interest Earned",2025-10-22 06:00:00
NXT1BUDWLdogzAIFWDZimKVNxDWHEZc2I,Interest,,XRP,0.46518079,XRP,0.46518079,$0.73,-,-,"approved / XRP Interest Earned",2025-10-22 06:00:00
NXTXHPSwv1FaOPsXi27kZyc9L,Interest,,LINK,0.09771907,LINK,0.09771907,$2.26,-,-,"approved / LINK Interest Earned",2025-10-22 06:00:00
NXTqPbXQwBQp04wU2itT03Zya5nw87,Interest,,DOGE,3.93538261,DOGE,3.93538261,$1.08,-,-,"approved / DOGE Interest Earned",2025-10-22 06:00:00
NXTrnUgHniHsebsgAYea1cg4x,Interest,,SOL,0.03279011,SOL,0.03279011,$6.69,-,-,"approved / SOL Interest Earned",2025-10-22 06:00:00
NXT9RzXo1MutfabhV4AVjFYW1hDItV1,Interest,,ADA,1.46742079,ADA,1.46742079,$1.43,-,-,"approved / ADA Interest Earned",2025-10-22 06:00:00
NXT7ff2tPIwqFV7t8lq0awuozb,Interest,,BTC,0.00022294,BTC,0.00022294,$20.32,-,-,"approved / BTC Interest Earned",2025-10-21 06:00:00
NXTLr3qzBSfIqNaiV4QjinB5ra7ycv3E,Interest,,ETH,0.00194743,ETH,0.00194743,$7.91,-,-,"approved / ETH Interest Earned",2025-10-21 06:00:00
NXTo4Nlt6n9bsjfV6IuIQ6MW8vbP3h,Interest,,NEXO,1.40877163,NEXO,1.40877163,$2.02,-,-,"approved / NEXO Interest Earned",2025-10-21 06:00:00
NXTnqzdhpiff24m4J9Mefb46S,Interest,,XRP,0.06426822,XRP,0.06426822,$0.09,-,-,"approved / XRP Interest Earned",2025-10-21 06:00:00
NXTUnY34UtS8sliB90sZbMuaEUMmT,Interest,,LINK,0.05518776,LINK,0.05518776,$1.10,-,-,"approved / LINK Interest Earned",2025-10-21 06:00:00
NXTv7f9HktgQZPlCayzY55W71r,Interest,,DOGE,2.71318141,DOGE,2.71318141,$0.32,-,-,"approved / DOGE Interest Earned",2025-10-21 06:00:00
NXT2zHF0WsCejdmaz5XsJ98htqmdT2,Interest,,SOL,0.00475283,SOL,0.00475283,$1.15,-,-,"approved / SOL Interest Earned",2025-10-21 06:00:00
NXTjuN0LUkpWbyQXNfhPLVHe,Interest,,ADA,1.53241005,ADA,1.53241005,$1.18,-,-,"approved / ADA Interest Earned",2025-10-21 06:00:00
NXTaHBOd5WbuXyXSewzHbvDtdEi7Ia,Interest,,BTC,0.00034690,BTC,0.00034690,$23.43,-,-,"approved / BTC Interest Earned",2025-10-20 06:00:00
NXTfUcBjgHxcF2OElbZt5VUX9gkY7D,Interest,,ETH,0.00409339,ETH,0.00409339,$9.49,-,-,"approved / ETH Interest Earned",2025-10-20 06:00:00
NXTz8ins15iwfyil4qf74PbqTB,Interest,,NEXO,0.11194847,NEXO,0.11194847,$0.11,-,-,"approved / NEXO Interest Earned",2025-10-20 06:00:00
NXTMmlNvf5DeCYSb8i6ZwHgcgJg7H,Interest,,XRP,0.42915652,XRP,0.42915652,$0.97,-,-,"approved / XRP Interest Earned",2025-10-20 06:00:00
NXTHzUrLHzDA28PhC94FqCbUBO88g,Interest,,LINK,0.46498431,LINK,0.46498431,$3.59,-,-,"approved / LINK Interest Earned",2025-10-20 06:00:00
NXTiBczTV5V6mLThmuoHFq6cjn7zrlSa,Interest,,DOGE,0.64638050,DOGE,0.64638050,$0.11,-,-,"approved / DOGE Interest Earned",2025-10-20 06:00:00
NXTQU1wu2VabIxXU9CKLaGVJfpzaJ1,Interest,,SOL,0.00422999,SOL,0.00422999,$0.25,-,-,"approved / SOL Interest Earned",2025-10-20 06:00:00
NXTjoQmCZP6JCScaXuH0f04A9ycbK0Krn,Interest,,ADA,0.27545603,ADA,0.27545603,$0.22,-,-,"approved / ADA Interest Earned",2025-10-20 06:00:00
NXTjH4p2TpjkBWOw8cQ8KJZ7meLHJPO,Exchange,,LINK,-24.66492711,ETH,0.12332464,$369.97,0.04021249,LINK,"approved / Exchange LINK to ETH",2025-10-20 00:00:00
NXTpvXdaut2U8fNsPfuxxKJwWhxp7MOZ,Interest,,BTC,0.00025973,BTC,0.00025973,$21.03,-,-,"approved / BTC Interest Earned",2025-10-19 06:00:00
NXTC1HAVxa4sGxpeRzcg9C6Nm,Interest,,ETH,0.00459956,ETH,0.00459956,$13.48,-,-,"approved / ETH Interest Earned",2025-10-19 06:00:00
NXTzq87cPHi8aiAA5FgNPCGJKX5,Interest,,NEXO,1.11728510,NEXO,1.11728510,$1.53,-,-,"approved / NEXO Interest Earned",2025-10-19 06:00:00
NXTzyR1OL75JkH16FV2Uv1o,Interest,,XRP,0.30890501,XRP,0.30890501,$0.50,-,-,"approved / XRP Interest Earned",2025-10-19 06:00:00
NXTiEC3b8X79WU0YWVcsmFGeEHBU7n,Interest,,LINK,0.42414469,LINK,0.42414469,$5.19,-,-,"approved / LINK Interest Earned",2025-10-19 06:00:00
NXTBZfSLMg6lZ28lhiqkcqOk13LSwC,Interest,,DOGE,1.55316391,DOGE,1.55316391,$0.34,-,-,"approved / DOGE Interest Earned",2025-10-19 06:00:00
NXTbREKRgnq9oIeMSt75ir7b,Interest,,SOL,0.00135882,SOL,0.00135882,$0.27,-,-,"approved / SOL Interest Earned",2025-10-19 06:00:00
NXTU81JmleEsirq3OnzgZdlxA,Interest,,ADA,1.48736059,ADA,1.48736059,$1.16,-,-,"approved / ADA Interest Earned",2025-10-19 06:00:00
NXTnraeJKhypDbtc6UOnwlA,Locking Term Deposit,,NEXO,-1817.59044941,NEXO,1817.59044941,$1999.35,-,-,"approved / Transfer from Savings Wallet to Term Wallet",2025-10-19 00:00:00
NXTgmTMe17tDhnu4OBEoa2Nl3N,Exchange To Withdraw,,EURX,582.29000000,EUR,582.29000000,$632.61,-,-,"approved / EURX to EUR",2025-10-19 00:00:00
NXTMpgc2x3NHTFmTRKpVPIUvK,Withdraw Exchanged,,EUR,-582.29000000,EUR,582.29000000,$632.61,-,-,"approved / EUR withdrawal",2025-10-19 00:00:00
NXT2T0sZ0hJR8Cq0LcoFbmGA2emZGL,Interest,,BTC,0.00018474,BTC,0.00018474,$12.00,-,-,"approved / BTC Interest Earned",2025-10-18 06:00:00
NXTDHk4eXDDaZAtdlBsuO5TDXFgJgAD,Interest,,ETH,0.00131999,ETH,0.00131999,$5.34,-,-,"approved / ETH Interest Earned",2025-10-18 06:00:00
NXTfDU5Ky59nYiLpxXq4dKKbccKvob,Interest,,NEXO,0.65582099,NEXO,0.65582099,$0.92,-,-,"approved / NEXO Interest Earned",2025-10-18 06:00:00
NXTRkRHzG4ksr6WsU3PSKBI2Z3uSvG6T0,Interest,,XRP,0.45766438,XRP,0.45766438,$0.98,-,-,"approved / XRP Interest Earned",2025-10-18 06:00:00
NXTUCHOPNeiGlL13C5UG4qugq5AVj9,Interest,,LINK,0.07310396,LINK,0.07310396,$0.64,-,-,"approved / LINK Interest Earned",2025-10-18 06:00:00
NXTTNnFU0hfp9EHr4J3bXO10J,Interest,,DOGE,4.91919153,DOGE,4.91919153,$0.50,-,-,"approved / DOGE Interest Earned",2025-10-18 06:00:00
NXTDctIAAmZxMOUHbS7aZthyUhJWep,Interest,,SOL,0.04245023,SOL,0.04245023,$9.34,-,-,"approved / SOL Interest Earned",2025-10-18 06:00:00
NXT9tOthScdGZX1Scu2sSmevRWExy4eQ,Interest,,ADA,1.72953310,ADA,1.72953310,$0.64,-,-,"approved / ADA Interest Earned",2025-10-18 06:00:00
NXTr7lLFszp0GNmTHH9sKbraLPFya,Interest,,BTC,0.00031273,BTC,0.00031273,$25.01,-,-,"approved / BTC Interest Earned",2025-10-17 06:00:00
NXTkiCyrLd0lHpGVa2JlPcD,Interest,,ETH,0.00484184,ETH,0.00484184,$10.09,-,-,"approved / ETH Interest Earned",2025-10-17 06:00:00
NXTMTq09Iz1a5BwaacvyQg3Wwm,Interest,,NEXO,1.36683885,NEXO,1.36683885,$1.61,-,-,"approved / NEXO Interest Earned",2025-10-17 06:00:00
NXTsIVlBH09AJFDSbhDzNchUA3ho4,Interest,,XRP,0.46002221,XRP,0.46002221,$1.10,-,-,"approved / XRP Interest Earned",2025-10-17 06:00:00
NXTL6yrvA3y4k6xWhuvL2i5Vl,Interest,,LINK,0.18635724,LINK,0.18635724,$4.55,-,-,"approved / LINK Interest Earned",2025-10-17 06:00:00
NXTunNOBbEDyHQuLLufZona,Interest,,DOGE,4.34798775,DOGE,4.34798775,$0.47,-,-,"approved / DOGE Interest Earned",2025-10-17 06:00:00
NXTuvgR1Kaphlf15WoWi8EAqNTM,Interest,,SOL,0.04169140,SOL,0.04169140,$10.53,-,-,"approved / SOL Interest Earned",2025-10-17 06:00:00
NXTIkKsQvStz8uwfeud0ctfBtDVN,Interest,,ADA,1.15580160,ADA,1.15580160,$1.07,-,-,"approved / ADA Interest Earned",2025-10-17 06:00:00
NXT1rWz5FYrsK9EjHvIHCtlRJ,Top up Crypto,,ETH,0.83614079,ETH,0.83614079,$2508.42,-,-,"approved / 40c7ae29a7155ad5b4fd8755f68fa8635cac38e7b1f932881fe71d7b84df386e",2025-10-17 00:00:00
NXTtDSjurJoH0i1zffmZ42MxiC,Exchange,,BTC,-0.00557277,NEXO,405.29206836,$445.82,0.00003182,BTC,"approved / Exchange BTC to NEXO",2025-10-17 00:00:00
NXTUF4gxjAzEy3gKGqHy9UZPcyJF,Interest,,BTC,0.00041613,BTC,0.00041613,$36.36,-,-,"approved / BTC Interest Earned",2025-10-16 06:00:00
NXTDZGW7Nr1UWhAislLSBielsdrLGXg,Interest,,ETH,0.00469597,ETH,0.00469597,$13.44,-,-,"approved / ETH Interest Earned",2025-10-16 06:00:00
NXTVRgDMjVKKMJGOFmTbnAzTURdvmkuH,Interest,,NEXO,1.49220395,NEXO,1.49220395,$2.17,-,-,"approved / NEXO Interest Earned",2025-10-16 06:00:00
NXTNulpGoS5IkzYkWVdBHAZU51kI,Interest,,XRP,0.13484843,XRP,0.13484843,$0.08,-,-,"approved / XRP Interest Earned",2025-10-16 06:00:00
NXTLxW7nD3fuhNHYZyygAsWaejFj3Sj,Interest,,LINK,0.45029093,LINK,0.45029093,$10.25,-,-,"approved / LINK Interest Earned",2025-10-16 06:00:00
NXTvlTTdDRV6b7DxOANwKa3HgO,Interest,,DOGE,3.52862105,DOGE,3.52862105,$1.38,-,-,"approved / DOGE Interest Earned",2025-10-16 06:00:00
NXThL7h4RvKJHpQvETbSTRxRYHVLvZiB,Interest,,SOL,0.01405365,SOL,0.01405365,$2.88,-,-,"approved / SOL Interest Earned",2025-10-16 06:00:00
NXT3kuLPMaBsi1bqDVzK9dBMEIIKtQpv,Interest,,ADA,0.68529100,ADA,0.68529100,$0.50,-,-,"approved / ADA Interest Earned",2025-10-16 06:00:00
NXTwJrjYZPYqGP2mW7xTg2KkI,Exchange,,ETH,-0.07424551,USDC,222.73653657,$222.74,0.00009779,ETH,"approved / Exchange ETH to USDC",2025-10-16 00:00:00
NXT7PHqdaiwbqlrqYOFT5h6y,Manual Repayment,,USD,341.85646643,USD,0.00000000,$341.86,-,-,"approved / Fiat Repayment",2025-10-16 00:00:00
NXTonS6ihse8KT9VfS7PidxB2,Interest,,BTC,0.00038710,BTC,0.00038710,$34.28,-,-,"approved / BTC Interest Earned",2025-10-15 06:00:00
NXT2CWg4NQtqgWL15dwHH5jQMv2djLXKQ,Interest,,ETH,0.00236114,ETH,0.00236114,$8.96,-,-,"approved / ETH Interest Earned",2025-10-15 06:00:00
NXTS4SjpplJ6Xgf8hCFovQz4MP3,Interest,,NEXO,0.83202703,NEXO,0.83202703,$1.11,-,-,"approved / NEXO Interest Earned",2025-10-15 06:00:00
NXT1ERX5LvKMpwLT3ggk46U,Interest,,XRP,0.45446339,XRP,0.45446339,$0.62,-,-,"approved / XRP Interest Earned",2025-10-15 06:00:00
NXTkwrixxtYKO0lmTQYmrs2Zs,Interest,,LINK,0.16239800,LINK,0.16239800,$2.69,-,-,"approved / LINK Interest Earned",2025-10-15 06:00:00
NXTJuqbk1MxFvL2lQEM4yNm6Ltol5DXj,Interest,,DOGE,4.28278021,DOGE,4.28278021,$1.09,-,-,"approved / DOGE Interest Earned",2025-10-15 06:00:00
NXTeyHiLbwSjKht15zcKtPKopPYOk,Interest,,SOL,0.01857594,SOL,0.01857594,$1.06,-,-,"approved / SOL Interest Earned",2025-10-15 06:00:00
NXTcxuqFOIgmgOVcqH0RjYf0f,Interest,,ADA,1.28260368,ADA,1.28260368,$0.68,-,-,"approved / ADA Interest Earned",2025-10-15 06:00:00
NXTg8D04wzInjq5JzjuxZEOQpY7NEk,Top up Crypto,,ADA,872.17338603,ADA,872.17338603,$610.52,-,-,"approved / 40feea67ffac5626c7d4bce8f8233aed1b34a9d3cb87d5f0ef1f7393e8c68548",2025-10-15 00:00:00
NXTRnmRKSlvkjzms90M4MIJuy5zAsuq3,Interest,,BTC,0.00028706,BTC,0.00028706,$20.82,-,-,"approved / BTC Interest Earned",2025-10-14 06:00:00
NXTRWXshJLpLZ6qJrJqzbVZRknK,Interest,,ETH,0.00465506,ETH,0.00465506,$16.71,-,-,"approved / ETH Interest Earned",2025-10-14 06:00:00
NXTSnJYN2K5gj79VBdk1VDs0vrSzuX,Interest,,NEXO,1.05095809,NEXO,1.05095809,$0.94,-,-,"approved / NEXO Interest Earned",2025-10-14 06:00:00
NXTpcrAs5jLJZiTwihTC11G,Interest,,XRP,0.10936026,XRP,0.10936026,$0.22,-,-,"approved / XRP Interest Earned",2025-10-14 06:00:00
NXTuQDa68eJneRIlRyne5Icm3lz5Tcpt,Interest,,LINK,0.31770752,LINK,0.31770752,$3.06,-,-,"approved / LINK Interest Earned",2025-10-14 06:00:00
NXTOboBJFQXyYZcX9OS3JrU7jX,Interest,,DOGE,1.81739791,DOGE,1.81739791,$0.30,-,-,"approved / DOGE Interest Earned",2025-10-14 06:00:00
NXTBrClcmtjHXwckI6AuBu25jmGjXa,Interest,,SOL,0.00539386,SOL,0.00539386,$0.97,-,-,"approved / SOL Interest Earned",2025-10-14 06:00:00
NXT9n2onpDeQPAC5a1iDLUt3drwd6koK,Interest,,ADA,0.13085926,ADA,0.13085926,$0.07,-,-,"approved / ADA Interest Earned",2025-10-14 06:00:00
NXTiE9pSHHwyutBgEkfqjlBFk5Zc,Referral Bonus,,BTC,0.00056603,BTC,0.00056603,$25.00,-,-,"approved / Referral bonus",2025-10-14 00:00:00
NXTN78n7QNlf1P0ARq1WDuUin8nQ,Interest,,BTC,0.00007109,BTC,0.00007109,$5.25,-,-,"approved / BTC Interest Earned",2025-10-13 06:00:00
NXTbgLpjIPTjY9NlTvdl39uxdyZNS1p,Interest,,ETH,0.00118745,ETH,0.00118745,$4.85,-,-,"approved / ETH Interest Earned",2025-10-13 06:00:00
NXTqQEgoEt16VOuaOnxydWP,Interest,,NEXO,1.72465882,NEXO,1.72465882,$1.52,-,-,"approved / NEXO Interest Earned",2025-10-13 06:00:00
NXTOxtrDwpekMef8qeVPuqJPJx9KBE,Interest,,XRP,0.15315737,XRP,0.15315737,$0.33,-,-,"approved / XRP Interest Earned",2025-10-13 06:00:00
NXTYbk8Pe1EiPjempS4MCJC,Interest,,LINK,0.41218410,LINK,0.41218410,$2.94,-,-,"approved / LINK Interest Earned",2025-10-13 06:00:00
NXTnkEEeLViOPb7R7HDHv066Q3Rthf,Interest,,DOGE,0.66351057,DOGE,0.66351057,$0.29,-,-,"approved / DOGE Interest Earned",2025-10-13 06:00:00
NXTbFSJuoijKvbvYqrNXradi8C,Interest,,SOL,0.03872821,SOL,0.03872821,$3.83,-,-,"approved / SOL Interest Earned",2025-10-13 06:00:00
NXTEsBBt6Am3A9pubptnmKxqAlCe2,Interest,,ADA,0.68172367,ADA,0.68172367,$0.52,-,-,"approved / ADA Interest Earned",2025-10-13 06:00:00
NXT66cQeRwPEb8q1WyQPEXySS9S,Interest,,BTC,0.00027050,BTC,0.00027050,$18.36,-,-,"approved / BTC Interest Earned",2025-10-12 06:00:00
NXT6wowD1y5KF7dmrevwH4J564sf,Interest,,ETH,0.00474234,ETH,0.00474234,$18.96,-,-,"approved / ETH Interest Earned",2025-10-12 06:00:00
NXTiWxxsBg5a1roWKhlhYdPqHmXjzhW2,Interest,,NEXO,0.74921193,NEXO,0.74921193,$1.00,-,-,"approved / NEXO Interest Earned",2025-10-12 06:00:00
NXTJnVo7QbHQh6Y5ihwIf5rjw8r3A4,Interest,,XRP,0.14607094,XRP,0.14607094,$0.31,-,-,"approved / XRP Interest Earned",2025-10-12 06:00:00
NXTOQdENkOYbGX2YnBCJyulDg4OcVRYY5,Interest,,LINK,0.40887972,LINK,0.40887972,$4.47,-,-,"approved / LINK Interest Earned",2025-10-12 06:00:00
NXTuG9c5DQTelC0mALoJXVnyXREk,Interest,,DOGE,0.78296812,DOGE,0.78296812,$0.33,-,-,"approved / DOGE Interest Earned",2025-10-12 06:00:00
NXTMvjWkSLlT1WvS7v3OnokNVBRlG,Interest,,SOL,0.00271903,SOL,0.00271903,$0.13,-,-,"approved / SOL Interest Earned",2025-10-12 06:00:00
NXT0QZWnviAfvcy4ICFyE7VYZmca,Interest,,ADA,1.25505506,ADA,1.25505506,$0.32,-,-,"approved / ADA Interest Earned",2025-10-12 06:00:00
NXTSBbszpPwIv9IvCtoStU6QlTrKVL8Zs,Top up Crypto,,ETH,0.88889594,ETH,0.88889594,$2666.69,-,-,"approved / 249e9e6f39d3b4acc908a1a06765e7228a9ec7d953e47c9a57575449e8833683",2025-10-12 00:00:00
NXTUiYGgMGOJSSI2nu8OstMJwopdm,Locking Term Deposit,,ETH,-0.16963027,ETH,0.16963027,$508.89,-,-,"approved / Transfer from Savings Wallet to Term Wallet",2025-10-12 00:00:00
NXTkv4WG4SQJAVFnxIfKtUQDRfIcd9voH,Interest,,BTC,0.00032705,BTC,0.00032705,$26.58,-,-,"approved / BTC Interest Earned",2025-10-11 06:00:00
NXTe8Lj4DkFu21O9iSDalnsh58,Interest,,ETH,0.00413733,ETH,0.00413733,$13.44,-,-,"approved / ETH Interest Earned",2025-10-11 06:00:00
NXTprErniUGgA7wLmahMacm,Interest,,NEXO,0.35701353,NEXO,0.35701353,$0.52,-,-,"approved / NEXO Interest Earned",2025-10-11 06:00:00
NXTniSE0h2pScWifucpmQZvXo,Interest,,XRP,0.07281845,XRP,0.07281845,$0.17,-,-,"approved / XRP Interest Earned",2025-10-11 06:00:00
NXTyKLnVQO9fQY8es1c6K7n6bp7H,Interest,,LINK,0.42267956,LINK,0.42267956,$6.21,-,-,"approved / LINK Interest Earned",2025-10-11 06:00:00
NXTkJXmhEFwIw004CU3xR5fFywsrV,Interest,,DOGE,1.74157565,DOGE,1.74157565,$0.53,-,-,"approved / DOGE Interest Earned",2025-10-11 06:00:00
NXT7ymsVSJvsLkl0xAZf8pWP5T6ItP,Interest,,SOL,0.01348205,SOL,0.01348205,$2.39,-,-,"approved / SOL Interest Earned",2025-10-11 06:00:00
NXTN7HE96MT5jotYfLQqmvoi7968lwd,Interest,,ADA,0.29268254,ADA,0.29268254,$0.22,-,-,"approved / ADA Interest Earned",2025-10-11 06:00:00
NXTzAJnslvSOybfwvyal4O2yF,Unlocking Term Deposit,,BTC,0.01921493,BTC,0.01921493,$1537.19,-,-,"approved / Transfer from Term Wallet to Savings Wallet",2025-10-11 05:00:00
NXTc63ucMtb9go69CFyLQiXRByQkNzM5,Interest,,BTC,0.00009956,BTC,0.00009956,$8.85,-,-,"approved / BTC Interest Earned",2025-10-10 06:00:00
NXTRfkafiBtXJ2djzY4egnSl27O,Interest,,ETH,0.00191807,ETH,0.00191807,$7.69,-,-,"approved / ETH Interest Earned",2025-10-10 06:00:00
NXT3vBcZgBliKdvUPN4PZc8rQnsSm3hrh,Interest,,NEXO,1.40414786,NEXO,1.40414786,$1.38,-,-,"approved / NEXO Interest Earned",2025-10-10 06:00:00
NXTFRVdHM479uM37wVpxJjw,Interest,,XRP,0.06414473,XRP,0.06414473,$0.05,-,-,"approved / XRP Interest Earned",2025-10-10 06:00:00
NXTJJNyA4ZdHSDcRoDqQS7PJrK7xna,Interest,,LINK,0.08179776,LINK,0.08179776,$0.58,-,-,"approved / LINK Interest Earned",2025-10-10 06:00:00
NXTuajvaE9tiyrCpKMPJWnnuf,Interest,,DOGE,2.70849431,DOGE,2.70849431,$0.56,-,-,"approved / DOGE Interest Earned",2025-10-10 06:00:00
NXTc3APwaVH4Fpj3fyni5rQ75CU9I8B1,Interest,,SOL,0.00174643,SOL,0.00174643,$0.36,-,-,"approved / SOL Interest Earned",2025-10-10 06:00:00
NXTTVtyo0zXlaRCvlp83Rh4hX0nUalRk,Interest,,ADA,1.73533713,ADA,1.73533713,$0.58,-,-,"approved / ADA Interest Earned",2025-10-10 06:00:00
NXTOmvR8jEUqHAaAF17n0vWYqzkV,Unlocking Term Deposit,,NEXO,1629.06374531,NEXO,1629.06374531,$1791.97,-,-,"approved / Transfer from Term Wallet to Savings Wallet",2025-10-10 05:00:00
NXT2JSxyjQ312WnXRCI4hiCGItUBY,Top up Crypto,,BTC,0.03941297,BTC,0.03941297,$3153.04,-,-,"approved / 9f095c6f1e3068cafb36fe9a1e8a5b83a6b296d43c957a8cfba4a91f34c20f9c",2025-10-10 00:00:00
NXTC7GI2xse0V8J56WwF8hEsfUEx,Interest,,BTC,0.00022149,BTC,0.00022149,$18.73,-,-,"approved / BTC Interest Earned",2025-10-09 06:00:00
NXTPZIrLK6Bki6uKBY24qTqiZvsEZtW,Interest,,ETH,0.00133195,ETH,0.00133195,$2.64,-,-,"approved / ETH Interest Earned",2025-10-09 06:00:00
NXTh1EaJ6dNnRvrdkZr19F5L3,Interest,,NEXO,0.34019619,NEXO,0.34019619,$0.47,-,-,"approved / NEXO Interest Earned",2025-10-09 06:00:00
NXTfG6YlQSoiAy55XxDdvIR,Interest,,XRP,0.44846547,XRP,0.44846547,$0.44,-,-,"approved / XRP Interest Earned",2025-10-09 06:00:00
NXTxalCY8OtAUcw61BYicCYKQaD4ZO2J,Interest,,LINK,0.47695612,LINK,0.47695612,$3.69,-,-,"approved / LINK Interest Earned",2025-10-09 06:00:00
NXToOXGzIn1vKrDhZfMS58mtHnV,Interest,,DOGE,1.90516268,DOGE,1.90516268,$0.64,-,-,"approved / DOGE Interest Earned",2025-10-09 06:00:00
NXTcvILnlDs8WTBG2p2jGzqHcAmH,Interest,,SOL,0.03889886,SOL,0.03889886,$1.11,-,-,"approved / SOL Interest Earned",2025-10-09 06:00:00
NXT5FH7to5XN0zicuBBrdwMvwym,Interest,,ADA,1.98048023,ADA,1.98048023,$2.37,-,-,"approved / ADA Interest Earned",2025-10-09 06:00:00
NXTEgEKG895i1JwQV7VbeqcdWF,Top up Crypto,,LINK,38.38264195,LINK,38.38264195,$575.74,-,-,"approved / 5e264b3ab0723a0bdf6216b15e2cc2f280a7ba26ad11c96f5241899cbda488b4",2025-10-09 00:00:00
NXTcDGy5lCH1SH3BL7CglaOoVl9zZ,Locking Term Deposit,,ETH,-0.19250582,ETH,0.19250582,$577.52,-,-,"approved / Transfer from Savings Wallet to Term Wallet",2025-10-09 00:00:00
NXTpZpIWdVdNuixRq99RsPn,Exchange,,DOGE,-259.76934399,BTC,0.00081178,$64.94,0.49728929,DOGE,"approved / Exchange DOGE to BTC",2025-10-09 00:00:00
NXTSFiMo02a11WTFSyDr40vkp47q,Interest,,BTC,0.00049722,BTC,0.00049722,$46.87,-,-,"approved / BTC Interest Earned",2025-10-08 06:00:00
NXTY2QDMBWgNO4TtNhH7FpHxMJ,Interest,,ETH,0.00242374,ETH,0.00242374,$9.17,-,-,"approved / ETH Interest Earned",2025-10-08 06:00:00
NXT2VLs9DRZg0QpoY19H7Skim,Interest,,NEXO,1.97752678,NEXO,1.97752678,$2.31,-,-,"approved / NEXO Interest Earned",2025-10-08 06:00:00
NXTkoJg89OEyY6J8GFdJ5khYao3bQx,Interest,,XRP,0.30053618,XRP,0.30053618,$0.26,-,-,"approved / XRP Interest Earned",2025-10-08 06:00:00
NXTFNPIXDxafsxXr4oI5ONf,Interest,,LINK,0.24528673,LINK,0.24528673,$2.01,-,-,"approved / LINK Interest Earned",2025-10-08 06:00:00
NXTrWVIitz8tPgaT9CU4aYruUxZu3c,Interest,,DOGE,2.79650638,DOGE,2.79650638,$0.22,-,-,"approved / DOGE Interest Earned",2025-10-08 06:00:00
NXTAfaO4sff09nrYHgM5KVDGaVVAH,Interest,,SOL,0.02220969,SOL,0.02220969,$5.22,-,-,"approved / SOL Interest Earned",2025-10-08 06:00:00
NXTSJzyCaoAI3JD9OEMwxKlCeCxQobf,Interest,,ADA,0.65898208,ADA,0.65898208,$0.25,-,-,"approved / ADA Interest Earned",2025-10-08 06:00:00
NXTsrdFtCdZe11MFCIX3BYOtDjdg3vSFk,Top up Crypto,,XRP,837.01300268,XRP,837.01300268,$1255.52,-,-,"approved / 50b26b8dc1d00ed99b6105c9de1d39864552818e5bdd3239ca2c7cc7e9a9da21",2025-10-08 00:00:00
NXTp14j6zs9MlJ7piQCg7th3vEe7I0dX,Exchange Cashback,,EURX,3.92030717,EURX,3.92030717,$5.78,-,-,"approved / 0.5 % on top of your Exchange transaction",2025-10-08 00:00:00
NXTyMB5xt3fvqtOgMSQdQDwRxRveeQdZ,Interest,,BTC,0.00040434,BTC,0.00040434,$27.78,-,-,"approved / BTC Interest Earned",2025-10-07 06:00:00
NXTmtzRhFqxdEdKOsiGJlsxx1WTIA,Interest,,ETH,0.00292018,ETH,0.00292018,$10.66,-,-,"approved / ETH Interest Earned",2025-10-07 06:00:00
NXTqaXtAwUv3JWttnWXbi1wX2W0lz,Interest,,NEXO,1.04525655,NEXO,1.04525655,$0.87,-,-,"approved / NEXO Interest Earned",2025-10-07 06:00:00
NXTNLv5a5A1hjlVC7DOtiteber8f4,Interest,,XRP,0.36526929,XRP,0.36526929,$0.19,-,-,"approved / XRP Interest Earned",2025-10-07 06:00:00
NXTHGydV8aDGyS9h2kK6BWaXB9z,Interest,,LINK,0.43330408,LINK,0.43330408,$9.31,-,-,"approved / LINK Interest Earned",2025-10-07 06:00:00
NXTeT5dGoVDovKxUcI8NwqFthIUF2,Interest,,DOGE,1.68405000,DOGE,1.68405000,$0.21,-,-,"approved / DOGE Interest Earned",2025-10-07 06:00:00
NXTcPAswOujm2g6jSBVMT8QMYfB,Interest,,SOL,0.01873943,SOL,0.01873943,$3.76,-,-,"approved / SOL Interest Earned",2025-10-07 06:00:00
NXTPNQkklZHQY3vaHXeW7ZpSmx,Interest,,ADA,1.56975194,ADA,1.56975194,$1.53,-,-,"approved / ADA Interest Earned",2025-10-07 06:00:00
NXToQUJK2WBjg87THM75FY08,Interest,,BTC,0.00046889,BTC,0.00046889,$43.62,-,-,"approved / BTC Interest Earned",2025-10-06 06:00:00
NXTHjh62GTo88x5HdbHztPZllIs,Interest,,ETH,0.00467634,ETH,0.00467634,$18.45,-,-,"approved / ETH Interest Earned",2025-10-06 06:00:00
NXTfj3PKXLA4jTy6P0PdcvSqXWAvc3Nkr,Interest,,NEXO,0.86613606,NEXO,0.86613606,$1.16,-,-,"approved / NEXO Interest Earned",2025-10-06 06:00:00
NXTnSvWCXXPyscLANZxHS6AqFjBjuxj,Interest,,XRP,0.45219326,XRP,0.45219326,$0.84,-,-,"approved / XRP Interest Earned",2025-10-06 06:00:00
NXTZzHhFJWnHHFM2iqD9UBJAMd,Interest,,LINK,0.47003792,LINK,0.47003792,$8.00,-,-,"approved / LINK Interest Earned",2025-10-06 06:00:00
NXTKUSwULY92SgnS3v8cpIfu,Interest,,DOGE,1.84954857,DOGE,1.84954857,$0.27,-,-,"approved / DOGE Interest Earned",2025-10-06 06:00:00
NXTw7UEqMAO2RqWz0DT35eFRK,Interest,,SOL,0.04167288,SOL,0.04167288,$1.05,-,-,"approved / SOL Interest Earned",2025-10-06 06:00:00
NXTH7T1CIgeqG9W0M4M6HMH,Interest,,ADA,1.18914570,ADA,1.18914570,$0.91,-,-,"approved / ADA Interest Earned",2025-10-06 06:00:00
NXTthhpNZAu5musApl9wr0vpTJpTWru,Fixed Term Interest,,BTC,0.00930356,BTC,0.00930356,$658.32,-,-,"approved / Term Deposit Interest",2025-10-06 05:00:00
NXTKQvkjs8Pesjr9uzrSDCdIbx7Fq,Unlocking Term Deposit,,XRP,589.35813255,XRP,589.35813255,$884.04,-,-,"approved / Transfer from Term Wallet to Savings Wallet",2025-10-06 05:00:00
NXThN26Or3E5oqRTRxjI6WK7s,Credit Card Withdrawal Credit,Card,xUSD,-110.96000000,xUSD,110.96000000,$110.96,-,-,"authorized / Nexo Card Loan Withdrawal",2025-10-06 00:00:00
NXTOEAunWN1tHYt03WUD7bM,Exchange Credit,Card,xUSD,-110.96000000,EURX,99.24000000,$110.96,-,-,"authorized / Nexo Card Loan Withdrawal",2025-10-06 00:00:00
NXTXDU0OiQfnhRtbQcl9BVv4XQgzr,Nexo Card Purchase,Card,xUSD,-110.96000000,EURX,99.24000000,$110.96,-,-,"approved / MEDIAMARKT | COLOGNE",2025-10-06 00:00:00
NXTGMMNCo0vIMyQkVsJ43Zm,Cashback,,NEXO,1.32783124,NEXO,1.32783124,$1.11,-,-,"approved / MEDIAMARKT | COLOGNE",2025-10-06 00:00:00
NXT5IHyVi0qeUjiDdhMDIrkMBSfAK,Interest,,BTC,0.00006814,BTC,0.00006814,$4.75,-,-,"approved / BTC Interest Earned",2025-10-05 06:00:00
NXTG6gt7j2NaR1cdbw47IVBAWMw,Interest,,ETH,0.00235554,ETH,0.00235554,$4.97,-,-,"approved / ETH Interest Earned",2025-10-05 06:00:00
NXTxAkpDgZpAgIVXFcb4XIgyVfkG,Interest,,NEXO,1.22123351,NEXO,1.22123351,$1.64,-,-,"approved / NEXO Interest Earned",2025-10-05 06:00:00
NXTwgK1gvdfFzgdSu8Yr87EmyhmbAv1PB,Interest,,XRP,0.29496768,XRP,0.29496768,$0.44,-,-,"approved / XRP Interest Earned",2025-10-05 06:00:00
NXTbhamP2myZ5BpByZeKGZRDb8yAtu,Interest,,LINK,0.36653349,LINK,0.36653349,$6.35,-,-,"approved / LINK Interest Earned",2025-10-05 06:00:00
NXTdKPhpbOKH6eSU1Nqap9eW,Interest,,DOGE,3.15191387,DOGE,3.15191387,$1.12,-,-,"approved / DOGE Interest Earned",2025-10-05 06:00:00
NXTcKOLE4WGEneCBhzLUg47jE7EJpZV,Interest,,SOL,0.00307255,SOL,0.00307255,$0.51,-,-,"approved / SOL Interest Earned",2025-10-05 06:00:00
NXTPKK49BaS4kA9ObCFYHkfdjPbXMf5,Interest,,ADA,0.93009804,ADA,0.93009804,$0.42,-,-,"approved / ADA Interest Earned",2025-10-05 06:00:00
NXT6cMWCrwXL3j40i1wQgrqbuBXq02C,Fixed Term Interest,,NEXO,93.41589260,NEXO,93.41589260,$101.45,-,-,"approved / Term Deposit Interest",2025-10-05 05:00:00
NXT7OkCnBSnIKlZblj74nzkgAu0esI,Interest,,BTC,0.00027919,BTC,0.00027919,$18.53,-,-,"approved / BTC Interest Earned",2025-10-04 06:00:00
NXTORpJ3mItzENT2nYr6JqpYWLSl,Interest,,ETH,0.00114743,ETH,0.00114743,$4.53,-,-,"approved / ETH Interest Earned",2025-10-04 06:00:00
NXTBlkedp3DGEgE3uJI4pjYUgXyX1Hk2,Interest,,NEXO,0.94897077,NEXO,0.94897077,$1.31,-,-,"approved / NEXO Interest Earned",2025-10-04 06:00:00
NXTYQCF1BQQS2PwoH5X5XYcb8oyfJXtC,Interest,,XRP,0.16939021,XRP,0.16939021,$0.26,-,-,"approved / XRP Interest Earned",2025-10-04 06:00:00
NXT2J5fWNk56UPfmr1FdZ4J9fQ,Interest,,LINK,0.20609936,LINK,0.20609936,$4.65,-,-,"approved / LINK Interest Earned",2025-10-04 06:00:00
NXTjdjjmhQRCCOdLUfgyilhS,Interest,,DOGE,2.74939359,DOGE,2.74939359,$0.82,-,-,"approved / DOGE Interest Earned",2025-10-04 06:00:00
NXTUGBp5UnslxmalOPsGjWkfbIyG51Jui,Interest,,SOL,0.02287806,SOL,0.02287806,$4.43,-,-,"approved / SOL Interest Earned",2025-10-04 06:00:00
NXT0KRw7S0eUOXnPKhREbg8,Interest,,ADA,1.23301420,ADA,1.23301420,$0.75,-,-,"approved / ADA Interest Earned",2025-10-04 06:00:00
NXTPoBrUBHtYDZw69CrxG7YXipN2,Top up Crypto,,XRP,831.82914907,XRP,831.82914907,$1247.74,-,-,"approved / 778254659ca11a4baed5925fb69f46cdadba8a65523f7321d1cde05c262dcc27",2025-10-04 00:00:00
NXTzK1nGWwn9FIyw7Eqx0uLUV,Interest,,BTC,0.00020065,BTC,0.00020065,$18.84,-,-,"approved / BTC Interest Earned",2025-10-03 06:00:00
NXTmMhPFJ5hDEcGRKqcZntu,Interest,,ETH,0.00179287,ETH,0.00179287,$4.35,-,-,"approved / ETH Interest Earned",2025-10-03 06:00:00
NXTmnkMnAT6gXBtaM7j1XrVfWkxG,Interest,,NEXO,0.96198579,NEXO,0.96198579,$0.99,-,-,"approved / NEXO Interest Earned",2025-10-03 06:00:00
NXTDdTiDqi0G1vkiuYYAduVFXBBskEu,Interest,,XRP,0.49891707,XRP,0.49891707,$0.93,-,-,"approved / XRP Interest Earned",2025-10-03 06:00:00
NXTrNTAw1W0rFsMhfQ9b5acjtNK2eoNZ9,Interest,,LINK,0.20177840,LINK,0.20177840,$4.05,-,-,"approved / LINK Interest Earned",2025-10-03 06:00:00
NXTeavcmNIlgs0GxK9EE09nBNB6N,Interest,,DOGE,1.02080096,DOGE,1.02080096,$0.19,-,-,"approved / DOGE Interest Earned",2025-10-03 06:00:00
NXT09R4r6enYRYgiZhL2NMMdT2Gz,Interest,,SOL,0.00833553,SOL,0.00833553,$0.18,-,-,"approved / SOL Interest Earned",2025-10-03 06:00:00
NXTCbkDGfCW3DtUwMDx16uMFWPC3ITy,Interest,,ADA,1.03012192,ADA,1.03012192,$0.46,-,-,"approved / ADA Interest Earned",2025-10-03 06:00:00
NXT3HtKTkJc1scYArdCQZyH5,Interest,,BTC,0.00006942,BTC,0.00006942,$4.70,-,-,"approved / BTC Interest Earned",2025-10-02 06:00:00
NXTPklakfEYHlMq5AJvZWQBU1oYphF,Interest,,ETH,0.00457269,ETH,0.00457269,$16.36,-,-,"approved / ETH Interest Earned",2025-10-02 06:00:00
NXTboU7bWKSAQ9CRy6ozWjXwaHf0l,Interest,,NEXO,1.13267233,NEXO,1.13267233,$1.70,-,-,"approved / NEXO Interest Earned",2025-10-02 06:00:00
NXTfy2wWHBgqJTGVk8iJ8U7IH,Interest,,XRP,0.33312872,XRP,0.33312872,$0.36,-,-,"approved / XRP Interest Earned",2025-10-02 06:00:00
NXTLrHbj3cucLTPH8LQFsi2uTFNOrCHC,Interest,,LINK,0.35683790,LINK,0.35683790,$3.74,-,-,"approved / LINK Interest Earned",2025-10-02 06:00:00
NXTBwl3yymVObMrW7dM8EGxjM4FSjZtJE,Interest,,DOGE,4.14616727,DOGE,4.14616727,$1.72,-,-,"approved / DOGE Interest Earned",2025-10-02 06:00:00
NXTtGylModqb3w9xMQJbhrHWvxp5yKm,Interest,,SOL,0.03773846,SOL,0.03773846,$7.91,-,-,"approved / SOL Interest Earned",2025-10-02 06:00:00
NXTlp7QT0WZn6H3JgzqQ4lVS5l6,Interest,,ADA,0.77073787,ADA,0.77073787,$0.79,-,-,"approved / ADA Interest Earned",2025-10-02 06:00:00
NXTwQbYF9KerJ5SCpYyLJ6AMY1OZNVUPV,Interest,,BTC,0.00036469,BTC,0.00036469,$22.56,-,-,"approved / BTC Interest Earned",2025-10-01 06:00:00
NXTsHwx7pugbFtM8mkllWYsi8zI6zR9,Interest,,ETH,0.00434391,ETH,0.00434391,$8.75,-,-,"approved / ETH Interest Earned",2025-10-01 06:00:00
NXTCz3NknI9oLuP4O3GOIbYr,Interest,,NEXO,0.99865734,NEXO,0.99865734,$1.08,-,-,"approved / NEXO Interest Earned",2025-10-01 06:00:00
NXT3hiRLvI0jKwPAqWxxzeZaDAPQj,Interest,,XRP,0.05138251,XRP,0.05138251,$0.06,-,-,"approved / XRP Interest Earned",2025-10-01 06:00:00
NXTu5h0WyjKV0q30ZkUaPFL4y9h8ymfl,Interest,,LINK,0.13562898,LINK,0.13562898,$2.18,-,-,"approved / LINK Interest Earned",2025-10-01 06:00:00
NXTceGLrsL1tCV1G26NMdwN,Interest,,DOGE,3.25350439,DOGE,3.25350439,$1.24,-,-,"approved / DOGE Interest Earned",2025-10-01 06:00:00
NXTBrkSBiy1PKvIf2SZ558J5eWb6Pq,Interest,,SOL,0.01423595,SOL,0.01423595,$3.35,-,-,"approved / SOL Interest Earned",2025-10-01 06:00:00
NXTo67tSkv7gHea03kgLagUoFPiEJv,Interest,,ADA,1.94356425,ADA,1.94356425,$0.85,-,-,"approved / ADA Interest Earned",2025-10-01 06:00:00
NXTcxxUweoOgKUivuNZQ8DliS6cmX2,Top up Crypto,,LINK,25.90901242,LINK,25.90901242,$388.64,-,-,"approved / 1dd4c4e26f3750083f50edac24db2b7014d8b814406c71e908326936a1f188f8",2025-10-01 00:00:00
NXTskJPTzjpASwSGntWf2Ys8yvUU1czoP,Interest,,BTC,0.00007934,BTC,0.00007934,$5.87,-,-,"approved / BTC Interest Earned",2025-09-30 06:00:00
NXTl1TPDtX1F7G4bogoRGZrSiLR,Interest,,ETH,0.00202969,ETH,0.00202969,$6.98,-,-,"approved / ETH Interest Earned",2025-09-30 06:00:00
NXTQd0o4mVwZptRynigfLGSWHLm,Interest,,NEXO,1.37998779,NEXO,1.37998779,$1.43,-,-,"approved / NEXO Interest Earned",2025-09-30 06:00:00
NXTEiN9czcefUVE79f71WSGa4m,Interest,,XRP,0.31699297,XRP,0.31699297,$0.55,-,-,"approved / XRP Interest Earned",2025-09-30 06:00:00
NXTgWghL5pxDRqr8hSzaMnwXidtehGVr,Interest,,LINK,0.06195617,LINK,0.06195617,$1.33,-,-,"approved / LINK Interest Earned",2025-09-30 06:00:00
NXTGvbi9mYjnLjoruepcUTiH6cwbX,Interest,,DOGE,2.92653198,DOGE,2.92653198,$0.43,-,-,"approved / DOGE Interest Earned",2025-09-30 06:00:00
NXTAXcRhhWbcl9Gmy2f2bjCtUgkn3,Interest,,SOL,0.01264478,SOL,0.01264478,$3.09,-,-,"approved / SOL Interest Earned",2025-09-30 06:00:00
NXTIBgMEVNinGqUcp3aGBmsDPI3icox,Interest,,ADA,0.77601114,ADA,0.77601114,$0.80,-,-,"approved / ADA Interest Earned",2025-09-30 06:00:00
NXTXSOnp4tZJhPdnFcy21VtfCwsWTpw,Top up Crypto,,ADA,1292.56135261,ADA,1292.56135261,$904.79,-,-,"approved / 6a8211ef259caa46f33e190aa2020758d45bdb1e5684fa780d22cea1b0d005e2",2025-09-30 00:00:00
NXTIkT8JPlYoclZmsdBMbSSwUVZAQZ,Interest,,BTC,0.00035123,BTC,0.00035123,$32.56,-,-,"approved / BTC Interest Earned",2025-09-29 06:00:00
NXTxHQ3gVnjgoYqGIP653492j,Interest,,ETH,0.00121581,ETH,0.00121581,$3.29,-,-,"approved / ETH Interest Earned",2025-09-29 06:00:00
NXTnBkZBtL5XZmsVCfKXhdTH1IyOSYdl,Interest,,NEXO,1.99471355,NEXO,1.99471355,$2.34,-,-,"approved / NEXO Interest Earned",2025-09-29 06:00:00
NXT4FL2oIvHquilA0mXnNGMeSH,Interest,,XRP,0.44410959,XRP,0.44410959,$0.92,-,-,"approved / XRP Interest Earned",2025-09-29 06:00:00
NXTQ9ucabPbYbtUYKfl7gWHxW,Interest,,LINK,0.38198350,LINK,0.38198350,$4.63,-,-,"approved / LINK Interest Earned",2025-09-29 06:00:00
NXT9tPXFrsjHjPHrGVjZrMcxc,Interest,,DOGE,3.86812285,DOGE,3.86812285,$1.14,-,-,"approved / DOGE Interest Earned",2025-09-29 06:00:00
NXTdP2xNfSrjxhzXF9wdtkJTIcDzoLMC,Interest,,SOL,0.02229981,SOL,0.02229981,$0.59,-,-,"approved / SOL Interest Earned",2025-09-29 06:00:00
NXTW71GhdX51pG34TqT7NHD2pmSlOypP,Interest,,ADA,0.77464644,ADA,0.77464644,$0.93,-,-,"approved / ADA Interest Earned",2025-09-29 06:00:00
NXTif6a3cYzgj63pul4RgYD,Interest,,BTC,0.00033237,BTC,0.00033237,$23.07,-,-,"approved / BTC Interest Earned",2025-09-28 06:00:00
NXTF9aGqXWlHdnPlGvzK4rp1hAOE8zlph,Interest,,ETH,0.00377937,ETH,0.00377937,$7.95,-,-,"approved / ETH Interest Earned",2025-09-28 06:00:00
NXT7pSopcey7rgangRzvBjOh,Interest,,NEXO,0.45028007,NEXO,0.45028007,$0.56,-,-,"approved / NEXO Interest Earned",2025-09-28 06:00:00
NXTOQBmNmv11PE6BpAjWZUGmgrrkV,Interest,,XRP,0.21594057,XRP,0.21594057,$0.53,-,-,"approved / XRP Interest Earned",2025-09-28 06:00:00
NXTKvNBQrDyjn4boEn6F5gSG,Interest,,LINK,0.26295528,LINK,0.26295528,$5.39,-,-,"approved / LINK Interest Earned",2025-09-28 06:00:00
NXTGtzd7g3pp751J55M8a7uQIJalgsVpX,Interest,,DOGE,3.60458532,DOGE,3.60458532,$0.60,-,-,"approved / DOGE Interest Earned",2025-09-28 06:00:00
NXT0LIfDmpcuDouo7beJizcCHTg9ISnnw,Interest,,SOL,0.02972343,SOL,0.02972343,$5.08,-,-,"approved / SOL Interest Earned",2025-09-28 06:00:00
NXTz9N33f5LfpLU6oDrkUT5E9X3gFoJa,Interest,,ADA,0.16957014,ADA,0.16957014,$0.04,-,-,"approved / ADA Interest Earned",2025-09-28 06:00:00
NXTtr7blG4hWRnLR9miekS9Y79PRI,Top up Crypto,,LINK,21.92659700,LINK,21.92659700,$328.90,-,-,"approved / 46d70a4d0a4c667f52b5c4166f241547b277be96ac0a68b20da723a5f0275712",2025-09-28 00:00:00
NXTaR8eZYH2doMfvYWdAyQuIdpfco0Cy,Credit Card Withdrawal Credit,Card,xUSD,-90.68000000,xUSD,90.68000000,$90.68,-,-,"authorized / Nexo Card Loan Withdrawal",2025-09-28 00:00:00
NXTf1fXFf0OH7WYHKsLu2YvXVKMCUIFP,Exchange Credit,Card,xUSD,-90.68000000,EURX,85.17000000,$90.68,-,-,"authorized / Nexo Card Loan Withdrawal",2025-09-28 00:00:00
NXTwqbzK3DY132wPtUVLi3Jba,Nexo Card Purchase,Card,xUSD,-90.68000000,EURX,85.17000000,$90.68,-,-,"approved / PAYPAL *SPOTIFY | 35314369001",2025-09-28 00:00:00
NXTNpYWdAwveEZZf3i8hPcHh3RE,Cashback,,NEXO,1.70871255,NEXO,1.70871255,$1.81,-,-,"approved / PAYPAL *SPOTIFY | 35314369001",2025-09-28 00:00:00
NXTQ1UqyGK5mVTc7Kr9CrbK7dZzC,Interest,,BTC,0.00025553,BTC,0.00025553,$17.22,-,-,"approved / BTC Interest Earned",2025-09-27 06:00:00
NXTZnq30YPJyaonYoaceXH36b1TV,Interest,,ETH,0.00447966,ETH,0.00447966,$14.21,-,-,"approved / ETH Interest Earned",2025-09-27 06:00:00
NXTd9nOrho9IuHmQeO6biUqOPz4mkg5tH,Interest,,NEXO,1.59718829,NEXO,1.59718829,$2.14,-,-,"approved / NEXO Interest Earned",2025-09-27 06:00:00
NXT20aoWX67hBhVWChPrfWvyl,Interest,,XRP,0.29690630,XRP,0.29690630,$0.16,-,-,"approved / XRP Interest Earned",2025-09-27 06:00:00
NXTXXfdjjYHD5Nb0XAYWykMDKR8UZ5WI,Interest,,LINK,0.47522332,LINK,0.47522332,$9.40,-,-,"approved / LINK Interest Earned",2025-09-27 06:00:00
NXTmcCaw95OzZ81f0KIhiE9TvMcZ,Interest,,DOGE,2.56033934,DOGE,2.56033934,$0.48,-,-,"approved / DOGE Interest Earned",2025-09-27 06:00:00
NXTs1ds7iqxjvzeGetsb8uS15L0wf,Interest,,SOL,0.01653628,SOL,0.01653628,$1.57,-,-,"approved / SOL Interest Earned",2025-09-27 06:00:00
NXTlnXor0IH1YIJQsIs3Uc4A,Interest,,ADA,0.60197972,ADA,0.60197972,$0.34,-,-,"approved / ADA Interest Earned",2025-09-27 06:00:00
NXT9FVILZoEVlYw9o6zU4aR3z0Q,Exchange,,SOL,-0.72837102,USDC,101.97194284,$101.97,0.00719425,SOL,"approved / Exchange SOL to USDC",2025-09-27 00:00:00
NXT8jqXVWeK2mW2XzpYcjhjGd9yl,Exchange,,BTC,-0.00588962,NEXO,428.33603966,$471.17,0.00005344,BTC,"approved / Exchange BTC to NEXO",2025-09-27 00:00:00
NXT5xOBSqi4fxycs7mJzZjHp4,Interest,,BTC,0.00037698,BTC,0.00037698,$29.29,-,-,"approved / BTC Interest Earned",2025-09-26 06:00:00
NXTqDeD85EeC3M807qI3YuP,Interest,,ETH,0.00050255,ETH,0.00050255,$0.98,-,-,"approved / ETH Interest Earned",2025-09-26 06:00:00
NXTGrK3obDuFESz7s1gjnW2p45RFzyJs,Interest,,NEXO,1.10074740,NEXO,1.10074740,$1.40,-,-,"approved / NEXO Interest Earned",2025-09-26 06:00:00
NXTet3BYjDb6ho2E7Kz0rLkjuxffXaHEf,Interest,,XRP,0.15912239,XRP,0.15912239,$0.27,-,-,"approved / XRP Interest Earned",2025-09-26 06:00:00
NXTjdDcs0Q4RPfktg9fca5W3ZEqsZeLiC,Interest,,LINK,0.48652710,LINK,0.48652710,$10.39,-,-,"approved / LINK Interest Earned",2025-09-26 06:00:00
NXTfLQb0PRYwFsRyYo9tuojjeKhgBje,Interest,,DOGE,4.33577948,DOGE,4.33577948,$0.53,-,-,"approved / DOGE Interest Earned",2025-09-26 06:00:00
NXToDz5PPTsR3Owyvd0XyYC7W1BYURO7,Interest,,SOL,0.03874797,SOL,0.03874797,$7.17,-,-,"approved / SOL Interest Earned",2025-09-26 06:00:00
NXTaW7zE9j2oL74SzVNSXxaDZ,Interest,,ADA,1.52787681,ADA,1.52787681,$1.64,-,-,"approved / ADA Interest Earned",2025-09-26 06:00:00
NXTzBj30UbVmPB2vbFyBmieZ,Interest,,BTC,0.00022862,BTC,0.00022862,$15.58,-,-,"approved / BTC Interest Earned",2025-09-25 06:00:00
NXTmtzpsoLDb5pRCXyvxES4fpow9D,Interest,,ETH,0.00357475,ETH,0.00357475,$7.88,-,-,"approved / ETH Interest Earned",2025-09-25 06:00:00
NXTGGmcxcoRjMIpGpjiB2lzke2MJW21Tr,Interest,,NEXO,0.42022915,NEXO,0.42022915,$0.59,-,-,"approved / NEXO Interest Earned",2025-09-25 06:00:00
NXToYmSegYlhCVSj5pa1VFbFd,Interest,,XRP,0.26161176,XRP,0.26161176,$0.34,-,-,"approved / XRP Interest Earned",2025-09-25 06:00:00
NXT0oLwWCCSSkLc8irGEUIT3C,Interest,,LINK,0.11072710,LINK,0.11072710,$0.77,-,-,"approved / LINK Interest Earned",2025-09-25 06:00:00
NXTJZzp6k1hce90h4xsbEUnWUBKViXyi,Interest,,DOGE,3.41308964,DOGE,3.41308964,$0.90,-,-,"approved / DOGE Interest Earned",2025-09-25 06:00:00
NXTECC2Czd635sdCxOALvFD51Dv,Interest,,SOL,0.04512468,SOL,0.04512468,$10.69,-,-,"approved / SOL Interest Earned",2025-09-25 06:00:00
NXTagUIdFNxBuMvuwXK2VAFPH,Interest,,ADA,0.46761067,ADA,0.46761067,$0.53,-,-,"approved / ADA Interest Earned",2025-09-25 06:00:00
NXTr6AZDUd7ne7cbp0MoDh6CpwL7S,Top up Crypto,,BTC,0.05912563,BTC,0.05912563,$4730.05,-,-,"approved / 6e72d7cd4c737b35e126236570d6cf0e97f46ed8bce7476acbdef8e9a16d2457",2025-09-25 00:00:00
NXTsa9FFfohQrlIaCDjsoaJTsjnb,Exchange Cashback,,EURX,0.59385640,EURX,0.59385640,$0.59,-,-,"approved / 0.5 % on top of your Exchange transaction",2025-09-25 00:00:00
NXTkJPB9xqeWlzIojiRadWg,Interest,,BTC,0.00046466,BTC,0.00046466,$30.12,-,-,"approved / BTC Interest Earned",2025-09-24 06:00:00
NXTsYtpDnPDnkIM1eP1jVD9,Interest,,ETH,0.00349660,ETH,0.00349660,$11.21,-,-,"approved / ETH Interest Earned",2025-09-24 06:00:00
NXTU0wnqdA1WbP5yL1UhMX3OUjLrVAbef,Interest,,NEXO,0.23792118,NEXO,0.23792118,$0.22,-,-,"approved / NEXO Interest Earned",2025-09-24 06:00:00
NXTcrrO9vZL41DEU0KIQLWiuQ8HMdN52K,Interest,,XRP,0.45124271,XRP,0.45124271,$0.32,-,-,"approved / XRP Interest Earned",2025-09-24 06:00:00
NXT4JvsZGzqAOV3iVsQwHtXKkS2N,Interest,,LINK,0.15252900,LINK,0.15252900,$3.60,-,-,"approved / LINK Interest Earned",2025-09-24 06:00:00
NXTlOEpEqJHjLp7Y8al55C9KrJmd,Interest,,DOGE,1.42580221,DOGE,1.42580221,$0.52,-,-,"approved / DOGE Interest Earned",2025-09-24 06:00:00
NXTgBtihV9cegHhfUAcOdg8SronLU5vo,Interest,,SOL,0.02195766,SOL,0.02195766,$5.61,-,-,"approved / SOL Interest Earned",2025-09-24 06:00:00
NXTk7xHbjJM8YhpzpL34raPA10,Interest,,ADA,0.14361272,ADA,0.14361272,$0.12,-,-,"approved / ADA Interest Earned",2025-09-24 06:00:00
NXTrfwYHx3THtNzJx8VjP3P,Interest,,BTC,0.00012345,BTC,0.00012345,$11.07,-,-,"approved / BTC Interest Earned",2025-09-23 06:00:00
NXTL2uwCU1kcF1MLHZjXiYmQ,Interest,,ETH,0.00233522,ETH,0.00233522,$9.59,-,-,"approved / ETH Interest Earned",2025-09-23 06:00:00
NXT9HGJpI6TQWEuZx6GYnvzU,Interest,,NEXO,0.25531245,NEXO,0.25531245,$0.28,-,-,"approved / NEXO Interest Earned",2025-09-23 06:00:00
NXTjRUS38XE4RtUsmN6lbsmZQeCh6P,Interest,,XRP,0.09789198,XRP,0.09789198,$0.17,-,-,"approved / XRP Interest Earned",2025-09-23 06:00:00
NXTymAKDMcEbtbR1xHgQMv8EbcE4,Interest,,LINK,0.05475580,LINK,0.05475580,$0.95,-,-,"approved / LINK Interest Earned",2025-09-23 06:00:00
NXTpZNfxuLDuIRBMfQKPbFel,Interest,,DOGE,2.63692304,DOGE,2.63692304,$0.72,-,-,"approved / DOGE Interest Earned",2025-09-23 06:00:00
NXTOdKRE3skrugjZmEaWY4VclvQ0oBR,Interest,,SOL,0.01446232,SOL,0.01446232,$2.25,-,-,"approved / SOL Interest Earned",2025-09-23 06:00:00
NXTi8LbEXAR3wHzcBRef2PDFp,Interest,,ADA,1.83214487,ADA,1.83214487,$0.63,-,-,"approved / ADA Interest Earned",2025-09-23 06:00:00
NXTVF9TwN5W5yQbi9qFdU6iT,Exchange Cashback,,NEXO,1.15460381,NEXO,1.15460381,$1.16,-,-,"approved / 0.5 % on top of your Exchange transaction",2025-09-23 00:00:00
NXTYkH3VSlCFxmgFNg1KIXQ,Deposit To Exchange,,EUR,610.78000000,EURX,610.78000000,$647.55,-,-,"approved / EUR Top Up",2025-09-23 00:00:00
NXTxAujbRNWjc6oQrYtJafm7HwPygVd,Exchange Deposited On,,EUR,-610.78000000,EURX,610.78000000,$647.55,-,-,"approved / EUR to EURX",2025-09-23 00:00:00
NXTmsbNAwW9BxjBt6CmLrKubduD,Interest,,BTC,0.00041111,BTC,0.00041111,$24.82,-,-,"approved / BTC Interest Earned",2025-09-22 06:00:00
NXTIMOyuZcrJJ2dSidejG6oU8uzUE,Interest,,ETH,0.00113789,ETH,0.00113789,$4.32,-,-,"approved / ETH Interest Earned",2025-09-22 06:00:00
NXTWRHfmjV1odQbNRDcV67ityNyFrbSze,Interest,,NEXO,1.13571162,NEXO,1.13571162,$1.33,-,-,"approved / NEXO Interest Earned",2025-09-22 06:00:00
NXTKaRKw3knH4UrIFjmLuuqhrb,Interest,,XRP,0.14005598,XRP,0.14005598,$0.07,-,-,"approved / XRP Interest Earned",2025-09-22 06:00:00
NXTVmgyg5mVTsQnKsCOo30nbaZ1m6yu,Interest,,LINK,0.32151554,LINK,0.32151554,$5.91,-,-,"approved / LINK Interest Earned",2025-09-22 06:00:00
NXT5DKXP6egabdaraBT7gwO8T,Interest,,DOGE,4.92903269,DOGE,4.92903269,$1.45,-,-,"approved / DOGE Interest Earned",2025-09-22 06:00:00
NXTbV3sq53Xm5UQb5Dafo1JIqRDTjeQbE,Interest,,SOL,0.01926823,SOL,0.01926823,$1.68,-,-,"approved / SOL Interest Earned",2025-09-22 06:00:00
NXTJcdVrrDXbq2oBaO2ZA7E,Interest,,ADA,1.67785731,ADA,1.67785731,$1.08,-,-,"approved / ADA Interest Earned",2025-09-22 06:00:00
NXTWghRmUff6aXodetGDm9LlrP1d,Interest,,BTC,0.00048486,BTC,0.00048486,$39.80,-,-,"approved / BTC Interest Earned",2025-09-21 06:00:00
NXT8q2JlhVl0UoyZszNnpvoa3,Interest,,ETH,0.00133218,ETH,0.00133218,$2.42,-,-,"approved / ETH Interest Earned",2025-09-21 06:00:00
NXTedvTMYeVSaUfK4wQQeq0BU,Interest,,NEXO,1.39870895,NEXO,1.39870895,$1.39,-,-,"approved / NEXO Interest Earned",2025-09-21 06:00:00
NXTt9lKcvCC508C3CiUAbit9NyaXPk,Interest,,XRP,0.26620196,XRP,0.26620196,$0.39,-,-,"approved / XRP Interest Earned",2025-09-21 06:00:00
NXTbDqmEjZ0rlLEA0EPvg7RL,Interest,,LINK,0.31682172,LINK,0.31682172,$3.01,-,-,"approved / LINK Interest Earned",2025-09-21 06:00:00
NXTXzatjNQAhirSY1w8dBzmuo2t48W,Interest,,DOGE,1.13665008,DOGE,1.13665008,$0.30,-,-,"approved / DOGE Interest Earned",2025-09-21 06:00:00
NXTR37WJ4RLYpI3t2xjtGC36Teyl,Interest,,SOL,0.02819479,SOL,0.02819479,$4.47,-,-,"approved / SOL Interest Earned",2025-09-21 06:00:00
NXT0dpNuZDjqt9LHZO7LhTTmXrXA,Interest,,ADA,1.56289681,ADA,1.56289681,$1.45,-,-,"approved / ADA Interest Earned",2025-09-21 06:00:00
NXTxQx4oEp8ND3C2nrT7ypjTAscz209hM,Interest,,BTC,0.00045630,BTC,0.00045630,$42.35,-,-,"approved / BTC Interest Earned",2025-09-20 06:00:00
NXTCC7CuPiGpSJ6TWwC1XxtyDHC47,Interest,,ETH,0.00143645,ETH,0.00143645,$3.98,-,-,"approved / ETH Interest Earned",2025-09-20 06:00:00
NXTnIjxGlBRxPqUIjyWmzD1i5t,Interest,,NEXO,1.75321075,NEXO,1.75321075,$1.91,-,-,"approved / NEXO Interest Earned",2025-09-20 06:00:00
NXT2PWfa1d0t3mjn0w4KZDRrgI3jzHMjI,Interest,,XRP,0.46985910,XRP,0.46985910,$0.79,-,-,"approved / XRP Interest Earned",2025-09-20 06:00:00
NXT8PjBUixxkbQY5Kl386J292e,Interest,,LINK,0.26130545,LINK,0.26130545,$6.45,-,-,"approved / LINK Interest Earned",2025-09-20 06:00:00
NXT4g57mNsXWv8EMK9wpF84btkORq,Interest,,DOGE,1.10724530,DOGE,1.10724530,$0.20,-,-,"approved / DOGE Interest Earned",2025-09-20 06:00:00
NXTUVCeIi8MTbx4xcPRuX0Wzv6S,Interest,,SOL,0.04981154,SOL,0.04981154,$5.03,-,-,"approved / SOL Interest Earned",2025-09-20 06:00:00
NXTfBPX413bhVpkeJofeSTv4eK7,Interest,,ADA,1.14952703,ADA,1.14952703,$0.82,-,-,"approved / ADA Interest Earned",2025-09-20 06:00:00
NXTR2ljYbcH76YtsvlG3EL9565HyBh,Interest,,BTC,0.00030386,BTC,0.00030386,$24.34,-,-,"approved / BTC Interest Earned",2025-09-19 06:00:00
NXTi7EXcd8D0OUK0fO4IRGUNriVs,Interest,,ETH,0.00299508,ETH,0.00299508,$7.82,-,-,"approved / ETH Interest Earned",2025-09-19 06:00:00
NXTfbgILs9VVRGc6tK3HNTHcsl7dZ,Interest,,NEXO,1.29004462,NEXO,1.29004462,$1.40,-,-,"approved / NEXO Interest Earned",2025-09-19 06:00:00
NXT0FQcnClntSEJMcx3hs4O4ukyo4yj,Interest,,XRP,0.44316734,XRP,0.44316734,$0.86,-,-,"approved / XRP Interest Earned",2025-09-19 06:00:00
NXT2AJ1Mm2TqQzzr3YELMyRBPnN,Interest,,LINK,0.31943824,LINK,0.31943824,$5.69,-,-,"approved / LINK Interest Earned",2025-09-19 06:00:00
NXTeHkT7SRrr1qVy2mf0mGcDgcyfRe,Interest,,DOGE,1.01875281,DOGE,1.01875281,$0.42,-,-,"approved / DOGE Interest Earned",2025-09-19 06:00:00
NXTBVPF8VScaj1pkC3dx6FnMu,Interest,,SOL,0.02236148,SOL,0.02236148,$2.44,-,-,"approved / SOL Interest Earned",2025-09-19 06:00:00
NXTepGIi7dQzHMk5wigoxIYVhnMIeO,Interest,,ADA,1.47024406,ADA,1.47024406,$0.40,-,-,"approved / ADA Interest Earned",2025-09-19 06:00:00
NXTnFNdue6yGSWjvgjmieobd6Yx,Fixed Term Interest,,XRP,11.59792878,XRP,11.59792878,$28.23,-,-,"approved / Term Deposit Interest",2025-09-19 05:00:00
NXTMnijULzIDHPnpU2fBReIdHFJj,Top up Crypto,,ADA,1096.53734064,ADA,1096.53734064,$767.58,-,-,"approved / bee2e2ef67efee091f4f87fd7312742bc9c2ded81a225343cf4b0ab01468eb41",2025-09-19 00:00:00
NXTInYRMdmjrk2JnyoQir7bF8,Exchange Cashback,,NEXO,0.87837589,NEXO,0.87837589,$1.25,-,-,"approved / 0.5 % on top of your Exchange transaction",2025-09-19 00:00:00
NXTsdYkbhq2fr9y3lmw9b6R11IV,Deposit To Exchange,,EUR,472.09000000,EURX,472.09000000,$514.76,-,-,"approved / EUR Top Up",2025-09-19 00:00:00
NXTsFEuXk6rZhzoWrV5jnfsF0,Exchange Deposited On,,EUR,-472.09000000,EURX,472.09000000,$514.76,-,-,"approved / EUR to EURX",2025-09-19 00:00:00
NXTrWuRNVjI1OTUWkEfvHX7ts4,Interest,,BTC,0.00041100,BTC,0.00041100,$29.61,-,-,"approved / BTC Interest Earned",2025-09-18 06:00:00
NXTElxqRvX3U7ugK4RIUHyRmfL2zqSHy,Interest,,ETH,0.00090695,ETH,0.00090695,$2.52,-,-,"approved / ETH Interest Earned",2025-09-18 06:00:00
NXTM8unZpj9bnRn2BYjs71DBI9l,Interest,,NEXO,1.85039082,NEXO,1.85039082,$1.61,-,-,"approved / NEXO Interest Earned",2025-09-18 06:00:00
NXTM38UR8Xqw36tw7i19pHh8WFDtY,Interest,,XRP,0.13372612,XRP,0.13372612,$0.20,-,-,"approved / XRP Interest Earned",2025-09-18 06:00:00
NXT8YnqZCBKe9bBO3DRdv7rp3bLAViyPt,Interest,,LINK,0.32184121,LINK,0.32184121,$6.33,-,-,"approved / LINK Interest Earned",2025-09-18 06:00:00
NXTJ26iHQtaLSwh8MGTTpLVllO,Interest,,DOGE,3.63742688,DOGE,3.63742688,$0.65,-,-,"approved / DOGE Interest Earned",2025-09-18 06:00:00
NXTfzRQXxD0ltkApfqmvOfCf,Interest,,SOL,0.02525378,SOL,0.02525378,$1.23,-,-,"approved / SOL Interest Earned",2025-09-18 06:00:00
NXT8dxk7Gaxb4I17lMlnv24,Interest,,ADA,0.58975887,ADA,0.58975887,$0.64,-,-,"approved / ADA Interest Earned",2025-09-18 06:00:00
NXTcgEffUOHEIi0FuZEOq8D1cNym,Fixed Term Interest,,XRP,13.03756079,XRP,13.03756079,$13.34,-,-,"approved / Term Deposit Interest",2025-09-18 05:00:00
NXTbgKJmDOPOMUC6l1hPUmn,Transfer In,,BTC,0.03290140,BTC,0.03290140,$2632.11,-,-,"approved / Transfer from Credit Line Wallet to Savings Wallet",2025-09-18 00:00:00
NXTsSCKG9q3uxjT0UXNX8aNZoyaD1l18z,Interest,,BTC,0.00012085,BTC,0.00012085,$8.03,-,-,"approved / BTC Interest Earned",2025-09-17 06:00:00
NXTHhrV5u3pYEIPPvGdwN7hoCgI,Interest,,ETH,0.00496714,ETH,0.00496714,$14.34,-,-,"approved / ETH Interest Earned",2025-09-17 06:00:00
NXTCI678lY2FiQWmUGWIGcHHR9k,Interest,,NEXO,0.66185552,NEXO,0.66185552,$0.93,-,-,"approved / NEXO Interest Earned",2025-09-17 06:00:00
NXTNM0Uj6L1r76s383Di6apIt5M7dziYV,Interest,,XRP,0.12143741,XRP,0.12143741,$0.22,-,-,"approved / XRP Interest Earned",2025-09-17 06:00:00
NXTyjzKpvo6iyTKPmiruNGGVLo,Interest,,LINK,0.41314472,LINK,0.41314472,$9.94,-,-,"approved / LINK Interest Earned",2025-09-17 06:00:00
NXTUCe84vq9x3gCK2QXVng9LLw1PZ7A,Interest,,DOGE,2.47222394,DOGE,2.47222394,$0.94,-,-,"approved / DOGE Interest Earned",2025-09-17 06:00:00
NXT0T4NuPpwaSEKnAq9ZELJL1Pc,Interest,,SOL,0.03226494,SOL,0.03226494,$7.34,-,-,"approved / SOL Interest Earned",2025-09-17 06:00:00
NXT7JhVwP4AyUvW0JG6YMWPbJb6g5XT0p,Interest,,ADA,0.30481559,ADA,0.30481559,$0.32,-,-,"approved / ADA Interest Earned",2025-09-17 06:00:00
NXTiNAXXZd9xJ972uHrueef,Interest,,BTC,0.00013692,BTC,0.00013692,$11.11,-,-,"approved / BTC Interest Earned",2025-09-16 06:00:00
NXTX0f5L9UVArB2TOeOvGQYAb,Interest,,ETH,0.00301231,ETH,0.00301231,$6.23,-,-,"approved / ETH Interest Earned",2025-09-16 06:00:00
NXTbnAqnPuCPVJv21jVmlbL0WH7ut,Interest,,NEXO,1.19200190,NEXO,1.19200190,$0.96,-,-,"approved / NEXO Interest Earned",2025-09-16 06:00:00
NXTk9o5Vb26h6b10mdBmVKh8FJG,Interest,,XRP,0.15354673,XRP,0.15354673,$0.13,-,-,"approved / XRP Interest Earned",2025-09-16 06:00:00
NXTTw9znfFDF6bxA7gwte6OoROY2a7,Interest,,LINK,0.12329735,LINK,0.12329735,$1.23,-,-,"approved / LINK Interest Earned",2025-09-16 06:00:00
NXTipJhjRVdX1Oxzjk67UYl,Interest,,DOGE,3.78333100,DOGE,3.78333100,$1.55,-,-,"approved / DOGE Interest Earned",2025-09-16 06:00:00
NXTbmzx0MbbbDTizHVSkgvnAe,Interest,,SOL,0.04407479,SOL,0.04407479,$2.04,-,-,"approved / SOL Interest Earned",2025-09-16 06:00:00
NXT1HiLNtD3hOwMSDU0mni6nffz2g,Interest,,ADA,1.94058776,ADA,1.94058776,$1.34,-,-,"approved / ADA Interest Earned",2025-09-16 06:00:00
NXTJ2Z8oyiwwj6J0uuoOEFAfJV,Credit Card Withdrawal Credit,Card,xUSD,-55.55000000,xUSD,55.55000000,$55.55,-,-,"authorized / Nexo Card Loan Withdrawal",2025-09-16 00:00:00
NXTIzQ1HPWTjszUFQ6GW4c9jS8sEz,Exchange Credit,Card,xUSD,-55.55000000,EURX,51.00000000,$55.55,-,-,"authorized / Nexo Card Loan Withdrawal",2025-09-16 00:00:00
NXTJtuCJu9x0OvaFEOEfCyXAUgO,Nexo Card Purchase,Card,xUSD,-55.55000000,EURX,51.00000000,$55.55,-,-,"approved / AMAZON MKTPLACE PMTS | LUXEMBOURG",2025-09-16 00:00:00
NXTKsiqfJt3wXPbeIy2BybcFs6Vz,Cashback,,NEXO,0.26472811,NEXO,0.26472811,$0.28,-,-,"approved / AMAZON MKTPLACE PMTS | LUXEMBOURG",2025-09-16 00:00:00
NXTU9zMkvj0tx1EkGk3a6vtnrWWOwC4,Interest,,BTC,0.00029628,BTC,0.00029628,$20.47,-,-,"approved / BTC Interest Earned",2025-09-15 06:00:00
NXT3TwcM7Fq70HeXBGpXl61oSl8qrUT,Interest,,ETH,0.00457836,ETH,0.00457836,$17.47,-,-,"approved / ETH Interest Earned",2025-09-15 06:00:00
NXTGdoKKCHWtNmhfmHnEJK1g2,Interest,,NEXO,1.84318699,NEXO,1.84318699,$2.64,-,-,"approved / NEXO Interest Earned",2025-09-15 06:00:00
NXTMCaULEkFF6s1prItB86Et8DkeAs5BN,Interest,,XRP,0.39982814,XRP,0.39982814,$0.32,-,-,"approved / XRP Interest Earned",2025-09-15 06:00:00
NXTVnFtGgsLJjjVW0Lj78OWW,Interest,,LINK,0.29236554,LINK,0.29236554,$2.77,-,-,"approved / LINK Interest Earned",2025-09-15 06:00:00
NXT5ZwsTZttIVa6dzOiCrYmPpZbAxI,Interest,,DOGE,1.71222434,DOGE,1.71222434,$0.73,-,-,"approved / DOGE Interest Earned",2025-09-15 06:00:00
NXTF1gpuDSD8cOQ4ErLxgNrw5giUuWzj,Interest,,SOL,0.03721183,SOL,0.03721183,$7.87,-,-,"approved / SOL Interest Earned",2025-09-15 06:00:00
NXTIBuHOIYQiV1RT7wVUntowm8,Interest,,ADA,0.38579719,ADA,0.38579719,$0.21,-,-,"approved / ADA Interest Earned",2025-09-15 06:00:00
NXTPtqiOC56aMIgHFiveprBHs8,Top up Crypto,,USDC,14111.02276050,USDC,14111.02276050,$14111.02,-,-,"approved / d0aa0bc138227d1cd1a801c367de206ec4bbca7330b0507e808d11d6f9901a95",2025-09-15 00:00:00
NXTL4QqzbziqL8tnbudrSZK,Interest,,BTC,0.00010100,BTC,0.00010100,$7.83,-,-,"approved / BTC Interest Earned",2025-09-14 06:00:00
NXTDIvtZj0EGkyyOJeE9fUGsUBCjK,Interest,,ETH,0.00335648,ETH,0.00335648,$8.69,-,-,"approved / ETH Interest Earned",2025-09-14 06:00:00
NXT9b8IEo5iL0gn9JljWTyzUzLtwg,Interest,,NEXO,1.28610376,NEXO,1.28610376,$1.54,-,-,"approved / NEXO Interest Earned",2025-09-14 06:00:00
NXTtHy1ECZB5lrHuCk4xO8zNMiM9LT6up,Interest,,XRP,0.44814104,XRP,0.44814104,$1.08,-,-,"approved / XRP Interest Earned",2025-09-14 06:00:00
NXT7bLWyFl4CSoDSmiebJCQB,Interest,,LINK,0.30618777,LINK,0.30618777,$4.58,-,-,"approved / LINK Interest Earned",2025-09-14 06:00:00
NXTFgLu5jC7acP191ezqShWOHbDTsy,Interest,,DOGE,1.58847642,DOGE,1.58847642,$0.20,-,-,"approved / DOGE Interest Earned",2025-09-14 06:00:00
NXTy5NBWg0UJXSwOipDquRCRUUvQ,Interest,,SOL,0.04129347,SOL,0.04129347,$8.44,-,-,"approved / SOL Interest Earned",2025-09-14 06:00:00
NXTJKVjrnwws6jNDBsURjsxNbns,Interest,,ADA,0.72825631,ADA,0.72825631,$0.49,-,-,"approved / ADA Interest Earned",2025-09-14 06:00:00
NXTpaX3QjBvKNAp0mxDoJJ9s8OrJQU,Top up Crypto,,SOL,6.60837025,SOL,6.60837025,$925.17,-,-,"approved / c0bbc6adf7089dd787b6a27f5baddd65bcd01aefb61ad7be0c45289c21d93e27",2025-09-14 00:00:00
NXTkZMFKvVuvGXsGOB19m2po2mjqV8,Transfer Out,,BTC,-0.03290140,BTC,0.03290140,$2632.11,-,-,"approved / Transfer from Savings Wallet to Credit Line Wallet",2025-09-14 00:00:00
NXTlwkHUBMKRTDpSLDyc5o55,Interest,,BTC,0.00017401,BTC,0.00017401,$14.39,-,-,"approved / BTC Interest Earned",2025-09-13 06:00:00
NXT7ybF5276m8Uiu78tVXCkaj2s,Interest,,ETH,0.00098535,ETH,0.00098535,$2.78,-,-,"approved / ETH Interest Earned",2025-09-13 06:00:00
NXTBSjIWajgIynDxCp4yt5yurP,Interest,,NEXO,0.25271301,NEXO,0.25271301,$0.24,-,-,"approved / NEXO Interest Earned",2025-09-13 06:00:00
NXTeETKnLVwvZLU4OilnAvOArxYc7Ak,Interest,,XRP,0.44270771,XRP,0.44270771,$0.73,-,-,"approved / XRP Interest Earned",2025-09-13 06:00:00
NXTXvTOzYjhFQaOPAdAUhY4FWS08gl,Interest,,LINK,0.35705290,LINK,0.35705290,$7.80,-,-,"approved / LINK Interest Earned",2025-09-13 06:00:00
NXTea6RpFM2ACc1CdLwAPVbqszBscgTGy,Interest,,DOGE,2.40829306,DOGE,2.40829306,$0.86,-,-,"approved / DOGE Interest Earned",2025-09-13 06:00:00
NXTTNAr8QpZZTGCexj8N2x8e5,Interest,,SOL,0.00958645,SOL,0.00958645,$1.42,-,-,"approved / SOL Interest Earned",2025-09-13 06:00:00
NXTlUSUe47XJ9MHXRdJn5rQ,Interest,,ADA,1.52360730,ADA,1.52360730,$0.99,-,-,"approved / ADA Interest Earned",2025-09-13 06:00:00
NXTdbIKaRdebuFrEHS2JpDzfOv,Top up Crypto,,USDC,18611.02909667,USDC,18611.02909667,$18611.03,-,-,"approved / 22a969748fa1ecc5420bbfc81ad8352fee9715fc3391bdf82af289fecbb6a5e7",2025-09-13 00:00:00
NXTwV5INmKgnlIhGNxJ0L7TM4ma,Interest,,BTC,0.00043537,BTC,0.00043537,$35.03,-,-,"approved / BTC Interest Earned",2025-09-12 06:00:00
NXTjk2u3dFBPuFhIxxDtGG2076ZS0IEW,Interest,,ETH,0.00154324,ETH,0.00154324,$3.58,-,-,"approved / ETH Interest Earned",2025-09-12 06:00:00
NXTOl11VvAM25lx59mwmKu44FaqON,Interest,,NEXO,1.40219841,NEXO,1.40219841,$1.67,-,-,"approved / NEXO Interest Earned",2025-09-12 06:00:00
NXTqdJbSDLCkUOHgwMSRk0fZhBS,Interest,,XRP,0.22923230,XRP,0.22923230,$0.57,-,-,"approved / XRP Interest Earned",2025-09-12 06:00:00
NXT8mMbZ0tR4K6G6yZPeZFTfBrm,Interest,,LINK,0.19140645,LINK,0.19140645,$4.27,-,-,"approved / LINK Interest Earned",2025-09-12 06:00:00
NXTtIhCZf5f4lftMbkaNC26,Interest,,DOGE,2.77459624,DOGE,2.77459624,$0.35,-,-,"approved / DOGE Interest Earned",2025-09-12 06:00:00
NXTUTtxrrJzZqm8qBfwwVGZQk6,Interest,,SOL,0.01608133,SOL,0.01608133,$2.95,-,-,"approved / SOL Interest Earned",2025-09-12 06:00:00
NXTnRvYXmRFZXfVqCbhOliKxxKcRN1aA,Interest,,ADA,1.21192367,ADA,1.21192367,$0.48,-,-,"approved / ADA Interest Earned",2025-09-12 06:00:00
NXTSiuaEHMuOhHaPu9VwRSJYmUragNFhG,Fixed Term Interest,,NEXO,55.34876734,NEXO,55.34876734,$82.85,-,-,"approved / Term Deposit Interest",2025-09-12 05:00:00
NXTOvyh201LQbqn0zIuPzYAqdEnN,Interest,,BTC,0.00006675,BTC,0.00006675,$5.09,-,-,"approved / BTC Interest Earned",2025-09-11 06:00:00
NXTJkmM6MuLbSXfR4VIOGwmjH1,Interest,,ETH,0.00070533,ETH,0.00070533,$2.03,-,-,"approved / ETH Interest Earned",2025-09-11 06:00:00
NXTunT6cb6gyEjsoVpqhWOiTqfeS,Interest,,NEXO,0.53573549,NEXO,0.53573549,$0.73,-,-,"approved / NEXO Interest Earned",2025-09-11 06:00:00
NXTUH4fKyZ1WAUsCg8JxAnz,Interest,,XRP,0.39307370,XRP,0.39307370,$0.50,-,-,"approved / XRP Interest Earned",2025-09-11 06:00:00
NXTFx9T6VSCJbVBDgtiNfIm6KfyZG0V,Interest,,LINK,0.17535106,LINK,0.17535106,$2.00,-,-,"approved / LINK Interest Earned",2025-09-11 06:00:00
NXTtujtJzaQUXHtOtRF19fgRxUkUk,Interest,,DOGE,0.76519831,DOGE,0.76519831,$0.19,-,-,"approved / DOGE Interest Earned",2025-09-11 06:00:00
NXT2EMGi2zah9S2qt3IkrQX,Interest,,SOL,0.02244246,SOL,0.02244246,$5.68,-,-,"approved / SOL Interest Earned",2025-09-11 06:00:00
NXTpC65S0iGZazje8tlRHudDjvIoM5rY,Interest,,ADA,1.90879119,ADA,1.90879119,$1.15,-,-,"approved / ADA Interest Earned",2025-09-11 06:00:00
NXTL1bOo6d3r6caMG1NdJAgXVkBNc,Locking Term Deposit,,BTC,-0.01921493,BTC,0.01921493,$1537.19,-,-,"approved / Transfer from Savings Wallet to Term Wallet",2025-09-11 00:00:00
NXTHzT0GdDGBqZsppVwCUhoT2wvF4OLBz,Interest,,BTC,0.00028705,BTC,0.00028705,$27.25,-,-,"approved / BTC Interest Earned",2025-09-10 06:00:00
NXT5p4PPLXvhzFjE2mlCkzVSD,Interest,,ETH,0.00306204,ETH,0.00306204,$11.59,-,-,"approved / ETH Interest Earned",2025-09-10 06:00:00
NXTbkeFGyAhRosuZuLgSe564NTBUR,Interest,,NEXO,0.29189120,NEXO,0.29189120,$0.41,-,-,"approved / NEXO Interest Earned",2025-09-10 06:00:00
NXT46f3KwOxBFK6gsvI3J0AutliYT9nG,Interest,,XRP,0.38004941,XRP,0.38004941,$0.73,-,-,"approved / XRP Interest Earned",2025-09-10 06:00:00
NXTvkrEnk6qLgorfIFkLc3Hm,Interest,,LINK,0.30881202,LINK,0.30881202,$5.46,-,-,"approved / LINK Interest Earned",2025-09-10 06:00:00
NXTm6JTGZsgR0BAq19ThveXTuFrN,Interest,,DOGE,2.69764653,DOGE,2.69764653,$1.03,-,-,"approved / DOGE Interest Earned",2025-09-10 06:00:00
NXT3cgRGlIZM6MpK2nmDElEiNfGS,Interest,,SOL,0.02612936,SOL,0.02612936,$5.40,-,-,"approved / SOL Interest Earned",2025-09-10 06:00:00
NXTImlzqxKNEOlsosEXywDfg2Ur8uP,Interest,,ADA,0.50695924,ADA,0.50695924,$0.34,-,-,"approved / ADA Interest Earned",2025-09-10 06:00:00
NXTGC3jTPy7tScXOKkV0doM0wHmtrBYh,Locking Term Deposit,,NEXO,-1629.06374531,NEXO,1629.06374531,$1791.97,-,-,"approved / Transfer from Savings Wallet to Term Wallet",2025-09-10 00:00:00
NXThhM4vv4ofazUYHcX2pddBr,Interest,,BTC,0.00022056,BTC,0.00022056,$16.53,-,-,"approved / BTC Interest Earned",2025-09-09 06:00:00
NXT9iyOOe6mRY31BswI1p3tHgv,Interest,,ETH,0.00191357,ETH,0.00191357,$6.21,-,-,"approved / ETH Interest Earned",2025-09-09 06:00:00
NXTrmi8oTnxYi8ROChEcrxZfrLE1xc,Interest,,NEXO,0.88058433,NEXO,0.88058433,$1.29,-,-,"approved / NEXO Interest Earned",2025-09-09 06:00:00
NXTHObV64UuZqUnbSM1W5UYI75r9H,Interest,,XRP,0.14257855,XRP,0.14257855,$0.11,-,-,"approved / XRP Interest Earned",2025-09-09 06:00:00
NXTq7C9o4rQr9VsJcrqpOVatOZ0Bbac,Interest,,LINK,0.24072576,LINK,0.24072576,$4.73,-,-,"approved / LINK Interest Earned",2025-09-09 06:00:00
NXTnd6rLtdlVr1hNjMdhcQ1JcSdSqpQ,Interest,,DOGE,2.11425643,DOGE,2.11425643,$0.65,-,-,"approved / DOGE Interest Earned",2025-09-09 06:00:00
NXTLveBFouxZzN2iuWuzOD8,Interest,,SOL,0.04301703,SOL,0.04301703,$4.51,-,-,"approved / SOL Interest Earned",2025-09-09 06:00:00
NXTsjKgntSUWS6xKOjVO779,Interest,,ADA,1.28164110,ADA,1.28164110,$0.52,-,-,"approved / ADA Interest Earned",2025-09-09 06:00:00
NXT2GpgbFy5sDlo0qLBOhjbiUoFRmDrg,Interest,,BTC,0.00006621,BTC,0.00006621,$3.97,-,-,"approved / BTC Interest Earned",2025-09-08 06:00:00
NXTyRgzAbCIasN3Mc47DSr8w1Fv,Interest,,ETH,0.00314944,ETH,0.00314944,$8.45,-,-,"approved / ETH Interest Earned",2025-09-08 06:00:00
NXTkjOIC1iWO5e0D7LlRFOqR,Interest,,NEXO,1.44182677,NEXO,1.44182677,$1.55,-,-,"approved / NEXO Interest Earned",2025-09-08 06:00:00
NXTMzc0jfg5DV8YTo3k3UAdLh0eVL05t,Interest,,XRP,0.31498344,XRP,0.31498344,$0.51,-,-,"approved / XRP Interest Earned",2025-09-08 06:00:00
NXTJmpBrmkYYlKNPmY3wzHelT4NEZJDvM,Interest,,LINK,0.36442658,LINK,0.36442658,$4.80,-,-,"approved / LINK Interest Earned",2025-09-08 06:00:00
NXTBM2JhGgEdHbYrZyw2jrHo,Interest,,DOGE,3.01413790,DOGE,3.01413790,$0.34,-,-,"approved / DOGE Interest Earned",2025-09-08 06:00:00
NXTydRgD4qbuquViHT5P2oe64RV,Interest,,SOL,0.02637023,SOL,0.02637023,$4.40,-,-,"approved / SOL Interest Earned",2025-09-08 06:00:00
NXTLLeI6qccFOAs08bdVYH1QTIdVR,Interest,,ADA,0.16718794,ADA,0.16718794,$0.20,-,-,"approved / ADA Interest Earned",2025-09-08 06:00:00
NXTqgOTAsyKGEAQO7ndcqegoMSygT2,Interest,,BTC,0.00022112,BTC,0.00022112,$15.85,-,-,"approved / BTC Interest Earned",2025-09-07 06:00:00
NXTvrKTfFRDs4otel3iaDulqeQ,Interest,,ETH,0.00170720,ETH,0.00170720,$3.92,-,-,"approved / ETH Interest Earned",2025-09-07 06:00:00
NXTKEpgYJ9ZGkjfsTCT9pEwavS3W13,Interest,,NEXO,1.72087037,NEXO,1.72087037,$2.09,-,-,"approved / NEXO Interest Earned",2025-09-07 06:00:00
NXTGNjzn9wbJRAmf5xgqMH492k4vuK6rl,Interest,,XRP,0.31808459,XRP,0.31808459,$0.20,-,-,"approved / XRP Interest Earned",2025-09-07 06:00:00
NXThXJXvga5jQGrIkEesCnZhEavZdi2W,Interest,,LINK,0.31078257,LINK,0.31078257,$6.01,-,-,"approved / LINK Interest Earned",2025-09-07 06:00:00
NXTjfq9mKfnDvYNA7gqstIQtJQmiIsf,Interest,,DOGE,2.75896956,DOGE,2.75896956,$1.20,-,-,"approved / DOGE Interest Earned",2025-09-07 06:00:00
NXTlWZfGRFQwvC7C4bVfi4WJxM32d0h,Interest,,SOL,0.02876659,SOL,0.02876659,$4.91,-,-,"approved / SOL Interest Earned",2025-09-07 06:00:00
NXTCddZOugsDudTPTdmiTEnP0st9aEQ,Interest,,ADA,1.37315054,ADA,1.37315054,$0.95,-,-,"approved / ADA Interest Earned",2025-09-07 06:00:00
NXTbbFj1hnunT6qD7vIsUEFylkQ3ryKV,Interest,,BTC,0.00013471,BTC,0.00013471,$8.66,-,-,"approved / BTC Interest Earned",2025-09-06 06:00:00
NXTABKqtgxmv3YB37pzL26GyhYAlpn,Interest,,ETH,0.00190213,ETH,0.00190213,$7.05,-,-,"approved / ETH Interest Earned",2025-09-06 06:00:00
NXThtauCX3IxLGgrL21e3AUttmXE,Interest,,NEXO,0.80615456,NEXO,0.80615456,$0.73,-,-,"approved / NEXO Interest Earned",2025-09-06 06:00:00
NXTCLKobbWJaCi7cHGubDZzs,Interest,,XRP,0.49561687,XRP,0.49561687,$0.64,-,-,"approved / XRP Interest Earned",2025-09-06 06:00:00
NXTItLyRC07hxMbcaguQBkl3,Interest,,LINK,0.19273535,LINK,0.19273535,$2.42,-,-,"approved / LINK Interest Earned",2025-09-06 06:00:00
NXT51qWg6euLYqkiCh1U37z,Interest,,DOGE,2.15995790,DOGE,2.15995790,$0.89,-,-,"approved / DOGE Interest Earned",2025-09-06 06:00:00
NXToDErVDfVSvZpO1ReEnPDxEvYVFt6,Interest,,SOL,0.02289221,SOL,0.02289221,$1.13,-,-,"approved / SOL Interest Earned",2025-09-06 06:00:00
NXTgi4xCMmyeAQ6JgCggbCqDGvhIvny,Interest,,ADA,1.44617349,ADA,1.44617349,$1.26,-,-,"approved / ADA Interest Earned",2025-09-06 06:00:00
NXT4Wi078d3h8QBv8bhWzois7ypL7R,Locking Term Deposit,,XRP,-589.35813255,XRP,589.35813255,$884.04,-,-,"approved / Transfer from Savings Wallet to Term Wallet",2025-09-06 00:00:00
NXTqNfezsS2GPqZf3vUkvzDQjRvQy,Interest,,BTC,0.00002124,BTC,0.00002124,$1.84,-,-,"approved / BTC Interest Earned",2025-09-05 06:00:00
NXTmSJiPZTZTa35EtXPqS961NNJcUlRW,Interest,,ETH,0.00054469,ETH,0.00054469,$2.00,-,-,"approved / ETH Interest Earned",2025-09-05 06:00:00
NXT78JaYb3F1ROCzvHGVhkAkKH,Interest,,NEXO,1.24179238,NEXO,1.24179238,$1.18,-,-,"approved / NEXO Interest Earned",2025-09-05 06:00:00
NXTBrM519XgOMzEU5gBKcrAnCxmDh74zY,Interest,,XRP,0.22170350,XRP,0.22170350,$0.48,-,-,"approved / XRP Interest Earned",2025-09-05 06:00:00
NXT6WFqOt34Pa4cbX0GTtkJ,Interest,,LINK,0.36672573,LINK,0.36672573,$7.36,-,-,"approved / LINK Interest Earned",2025-09-05 06:00:00
NXTlNZXJhN8k4GBgXFNW0MqI6mfBM,Interest,,DOGE,2.43508859,DOGE,2.43508859,$0.67,-,-,"approved / DOGE Interest Earned",2025-09-05 06:00:00
NXT5exUiCNwo3sHpWWVOr5MNJgCKgr3,Interest,,SOL,0.03007112,SOL,0.03007112,$0.80,-,-,"approved / SOL Interest Earned",2025-09-05 06:00:00
NXT4mgXzEMnA3NBjs4ON0hvv9LaG,Interest,,ADA,0.27627657,ADA,0.27627657,$0.20,-,-,"approved / ADA Interest Earned",2025-09-05 06:00:00
NXTdi7Rxb7xRPeZ1bweeJYjlUU,Interest,,BTC,0.00021633,BTC,0.00021633,$14.58,-,-,"approved / BTC Interest Earned",2025-09-04 06:00:00
NXTSBNagdNLkjyA6CSpJso5qfx6Uy,Interest,,ETH,0.00364354,ETH,0.00364354,$9.18,-,-,"approved / ETH Interest Earned",2025-09-04 06:00:00
NXTLeQDOzxdxAqgwWuokgna4lm5ofJc,Interest,,NEXO,0.20639396,NEXO,0.20639396,$0.22,-,-,"approved / NEXO Interest Earned",2025-09-04 06:00:00
NXTt6awrymUS8RgzTgYjKxK,Interest,,XRP,0.49392229,XRP,0.49392229,$0.70,-,-,"approved / XRP Interest Earned",2025-09-04 06:00:00
NXTQeM7onQiS9F9LGVBisM6cS,Interest,,LINK,0.43341219,LINK,0.43341219,$4.99,-,-,"approved / LINK Interest Earned",2025-09-04 06:00:00
NXTL7J9gaVt1X3ECkseJveSC98VB568E,Interest,,DOGE,3.57293064,DOGE,3.57293064,$0.55,-,-,"approved / DOGE Interest Earned",2025-09-04 06:00:00
NXT14hw07xQFq2QMNTpYa0sjyeyCf,Interest,,SOL,0.01881013,SOL,0.01881013,$1.67,-,-,"approved / SOL Interest Earned",2025-09-04 06:00:00
NXTglg7yAydvLnThCH6jnJ9WdYW8nn,Interest,,ADA,0.98516743,ADA,0.98516743,$0.85,-,-,"approved / ADA Interest Earned",2025-09-04 06:00:00
NXTHFeBFIyLmaJKa5FFSq0sqhnHsN6ri2,Interest,,BTC,0.00037295,BTC,0.00037295,$27.57,-,-,"approved / BTC Interest Earned",2025-09-03 06:00:00
NXTHavLwfRISzLudYZn7k8H8WW,Interest,,ETH,0.00073184,ETH,0.00073184,$3.04,-,-,"approved / ETH Interest Earned",2025-09-03 06:00:00
NXT6pMLmBumN1yBTAjDECYkJ6lrt2,Interest,,NEXO,0.30224119,NEXO,0.30224119,$0.40,-,-,"approved / NEXO Interest Earned",2025-09-03 06:00:00
NXTeep48gGTYLxbZVNcpfiMa77,Interest,,XRP,0.41787464,XRP,0.41787464,$0.77,-,-,"approved / XRP Interest Earned",2025-09-03 06:00:00
NXT0fiV3YtDpHqHbcHg2zanoxvr5,Interest,,LINK,0.09785253,LINK,0.09785253,$1.96,-,-,"approved / LINK Interest Earned",2025-09-03 06:00:00
NXTE9n7reuw5fcjAulA3QMr2,Interest,,DOGE,3.57987863,DOGE,3.57987863,$1.17,-,-,"approved / DOGE Interest Earned",2025-09-03 06:00:00
NXT5YSea5jOtySWDeJ7rf9lxtAQz,Interest,,SOL,0.01428357,SOL,0.01428357,$2.00,-,-,"approved / SOL Interest Earned",2025-09-03 06:00:00
NXT5xIHEHofSGWYnfwm0wDig4w0WiCZI5,Interest,,ADA,1.60765302,ADA,1.60765302,$0.91,-,-,"approved / ADA Interest Earned",2025-09-03 06:00:00
NXTDF93RzM4USRUpT6Z2GLL7P,Interest,,BTC,0.00021775,BTC,0.00021775,$16.94,-,-,"approved / BTC Interest Earned",2025-09-02 06:00:00
NXTkwivdEk8uQZ01rDqaNy557F,Interest,,ETH,0.00446869,ETH,0.00446869,$13.66,-,-,"approved / ETH Interest Earned",2025-09-02 06:00:00
NXT0daCsgvSyaAmG3z4aVpDxw3Hq9OBi,Interest,,NEXO,1.79749393,NEXO,1.79749393,$2.61,-,-,"approved / NEXO Interest Earned",2025-09-02 06:00:00
NXTgriAubP678hEEQhUWyTTZi7,Interest,,XRP,0.38619099,XRP,0.38619099,$0.16,-,-,"approved / XRP Interest Earned",2025-09-02 06:00:00
NXTFVoQv8TArEVpjFpV19pYmRYRF,Interest,,LINK,0.40672083,LINK,0.40672083,$3.41,-,-,"approved / LINK Interest Earned",2025-09-02 06:00:00
NXTMjhyqljbm1xGR8nAdAdgw6Sp3laOt,Interest,,DOGE,1.31534712,DOGE,1.31534712,$0.59,-,-,"approved / DOGE Interest Earned",2025-09-02 06:00:00
NXTgl6wsgaI1uTwWGxOnx3iUhK4OlR5e,Interest,,SOL,0.01498053,SOL,0.01498053,$1.31,-,-,"approved / SOL Interest Earned",2025-09-02 06:00:00
NXT9mSclIp20483BS4ez5FbLRhcJXR,Interest,,ADA,1.13850014,ADA,1.13850014,$0.66,-,-,"approved / ADA Interest Earned",2025-09-02 06:00:00
NXTCkiRsinUTaTJQ9j6A05f8ld8,Interest,,BTC,0.00003652,BTC,0.00003652,$3.39,-,-,"approved / BTC Interest Earned",2025-09-01 06:00:00
NXTMzcoEQ7OxQXOW1OrOwhfEP,Interest,,ETH,0.00342544,ETH,0.00342544,$11.04,-,-,"approved / ETH Interest Earned",2025-09-01 06:00:00
NXT9DRfKx9RshuS1HzRyYWGdZHYOUmOh,Interest,,NEXO,1.06852215,NEXO,1.06852215,$0.87,-,-,"approved / NEXO Interest Earned",2025-09-01 06:00:00
NXTIXhhmjI0c8FwHA6as6GW,Interest,,XRP,0.43790155,XRP,0.43790155,$0.81,-,-,"approved / XRP Interest Earned",2025-09-01 06:00:00
NXTEt49LFQPcci1niIKrTAIqOkC6P6im,Interest,,LINK,0.34662091,LINK,0.34662091,$5.01,-,-,"approved / LINK Interest Earned",2025-09-01 06:00:00
NXTRlxOYLAj9AbLehgHeNwuq1nax8xg5k,Interest,,DOGE,3.33305691,DOGE,3.33305691,$0.55,-,-,"approved / DOGE Interest Earned",2025-09-01 06:00:00
NXTfvJrqgctUlXQWI2yKqQSOiJq4Nw,Interest,,SOL,0.03668804,SOL,0.03668804,$3.43,-,-,"approved / SOL Interest Earned",2025-09-01 06:00:00
NXTRl9XFrA62Ys16ztfeT6kdUIE27,Interest,,ADA,1.57730351,ADA,1.57730351,$1.41,-,-,"approved / ADA Interest Earned",2025-09-01 06:00:00
NXTZektUJrhQR6FEecAtpf7ZJ69,Top up Crypto,,ETH,0.68044053,ETH,0.68044053,$2041.32,-,-,"approved / 4b2004fac10475f4d1179a2cf138699c6e49690f1ca413826b7044d134c9c313",2025-09-01 00:00:00
NXTaeRGOTkxRml6BYldlVq3zMM1ksx,Interest,,BTC,0.00016097,BTC,0.00016097,$15.22,-,-,"approved / BTC Interest Earned",2025-08-31 06:00:00
NXToEVaq7PWcnXxG7qEULuQvtowyL82X,Interest,,ETH,0.00174543,ETH,0.00174543,$4.58,-,-,"approved / ETH Interest Earned",2025-08-31 06:00:00
NXTS3iL1rRYwMODzl97YbwcYuBLyL,Interest,,NEXO,0.10586086,NEXO,0.10586086,$0.15,-,-,"approved / NEXO Interest Earned",2025-08-31 06:00:00
NXT914TsmiGJ1FhXsPI2kBhPonUOfA,Interest,,XRP,0.08661615,XRP,0.08661615,$0.11,-,-,"approved / XRP Interest Earned",2025-08-31 06:00:00
NXT3VnpD3hiHSfQ25VLNxSTxNI1Y,Interest,,LINK,0.37209432,LINK,0.37209432,$3.37,-,-,"approved / LINK Interest Earned",2025-08-31 06:00:00
NXTgvKl6JhtxTtKlyAVX5hPK,Interest,,DOGE,1.50597876,DOGE,1.50597876,$0.16,-,-,"approved / DOGE Interest Earned",2025-08-31 06:00:00
NXTtYsnQjrU0ZctFQq0JNns7dYjS05,Interest,,SOL,0.00622271,SOL,0.00622271,$0.14,-,-,"approved / SOL Interest Earned",2025-08-31 06:00:00
NXT1TsY4jbyADvyeTr5RHguX1,Interest,,ADA,0.52763629,ADA,0.52763629,$0.50,-,-,"approved / ADA Interest Earned",2025-08-31 06:00:00
NXThMKSxLsFAXhO2I1A3zZyT,Top up Crypto,,SOL,6.62203199,SOL,6.62203199,$927.08,-,-,"approved / 5f5ea04ffd13af05fc3d89d3cc94ff8c1d25c9042611759739bea4a0fd61b7e5",2025-08-31 00:00:00
NXTkkzguIlmH6hnwkytyCeYOwensL8gH9,Interest,,BTC,0.00005734,BTC,0.00005734,$5.12,-,-,"approved / BTC Interest Earned",2025-08-30 06:00:00
NXTL8RQ8RuN2t0DuLKxNoK9o,Interest,,ETH,0.00432709,ETH,0.00432709,$9.57,-,-,"approved / ETH Interest Earned",2025-08-30 06:00:00
NXToApeiEmxNoS9B2itWcXzYUoT,Interest,,NEXO,1.27106248,NEXO,1.27106248,$1.81,-,-,"approved / NEXO Interest Earned",2025-08-30 06:00:00
NXT4PpQSLxtBa1elNimfKZ5,Interest,,XRP,0.20422779,XRP,0.20422779,$0.17,-,-,"approved / XRP Interest Earned",2025-08-30 06:00:00
NXTtSpkprBNqWe8ykBFTVYXbx0V5Kj,Interest,,LINK,0.15633956,LINK,0.15633956,$1.17,-,-,"approved / LINK Interest Earned",2025-08-30 06:00:00
NXTsrIDuSm4a1TxzzyUxt9e29h5kV7,Interest,,DOGE,3.76991706,DOGE,3.76991706,$0.60,-,-,"approved / DOGE Interest Earned",2025-08-30 06:00:00
NXTFEQRO5TpcYNPROqCQpL70aVN4,Interest,,SOL,0.03879225,SOL,0.03879225,$7.77,-,-,"approved / SOL Interest Earned",2025-08-30 06:00:00
NXTGlAZps7Oxtz2TfNWviU5y,Interest,,ADA,0.85556715,ADA,0.85556715,$0.69,-,-,"approved / ADA Interest Earned",2025-08-30 06:00:00
NXTK8M94zNgflKO1wMaQAI7BL6Nj,Exchange,,USDC,-252.03013608,EURX,233.36123711,$252.03,1.02791450,USDC,"approved / Exchange USDC to EURX",2025-08-30 00:00:00
NXTPpUV0lLi1SHqVrv96YUaO96,Interest,,BTC,0.00002876,BTC,0.00002876,$1.93,-,-,"approved / BTC Interest Earned",2025-08-29 06:00:00
NXTDFWUSCXtlVRmBIxJh6aYZvz,Interest,,ETH,0.00439460,ETH,0.00439460,$10.31,-,-,"approved / ETH Interest Earned",2025-08-29 06:00:00
NXTsKJbi89JX4Jyx6dxDu7NskPlZLbm,Interest,,NEXO,1.40294933,NEXO,1.40294933,$1.52,-,-,"approved / NEXO Interest Earned",2025-08-29 06:00:00
NXToOedGk1zjgHDe71imARDL6K,Interest,,XRP,0.46010539,XRP,0.46010539,$0.56,-,-,"approved / XRP Interest Earned",2025-08-29 06:00:00
NXTm9BZLpuJECcfO4v0XyZ0zlMA,Interest,,LINK,0.27611376,LINK,0.27611376,$5.25,-,-,"approved / LINK Interest Earned",2025-08-29 06:00:00
NXTfRc2j2HPeT34zVhwUFWzkmcbNPCvy,Interest,,DOGE,2.23099249,DOGE,2.23099249,$0.71,-,-,"approved / DOGE Interest Earned",2025-08-29 06:00:00
NXTh4uUEeIp6iY0kbgsHyeVPjwn,Interest,,SOL,0.01052578,SOL,0.01052578,$0.31,-,-,"approved / SOL Interest Earned",2025-08-29 06:00:00
NXTBcNGPOgQBLdxmp4mabaYQd7,Interest,,ADA,0.16544521,ADA,0.16544521,$0.15,-,-,"approved / ADA Interest Earned",2025-08-29 06:00:00
NXTXyfKOqHtA9QKOMxJXmNFzgcZHzUkd,Exchange,,ETH,-0.02287918,NEXO,62.39775928,$68.64,0.00002554,ETH,"approved / Exchange ETH to NEXO",2025-08-29 00:00:00
NXTZYGoeLBfBh84x3QWdXdLAgdd0,Interest,,BTC,0.00006284,BTC,0.00006284,$4.29,-,-,"approved / BTC Interest Earned",2025-08-28 06:00:00
NXToLOaxX2Mv6WCulgKeWmJNpASBp,Interest,,ETH,0.00230757,ETH,0.00230757,$7.57,-,-,"approved / ETH Interest Earned",2025-08-28 06:00:00
NXTKFOwKHjDLs8GOioYIdv8Nmel,Interest,,NEXO,1.61434861,NEXO,1.61434861,$1.36,-,-,"approved / NEXO Interest Earned",2025-08-28 06:00:00
NXTLuJ7MzkCWcnanoMoT7uTml9webh,Interest,,XRP,0.26407628,XRP,0.26407628,$0.49,-,-,"approved / XRP Interest Earned",2025-08-28 06:00:00
NXT4w8mrnqk0pmkqgZiO2unCwxkGXMAS,Interest,,LINK,0.18075930,LINK,0.18075930,$1.75,-,-,"approved / LINK Interest Earned",2025-08-28 06:00:00
NXTXlxxL8pcMlHWudX2082mfD,Interest,,DOGE,1.03321994,DOGE,1.03321994,$0.42,-,-,"approved / DOGE Interest Earned",2025-08-28 06:00:00
NXTy2UxGlSGD7DKNXOm3ConAxj0pfUs,Interest,,SOL,0.03351161,SOL,0.03351161,$1.19,-,-,"approved / SOL Interest Earned",2025-08-28 06:00:00
NXTCMACzXtxloOwf0FNW5ge,Interest,,ADA,1.08575937,ADA,1.08575937,$0.51,-,-,"approved / ADA Interest Earned",2025-08-28 06:00:00
NXTBYLyc1bBz1tphgkipftzkMubdytzu,Interest,,BTC,0.00011084,BTC,0.00011084,$9.87,-,-,"approved / BTC Interest Earned",2025-08-27 06:00:00
NXTdoLoFF6qtIebN4bIKgVOh,Interest,,ETH,0.00218981,ETH,0.00218981,$8.29,-,-,"approved / ETH Interest Earned",2025-08-27 06:00:00
NXTFWiHkp77IcY7MOkd5qpQ90n0rkHefR,Interest,,NEXO,1.17966671,NEXO,1.17966671,$1.31,-,-,"approved / NEXO Interest Earned",2025-08-27 06:00:00
NXT2nFX26N8RqPtn7u4i5LaakIR,Interest,,XRP,0.42372415,XRP,0.42372415,$0.81,-,-,"approved / XRP Interest Earned",2025-08-27 06:00:00
NXTWOebZPPvYZwkVRaC6Bnbr,Interest,,LINK,0.27003952,LINK,0.27003952,$3.64,-,-,"approved / LINK Interest Earned",2025-08-27 06:00:00
NXTYMYn87cERLa9NgrFkmTPL,Interest,,DOGE,4.64629410,DOGE,4.64629410,$0.93,-,-,"approved / DOGE Interest Earned",2025-08-27 06:00:00
NXTh512Tr0b8QMQ2aAPO0u0z,Interest,,SOL,0.00960091,SOL,0.00960091,$1.55,-,-,"approved / SOL Interest Earned",2025-08-27 06:00:00
NXTwV2nrABamfJbT8AepktMfDYKMup,Interest,,ADA,0.33126362,ADA,0.33126362,$0.25,-,-,"approved / ADA Interest Earned",2025-08-27 06:00:00
NXTjwYhm8VaZDrkqSzNpUGWi,Interest,,BTC,0.00038336,BTC,0.00038336,$29.69,-,-,"approved / BTC Interest Earned",2025-08-26 06:00:00
NXT7GQ6BVSGeuyVAyc5jJ88X28z2R2,Interest,,ETH,0.00242970,ETH,0.00242970,$9.73,-,-,"approved / ETH Interest Earned",2025-08-26 06:00:00
NXTarG5RBmHWOR3WzmscuSTh9rfI,Interest,,NEXO,1.47094698,NEXO,1.47094698,$1.50,-,-,"approved / NEXO Interest Earned",2025-08-26 06:00:00
NXTb3HqZsAFT0qFhU6BJavoUK,Interest,,XRP,0.28460114,XRP,0.28460114,$0.57,-,-,"approved / XRP Interest Earned",2025-08-26 06:00:00
NXTHKvrWSPSGpuKZwgSZfd3DBwGKGyqEA,Interest,,LINK,0.37159120,LINK,0.37159120,$8.85,-,-,"approved / LINK Interest Earned",2025-08-26 06:00:00
NXTTzkFEC8FGRCcjI5h0gwrGhsxsbi,Interest,,DOGE,2.48035980,DOGE,2.48035980,$1.05,-,-,"approved / DOGE Interest Earned",2025-08-26 06:00:00
NXT3nYEhv1zJJ3WDSLVFCBB1uXP,Interest,,SOL,0.03940583,SOL,0.03940583,$4.78,-,-,"approved / SOL Interest Earned",2025-08-26 06:00:00
NXTvcPBrfkbNVtNNf7HU7GUFbOG7r,Interest,,ADA,0.87829382,ADA,0.87829382,$0.41,-,-,"approved / ADA Interest Earned",2025-08-26 06:00:00
NXTZFE2DIAUYMAAcvCnQjENG,Interest,,BTC,0.00030572,BTC,0.00030572,$22.19,-,-,"approved / BTC Interest Earned",2025-08-25 06:00:00
NXTs9QspAJI4FFzCSYwKVbTCW0czRt,Interest,,ETH,0.00180816,ETH,0.00180816,$5.15,-,-,"approved / ETH Interest Earned",2025-08-25 06:00:00
NXTMq72llUL2gHahkDQ17LEM8wPQys,Interest,,NEXO,1.47577990,NEXO,1.47577990,$1.96,-,-,"approved / NEXO Interest Earned",2025-08-25 06:00:00
NXTYRlbDio01HfVjAh3TBEbB,Interest,,XRP,0.10629027,XRP,0.10629027,$0.05,-,-,"approved / XRP Interest Earned",2025-08-25 06:00:00
NXTdaNS80TKIsEEKLQYESGAtd3zDE,Interest,,LINK,0.15918334,LINK,0.15918334,$1.85,-,-,"approved / LINK Interest Earned",2025-08-25 06:00:00
NXTbrlvon4vL0OisS7ZPTXX0MrUPi,Interest,,DOGE,4.72534014,DOGE,4.72534014,$0.92,-,-,"approved / DOGE Interest Earned",2025-08-25 06:00:00
NXTX6EoI9wqPk1FYuhoIE9WV,Interest,,SOL,0.01077473,SOL,0.01077473,$1.78,-,-,"approved / SOL Interest Earned",2025-08-25 06:00:00
NXT02Lgd6X7U8WL1gIFkhmwTR,Interest,,ADA,1.56318030,ADA,1.56318030,$1.22,-,-,"approved / ADA Interest Earned",2025-08-25 06:00:00
NXTHgv6fl1ASB5wxvqPxxYc0dRixr,Deposit To Exchange,,EUR,195.83000000,EURX,195.83000000,$218.10,-,-,"approved / EUR Top Up",2025-08-25 00:00:00
NXTspLIDAes3BmgNWVjRk1IWHK7P32,Exchange Deposited On,,EUR,-195.83000000,EURX,195.83000000,$218.10,-,-,"approved / EUR to EURX",2025-08-25 00:00:00
NXTTCbdNNXiyMtfjG8ZV0QXtDTqQZXm,Interest,,BTC,0.00021623,BTC,0.00021623,$18.49,-,-,"approved / BTC Interest Earned",2025-08-24 06:00:00
NXT62n65OM48mRkyAqfw6hSA5CPhS,Interest,,ETH,0.00236523,ETH,0.00236523,$5.29,-,-,"approved / ETH Interest Earned",2025-08-24 06:00:00
NXTrEi1L9rPzzjrqM4wQCaiuQQS,Interest,,NEXO,0.46203391,NEXO,0.46203391,$0.65,-,-,"approved / NEXO Interest Earned",2025-08-24 06:00:00
NXTeId5DvLPXRYaFx8Pi3clkEvD,Interest,,XRP,0.36880392,XRP,0.36880392,$0.72,-,-,"approved / XRP Interest Earned",2025-08-24 06:00:00
NXTihch2ZU5r2MVqt3t9Vj0OXdjoc,Interest,,LINK,0.09034159,LINK,0.09034159,$1.76,-,-,"approved / LINK Interest Earned",2025-08-24 06:00:00
NXTh3EB9ICgSjvmrZUYIPn9aVl5pE,Interest,,DOGE,1.67100784,DOGE,1.67100784,$0.56,-,-,"approved / DOGE Interest Earned",2025-08-24 06:00:00
NXTQQyK6ZjfZOC7Ka8O6uTT7Jnd,Interest,,SOL,0.00562096,SOL,0.00562096,$0.56,-,-,"approved / SOL Interest Earned",2025-08-24 06:00:00
NXTUHLfpoVybmyyO7jsXT54,Interest,,ADA,1.32292366,ADA,1.32292366,$0.74,-,-,"approved / ADA Interest Earned",2025-08-24 06:00:00
NXTdqKxPVrdKhwYKVMxA9zdpotfQ1hk,Interest,,BTC,0.00024320,BTC,0.00024320,$21.86,-,-,"approved / BTC Interest Earned",2025-08-23 06:00:00
NXT1J3qRK9xyJYgPuFVvMwBE0W0Hrc9yo,Interest,,ETH,0.00292288,ETH,0.00292288,$5.52,-,-,"approved / ETH Interest Earned",2025-08-23 06:00:00
NXTfueXDnXOsXAHmyMCVlbR1Jn7UC6HM,Interest,,NEXO,1.51148725,NEXO,1.51148725,$1.31,-,-,"approved / NEXO Interest Earned",2025-08-23 06:00:00
NXTTdmCoUV0z14N0qrjQoojbXtE9A4mq,Interest,,XRP,0.39610362,XRP,0.39610362,$0.52,-,-,"approved / XRP Interest Earned",2025-08-23 06:00:00
NXTOk07Eb1fL13zwOf6SigT5GZ6,Interest,,LINK,0.06311384,LINK,0.06311384,$1.33,-,-,"approved / LINK Interest Earned",2025-08-23 06:00:00
NXTohYuKyUoAik8BpKEx6tAQ,Interest,,DOGE,4.69200031,DOGE,4.69200031,$0.74,-,-,"approved / DOGE Interest Earned",2025-08-23 06:00:00
NXTwSYb7L0P6QWoIt7wYh11y4,Interest,,SOL,0.04820245,SOL,0.04820245,$11.14,-,-,"approved / SOL Interest Earned",2025-08-23 06:00:00
NXTs6Us1jBtYNWqeWET5uA4gjqe,Interest,,ADA,0.84665358,ADA,0.84665358,$1.00,-,-,"approved / ADA Interest Earned",2025-08-23 06:00:00
NXTdsNemMVLkut0XqRwHviirWz5k,Interest,,BTC,0.00018697,BTC,0.00018697,$15.38,-,-,"approved / BTC Interest Earned",2025-08-22 06:00:00
NXTXIQ70SRXz4hibvQiB9G8ksU,Interest,,ETH,0.00148044,ETH,0.00148044,$4.45,-,-,"approved / ETH Interest Earned",2025-08-22 06:00:00
NXTQtn8AVgbEAmcOKD4csafhL,Interest,,NEXO,0.32533409,NEXO,0.32533409,$0.29,-,-,"approved / NEXO Interest Earned",2025-08-22 06:00:00
NXTvf066vjFToJgJanlr3H8gnFRwKB7lv,Interest,,XRP,0.31442137,XRP,0.31442137,$0.26,-,-,"approved / XRP Interest Earned",2025-08-22 06:00:00
NXTzVtCGEwrSfExCTQ0oz9A13X,Interest,,LINK,0.22082678,LINK,0.22082678,$2.22,-,-,"approved / LINK Interest Earned",2025-08-22 06:00:00
NXT9EgBOfiyKg58e8uK9hZS,Interest,,DOGE,4.72586901,DOGE,4.72586901,$0.96,-,-,"approved / DOGE Interest Earned",2025-08-22 06:00:00
NXTKUX6wP69FjChEo6bTZEblLusMVOGE,Interest,,SOL,0.01464740,SOL,0.01464740,$2.80,-,-,"approved / SOL Interest Earned",2025-08-22 06:00:00
NXTEqv1H7bA4xtxCcI1sREiSEgPOQJ,Interest,,ADA,0.98544148,ADA,0.98544148,$0.52,-,-,"approved / ADA Interest Earned",2025-08-22 06:00:00
NXT2RUVt3FAdxCFZDGZ3CwPQ82l2fyl7,Interest,,BTC,0.00032803,BTC,0.00032803,$28.15,-,-,"approved / BTC Interest Earned",2025-08-21 06:00:00
NXTRE2GMs8HivBNsd2o6NzvO,Interest,,ETH,0.00084626,ETH,0.00084626,$1.86,-,-,"approved / ETH Interest Earned",2025-08-21 06:00:00
NXT0BsiWkqE8VcvCk5Sr80QPjocthql,Interest,,NEXO,0.71998219,NEXO,0.71998219,$0.88,-,-,"approved / NEXO Interest Earned",2025-08-21 06:00:00
NXT8jB8Hhb5V65j8HFOs38U9PXT5,Interest,,XRP,0.30311926,XRP,0.30311926,$0.14,-,-,"approved / XRP Interest Earned",2025-08-21 06:00:00
NXT3iIty0BfdNKn6rbHBPfFmtL64wj,Interest,,LINK,0.20240799,LINK,0.20240799,$1.65,-,-,"approved / LINK Interest Earned",2025-08-21 06:00:00
NXTavtBIn3TzBkT3TzZLis9Gu5Kx,Interest,,DOGE,4.34211831,DOGE,4.34211831,$0.89,-,-,"approved / DOGE Interest Earned",2025-08-21 06:00:00
NXTzISUilxIcZZsICbaq7ZDO3zE,Interest,,SOL,0.00132432,SOL,0.00132432,$0.23,-,-,"approved / SOL Interest Earned",2025-08-21 06:00:00
NXTVE8LwDBpQ8YxTbqKjCQwd,Interest,,ADA,1.40690205,ADA,1.40690205,$0.68,-,-,"approved / ADA Interest Earned",2025-08-21 06:00:00
NXTD4cRikdtXCkKYgEXnXAY,Interest,,BTC,0.00037038,BTC,0.00037038,$28.56,-,-,"approved / BTC Interest Earned",2025-08-20 06:00:00
NXThQHt7nckdqUkwkpKiXNxj2fa5,Interest,,ETH,0.00491987,ETH,0.00491987,$16.87,-,-,"approved / ETH Interest Earned",2025-08-20 06:00:00
NXTzYVQmNGz6LclE6MWvaohGfwV,Interest,,NEXO,1.44280837,NEXO,1.44280837,$1.75,-,-,"approved / NEXO Interest Earned",2025-08-20 06:00:00
NXTOrmXQ8DkPcNrAuXVcT5kWEh3SKumPu,Interest,,XRP,0.29287527,XRP,0.29287527,$0.25,-,-,"approved / XRP Interest Earned",2025-08-20 06:00:00
NXTozm3eKdBnLlxCmwqubJrg,Interest,,LINK,0.40053888,LINK,0.40053888,$4.89,-,-,"approved / LINK Interest Earned",2025-08-20 06:00:00
NXTnsjX74JIozG1nDCaA2pAn5643,Interest,,DOGE,2.59490433,DOGE,2.59490433,$0.58,-,-,"approved / DOGE Interest Earned",2025-08-20 06:00:00
NXTTFAyYRgEfUQznwo9aPkCJK8CiRl,Interest,,SOL,0.02147082,SOL,0.02147082,$0.66,-,-,"approved / SOL Interest Earned",2025-08-20 06:00:00
NXTaMxQGsURLJmQMu5F4wdxCcwORIViuH,Interest,,ADA,1.75594842,ADA,1.75594842,$1.48,-,-,"approved / ADA Interest Earned",2025-08-20 06:00:00
NXTYXye4JSnE2NiiUHUAKw9iEU,Top up Crypto,,USDC,16394.26798458,USDC,16394.26798458,$16394.27,-,-,"approved / 043bae1603803a839c0cb52f511d9cb8f68d9d9b0341314a5534ea92b26fa8ad",2025-08-20 00:00:00
NXT5TnwQEy32eLQ3Ox8EBcptafkVO,Exchange Cashback,,EURX,2.85958596,EURX,2.85958596,$2.53,-,-,"approved / 0.5 % on top of your Exchange transaction",2025-08-20 00:00:00
NXTtdvWDFDTA7Xrc5UTIdDkd9YMrfF0r,Interest,,BTC,0.00034520,BTC,0.00034520,$27.23,-,-,"approved / BTC Interest Earned",2025-08-19 06:00:00
NXTagkKjBYqREX1vfi5jE9VoBNn,Interest,,ETH,0.00109642,ETH,0.00109642,$2.71,-,-,"approved / ETH Interest Earned",2025-08-19 06:00:00
NXTqYdCDD65oQyqGArXxtG7gGv0LOqqXp,Interest,,NEXO,1.49528611,NEXO,1.49528611,$1.56,-,-,"approved / NEXO Interest Earned",2025-08-19 06:00:00
NXTUTKmuQlHPZaggBnrlbf6OZ6NRh1iO3,Interest,,XRP,0.31287958,XRP,0.31287958,$0.43,-,-,"approved / XRP Interest Earned",2025-08-19 06:00:00
NXTRpC6N5rA4VukeWxud7qBE,Interest,,LINK,0.30473096,LINK,0.30473096,$7.43,-,-,"approved / LINK Interest Earned",2025-08-19 06:00:00
NXTOgHAMgBqceTWbEOacyjuya,Interest,,DOGE,4.67863834,DOGE,4.67863834,$1.39,-,-,"approved / DOGE Interest Earned",2025-08-19 06:00:00
NXTB0WWHa7YDJ5wQyN7fH7eCVOkcxl,Interest,,SOL,0.03567268,SOL,0.03567268,$7.31,-,-,"approved / SOL Interest Earned",2025-08-19 06:00:00
NXTQE2Blcb9oyXNE7Y7bvuSznOG61HToe,Interest,,ADA,1.42217633,ADA,1.42217633,$1.57,-,-,"approved / ADA Interest Earned",2025-08-19 06:00:00
NXTp49qY41EVEEjFAs5GesJQBqkco3mw,Exchange Cashback,,USDC,4.82809362,USDC,4.82809362,$6.97,-,-,"approved / 0.5 % on top of your Exchange transaction",2025-08-19 00:00:00
NXTtuVg8G9mcy1htc02u3gVUbVNnmrH,Interest,,BTC,0.00046258,BTC,0.00046258,$39.61,-,-,"approved / BTC Interest Earned",2025-08-18 06:00:00
NXTjqaMFmvtiRrpeMvBiDPgdAlK,Interest,,ETH,0.00397754,ETH,0.00397754,$13.57,-,-,"approved / ETH Interest Earned",2025-08-18 06:00:00
NXTMtYSPH8UCiY5DCQSCon1M4yRPW2,Interest,,NEXO,1.22623683,NEXO,1.22623683,$1.70,-,-,"approved / NEXO Interest Earned",2025-08-18 06:00:00
NXTgD0rvJFzSgIesCKopjDemRA8JvR,Interest,,XRP,0.25397738,XRP,0.25397738,$0.12,-,-,"approved / XRP Interest Earned",2025-08-18 06:00:00
NXTZhKugBtzLQKYuNdniKUYUOCsMBm2s,Interest,,LINK,0.12788846,LINK,0.12788846,$2.39,-,-,"approved / LINK Interest Earned",2025-08-18 06:00:00
NXTS49KLF00d38aI8grbAKMSzAnki,Interest,,DOGE,4.07455997,DOGE,4.07455997,$1.32,-,-,"approved / DOGE Interest Earned",2025-08-18 06:00:00
NXT0j9PieaSEB9fNzCWLAlFIBwlL,Interest,,SOL,0.02821566,SOL,0.02821566,$6.28,-,-,"approved / SOL Interest Earned",2025-08-18 06:00:00
NXTSq5JccDwJ7eTG1UrGGLpNPP,Interest,,ADA,1.19808315,ADA,1.19808315,$1.26,-,-,"approved / ADA Interest Earned",2025-08-18 06:00:00
NXTVrks4Q4COfFlK3HyubC332fu,Interest,,BTC,0.00010303,BTC,0.00010303,$7.77,-,-,"approved / BTC Interest Earned",2025-08-17 06:00:00
NXTShhBwGxXF6xxV4JOj1lSAt,Interest,,ETH,0.00341859,ETH,0.00341859,$11.99,-,-,"approved / ETH Interest Earned",2025-08-17 06:00:00
NXTl37aVaEEYLEnOCBLa2rMYmldvjcJLu,Interest,,NEXO,1.56039780,NEXO,1.56039780,$1.74,-,-,"approved / NEXO Interest Earned",2025-08-17 06:00:00
NXTkrORJI7UwcVu3YV0eDh1uz,Interest,,XRP,0.08946621,XRP,0.08946621,$0.06,-,-,"approved / XRP Interest Earned",2025-08-17 06:00:00
NXTgTM9DQ59rLtG9viIGNEl,Interest,,LINK,0.14443042,LINK,0.14443042,$1.44,-,-,"approved / LINK Interest Earned",2025-08-17 06:00:00
NXTabMh0X9zuINamrWtFuaQvSM,Interest,,DOGE,3.24232591,DOGE,3.24232591,$1.09,-,-,"approved / DOGE Interest Earned",2025-08-17 06:00:00
NXTZ5DDcijC13CY5dGJQIbJu4Xej,Interest,,SOL,0.00242675,SOL,0.00242675,$0.15,-,-,"approved / SOL Interest Earned",2025-08-17 06:00:00
NXTM0JyK1URtbzEoC6nsgWW4BbDFl,Interest,,ADA,1.69740439,ADA,1.69740439,$0.97,-,-,"approved / ADA Interest Earned",2025-08-17 06:00:00
NXTnryifJdyfFViiIEOmMTpe,Interest,,BTC,0.00037889,BTC,0.00037889,$30.36,-,-,"approved / BTC Interest Earned",2025-08-16 06:00:00
NXTfPAvtKbs9M9BjcYmxU0gd651YaRgB,Interest,,ETH,0.00399547,ETH,0.00399547,$10.29,-,-,"approved / ETH Interest Earned",2025-08-16 06:00:00
NXTnHUIM9RPx4GpdmRqC6eOP4wgs2x8,Interest,,NEXO,0.14322142,NEXO,0.14322142,$0.14,-,-,"approved / NEXO Interest Earned",2025-08-16 06:00:00
NXTELfm7ISc5sEUbQws98rdpy996,Interest,,XRP,0.27884315,XRP,0.27884315,$0.53,-,-,"approved / XRP Interest Earned",2025-08-16 06:00:00
NXT3Ofx7LMooj84uHmiHX1tRGi98,Interest,,LINK,0.47710239,LINK,0.47710239,$4.91,-,-,"approved / LINK Interest Earned",2025-08-16 06:00:00
NXTtI6ht2TV2zzB535qWglVLq,Interest,,DOGE,1.15318578,DOGE,1.15318578,$0.49,-,-,"approved / DOGE Interest Earned",2025-08-16 06:00:00
NXTobeWi0DOlyDkoz856nPmmk7,Interest,,SOL,0.02878511,SOL,0.02878511,$2.17,-,-,"approved / SOL Interest Earned",2025-08-16 06:00:00
NXT13AWLZSy6JHNRcgC22pH8cyV7,Interest,,ADA,0.93464189,ADA,0.93464189,$0.78,-,-,"approved / ADA Interest Earned",2025-08-16 06:00:00
NXTZhVpVBTcCVG8DQtuNc6GpNm31n,Interest,,BTC,0.00010417,BTC,0.00010417,$9.32,-,-,"approved / BTC Interest Earned",2025-08-15 06:00:00
NXTaXKyp8KQQjVpEQu8VdwjHgEtI,Interest,,ETH,0.00100818,ETH,0.00100818,$3.35,-,-,"approved / ETH Interest Earned",2025-08-15 06:00:00
NXTTbxSpcRIHEJHuD1L1jGBYHCWFT2,Interest,,NEXO,1.32482736,NEXO,1.32482736,$1.38,-,-,"approved / NEXO Interest Earned",2025-08-15 06:00:00
NXToSOHyGEIMuNgGeZi2mEgJZOGRpwLe,Interest,,XRP,0.32888057,XRP,0.32888057,$0.38,-,-,"approved / XRP Interest Earned",2025-08-15 06:00:00
NXT5ZDNwU3YXdMGTZenGgoxlOJ6IIU,Interest,,LINK,0.46859497,LINK,0.46859497,$4.67,-,-,"approved / LINK Interest Earned",2025-08-15 06:00:00
NXTCP2klyuj9Bvt9uxVATLInV5p7ByT8K,Interest,,DOGE,3.94827539,DOGE,3.94827539,$1.12,-,-,"approved / DOGE Interest Earned",2025-08-15 06:00:00
NXTa9ntV6Y4FJJfCjq3ppsJJneu,Interest,,SOL,0.02636286,SOL,0.02636286,$6.81,-,-,"approved / SOL Interest Earned",2025-08-15 06:00:00
NXTYfNcYxW5u2A5hVU05NNdGtJuRjP98,Interest,,ADA,1.01681303,ADA,1.01681303,$0.73,-,-,"approved / ADA Interest Earned",2025-08-15 06:00:00
NXTmgcLRdTyon1dFrYTtLPtsiO,Top up Crypto,,ADA,948.65545553,ADA,948.65545553,$664.06,-,-,"approved / 813918c78707cb6db9051fe1e06ccfa6f6de6aa8a5288b3004a88d354eb1c6ce",2025-08-15 00:00:00
NXT1E94rnJdXDHFyQk8RCQanKuLqIoDM,Interest,,BTC,0.00045008,BTC,0.00045008,$40.88,-,-,"approved / BTC Interest Earned",2025-08-14 06:00:00
NXTzUwyBJ8QYSXI1mXTDaAi3NH,Interest,,ETH,0.00214666,ETH,0.00214666,$6.43,-,-,"approved / ETH Interest Earned",2025-08-14 06:00:00
NXTIJyQdYDNBuwI5pbh17mJOkWw,Interest,,NEXO,0.69988177,NEXO,0.69988177,$0.80,-,-,"approved / NEXO Interest Earned",2025-08-14 06:00:00
NXT3xrNikYuNJ0ekotsqNqB1wK7zlb,Interest,,XRP,0.35293678,XRP,0.35293678,$0.50,-,-,"approved / XRP Interest Earned",2025-08-14 06:00:00
NXTnyf6DdVG9gMf5yoTBhGkc,Interest,,LINK,0.37749759,LINK,0.37749759,$7.01,-,-,"approved / LINK Interest Earned",2025-08-14 06:00:00
NXTC15Ii6HKCU2ANH4DoftzjaGVirH,Interest,,DOGE,2.10578559,DOGE,2.10578559,$0.88,-,-,"approved / DOGE Interest Earned",2025-08-14 06:00:00
NXTsVXLXHl2BpSOZneMGXMRqOGqlei,Interest,,SOL,0.03470073,SOL,0.03470073,$4.79,-,-,"approved / SOL Interest Earned",2025-08-14 06:00:00
NXTqMlbdHlgqSTojEvtX9CXu07dWeD,Interest,,ADA,0.30967707,ADA,0.30967707,$0.21,-,-,"approved / ADA Interest Earned",2025-08-14 06:00:00
NXTGz8N2TY6nLDDnziKVMFkQ5,Interest,,BTC,0.00008196,BTC,0.00008196,$5.39,-,-,"approved / BTC Interest Earned",2025-08-13 06:00:00
NXTxgm1FAjfDMcWFhDiLZ3WOGwcGo,Interest,,ETH,0.00318440,ETH,0.00318440,$6.26,-,-,"approved / ETH Interest Earned",2025-08-13 06:00:00
NXTvX4ZJApV4fLHpaUaGGxmXzgAKq,Interest,,NEXO,1.62437037,NEXO,1.62437037,$2.20,-,-,"approved / NEXO Interest Earned",2025-08-13 06:00:00
NXTrQUzWDwIptvRT1OUBRknyuIRRj7af,Interest,,XRP,0.29124720,XRP,0.29124720,$0.46,-,-,"approved / XRP Interest Earned",2025-08-13 06:00:00
NXTfqwLS5yOr7dVkEa05GmWFRMPwO,Interest,,LINK,0.11539780,LINK,0.11539780,$2.72,-,-,"approved / LINK Interest Earned",2025-08-13 06:00:00
NXTWvyKGTefrZ4v7rLm5Jqzges6,Interest,,DOGE,4.89040655,DOGE,4.89040655,$0.46,-,-,"approved / DOGE Interest Earned",2025-08-13 06:00:00
NXTYJR7IVU7CCKbheN9Pot7GaZpfPYe,Interest,,SOL,0.04034417,SOL,0.04034417,$10.07,-,-,"approved / SOL Interest Earned",2025-08-13 06:00:00
NXTnJlU5lTopqoZZwWhe7Ea170xt,Interest,,ADA,1.86965286,ADA,1.86965286,$1.31,-,-,"approved / ADA Interest Earned",2025-08-13 06:00:00
